#
# A fatal error has been detected by the Java Runtime Environment:
#
#  EXCEPTION_ACCESS_VIOLATION (0xc0000005) at pc=0x00007ff984c12db5, pid=17460, tid=26816
#
# JRE version: OpenJDK Runtime Environment Temurin-17.0.7+7 (17.0.7+7) (build 17.0.7+7)
# Java VM: OpenJDK 64-Bit Server VM Temurin-17.0.7+7 (17.0.7+7, mixed mode, sharing, tiered, compressed oops, compressed class ptrs, g1 gc, windows-amd64)
# Problematic frame:
# C  [librdi_filemgmt.dll+0x342db5]
#
# No core dump will be written. Minidumps are not enabled by default on client versions of Windows
#
# If you would like to submit a bug report, please visit:
#   https://github.com/adoptium/adoptium-support/issues
# The crash happened outside the Java Virtual Machine in native code.
# See problematic frame for where to report the bug.
#

---------------  S U M M A R Y ------------

Command Line: -Dsun.java2d.pmoffscreen=false -Dhttps.protocols=TLSv1,TLSv1.1,TLSv1.2 -Dsun.java2d.xrender=false -Dsun.java2d.d3d=false -Dsun.awt.nopixfmt=true -Dsun.java2d.dpiaware=true -Dsun.java2d.uiScale.enabled=false -Dswing.aatext=true -XX:-UsePerfData -Djdk.map.althashing.threshold=512 -XX:StringTableSize=4072 -XX:+UseStringDeduplication -XX:MaxGCPauseMillis=200 -XX:+ParallelRefProcEnabled --add-opens=java.desktop/javax.swing.plaf.synth=ALL-UNNAMED --add-opens=java.base/java.nio=ALL-UNNAMED --add-opens=java.desktop/sun.swing=ALL-UNNAMED --add-opens=java.desktop/javax.swing=ALL-UNNAMED --add-opens=java.desktop/javax.swing.tree=ALL-UNNAMED --add-opens=java.desktop/javax.swing.plaf.basic=ALL-UNNAMED --add-opens=java.desktop/javax.swing.plaf.synth=ALL-UNNAMED --add-opens=java.desktop/javax.swing.plaf.basic=ALL-UNNAMED --add-opens=java.desktop/javax.swing=ALL-UNNAMED --add-opens=java.desktop/javax.swing.tree=ALL-UNNAMED --add-opens=java.desktop/java.awt.event=ALL-UNNAMED --add-exports=java.desktop/javax.swing.plaf.synth=ALL-UNNAMED --add-exports=java.base/java.nio=ALL-UNNAMED --add-exports=java.desktop/sun.swing=ALL-UNNAMED --add-exports=java.desktop/javax.swing=ALL-UNNAMED --add-exports=java.desktop/javax.swing.tree=ALL-UNNAMED --add-exports=java.desktop/javax.swing.plaf.basic=ALL-UNNAMED --add-exports=java.desktop/sun.swing=ALL-UNNAMED --add-exports=java.desktop/sun.swing.table=ALL-UNNAMED --add-exports=java.desktop/sun.swing.plaf.synth=ALL-UNNAMED --add-exports=java.desktop/sun.awt.shell=ALL-UNNAMED --add-exports=java.base/sun.security.action=ALL-UNNAMED --add-exports=java.desktop/sun.font=ALL-UNNAMED -XX:NewSize=80m -XX:MaxNewSize=80m -Xms512m -Xmx4072m -Xss10m 

Host: AMD Ryzen 7 7735H with Radeon Graphics        , 16 cores, 15G,  Windows 11 , 64 bit Build 22621 (10.0.22621.2428)
Time: Fri Jul 31 19:20:47 2026  Windows 11 , 64 bit Build 22621 (10.0.22621.2428) elapsed time: 2608.364496 seconds (0d 0h 43m 28s)

---------------  T H R E A D  ---------------

Current thread (0x0000026197c90b00):  JavaThread "AWT-EventQueue-0" [_thread_in_native, id=26816, stack(0x0000009fc8d00000,0x0000009fc9700000)]

Stack: [0x0000009fc8d00000,0x0000009fc9700000],  sp=0x0000009fc96fea90,  free space=10234k
Native frames: (J=compiled Java code, j=interpreted, Vv=VM code, C=native code)
C  [librdi_filemgmt.dll+0x342db5]
C  [librdi_filemgmt.dll+0x341605]
C  [librdi_filemgmt.dll+0x35e57f]
C  0x00000261b048d621

Java frames: (J=compiled Java code, j=interpreted, Vv=VM code)
j  ui.data.srcscan.srcscani.EditorAssist_createFoldInfoIter(JLjava/lang/String;)J+0
j  ui.j.a.a.ZN(Ljava/lang/String;)J+14
j  ui.j.a.c.a(Ljava/net/URI;)V+91
j  ui.j.a.a.ZK(Ljava/lang/String;)V+8
j  ui.views.W.a.a.ayx(Ljava/lang/String;)V+27
j  ui.views.W.a.a.ldn()V+43
j  ui.views.W.a.h.aPQ()V+20
J 17288 c1 ui.frmwork.z.run()V (15 bytes) @ 0x00000261aa62adfc [0x00000261aa62a980+0x000000000000047c]
J 14847 c2 java.awt.EventQueue.dispatchEvent(Ljava/awt/AWTEvent;)V java.desktop@17.0.7 (80 bytes) @ 0x00000261b16efb44 [0x00000261b16ef560+0x00000000000005e4]
J 17663 c2 ui.frmwork.a.d.dispatchEvent(Ljava/awt/AWTEvent;)V (42 bytes) @ 0x00000261b19bc028 [0x00000261b19bbf40+0x00000000000000e8]
J 24766 c2 java.awt.EventDispatchThread.pumpOneEventForFilters(I)V java.desktop@17.0.7 (113 bytes) @ 0x00000261b214357c [0x00000261b2143080+0x00000000000004fc]
J 21928% c2 java.awt.EventDispatchThread.pumpEventsForFilter(ILjava/awt/Conditional;Ljava/awt/EventFilter;)V java.desktop@17.0.7 (47 bytes) @ 0x00000261b138f144 [0x00000261b138f040+0x0000000000000104]
j  java.awt.EventDispatchThread.pumpEventsForHierarchy(ILjava/awt/Conditional;Ljava/awt/Component;)V+11 java.desktop@17.0.7
j  java.awt.EventDispatchThread.pumpEvents(ILjava/awt/Conditional;)V+4 java.desktop@17.0.7
j  java.awt.EventDispatchThread.pumpEvents(Ljava/awt/Conditional;)V+3 java.desktop@17.0.7
j  java.awt.EventDispatchThread.run()V+9 java.desktop@17.0.7
v  ~StubRoutines::call_stub

siginfo: EXCEPTION_ACCESS_VIOLATION (0xc0000005), reading address 0xffffffffffffffff


Register to memory mapping:

RIP=0x00007ff984c12db5 librdi_filemgmt.dll
RAX=0x0 is NULL
RBX=0x00000262605f2818 points into unknown readable memory: 0x8001d200422cb884 | 84 b8 2c 42 00 d2 01 80
RCX=0x0000009fc96fead8 is pointing into the stack for thread: 0x0000026197c90b00
RDX=0x8001d200422cb884 is an unknown value
RSP=0x0000009fc96fea90 is pointing into the stack for thread: 0x0000026197c90b00
RBP=0x0000009fc96febe0 is pointing into the stack for thread: 0x0000026197c90b00
RSI=0x0 is NULL
RDI=0x00000261e209c040 points into unknown readable memory: 0x00007ff984dfc890 | 90 c8 df 84 f9 7f 00 00
R8 =0x0 is NULL
R9 =0x0000000000000001 is an unknown value
R10=0x0000000000000003 is an unknown value
R11=0x0000009fc96fc9c0 is pointing into the stack for thread: 0x0000026197c90b00
R12=0x0000009fc96fed78 is pointing into the stack for thread: 0x0000026197c90b00
R13=0x00000261d554a790 points into unknown readable memory: 0x00000261e8e3d750 | 50 d7 e3 e8 61 02 00 00
R14=0x0 is NULL
R15=0x00000261e3a1d7b0 points into unknown readable memory: 0x005c003f003f005c | 5c 00 3f 00 3f 00 5c 00


Registers:
RAX=0x0000000000000000, RBX=0x00000262605f2818, RCX=0x0000009fc96fead8, RDX=0x8001d200422cb884
RSP=0x0000009fc96fea90, RBP=0x0000009fc96febe0, RSI=0x0000000000000000, RDI=0x00000261e209c040
R8 =0x0000000000000000, R9 =0x0000000000000001, R10=0x0000000000000003, R11=0x0000009fc96fc9c0
R12=0x0000009fc96fed78, R13=0x00000261d554a790, R14=0x0000000000000000, R15=0x00000261e3a1d7b0
RIP=0x00007ff984c12db5, EFLAGS=0x0000000000010257

Top of Stack: (sp=0x0000009fc96fea90)
0x0000009fc96fea90:   0000000000000000 00000262605f2810
0x0000009fc96feaa0:   00000262605f2810 0000009fc96febe0
0x0000009fc96feab0:   fffffffffffffffe 000002623f1e9d00
0x0000009fc96feac0:   00000261e3a1d7b0 0000000000000000
0x0000009fc96fead0:   000000000000000f 000002623f1e9d00
0x0000009fc96feae0:   00000261e3a1d7b0 0000000000000000
0x0000009fc96feaf0:   000000000000000f 0000da97eb51cf53
0x0000009fc96feb00:   0000000000000085 00000261d554a790
0x0000009fc96feb10:   0000009fc96febe0 00007ff984c11605
0x0000009fc96feb20:   0000000000000087 00007ff984a1a624
0x0000009fc96feb30:   0000000000000085 00000261e209c040
0x0000009fc96feb40:   00000007687fda08 00007ff900000000
0x0000009fc96feb50:   00008e2fd4e958a4 00008e2fd4e959a4
0x0000009fc96feb60:   00000261e3a1d7b0 00000261d554a790
0x0000009fc96feb70:   0000009fc96fed78 0000000000000001
0x0000009fc96feb80:   0000026197c90da8 0000009fc96fed58 

Instructions: (pc=0x00007ff984c12db5)
0x00007ff984c12cb5:   c2 48 8b 4c 24 30 48 8b c1 48 81 fa 00 10 00 00
0x00007ff984c12cc5:   72 1c 48 83 c2 27 48 8b 49 f8 48 2b c1 48 83 c0
0x00007ff984c12cd5:   f8 48 83 f8 1f 76 07 ff 15 4e eb 19 00 cc e8 74
0x00007ff984c12ce5:   b3 08 00 66 0f 6f 05 d0 33 1a 00 f3 0f 7f 44 24
0x00007ff984c12cf5:   40 c6 44 24 30 00 48 8b cb e8 33 b2 08 00 85 c0
0x00007ff984c12d05:   74 08 8b c8 e8 2e b2 08 00 90 48 8b c6 48 8b 4c
0x00007ff984c12d15:   24 50 48 33 cc e8 81 b7 08 00 48 8b 9c 24 98 00
0x00007ff984c12d25:   00 00 48 83 c4 60 5f 5e 5d c3 cc b8 02 00 00 00
0x00007ff984c12d35:   c3 cc cc cc cc cc cc cc cc cc cc 48 8b c4 56 57
0x00007ff984c12d45:   41 56 48 83 ec 70 48 c7 40 98 fe ff ff ff 48 89
0x00007ff984c12d55:   58 18 48 89 68 20 48 8b 05 2e bf 3f 00 48 33 c4
0x00007ff984c12d65:   48 89 44 24 68 48 8b ea 48 8b f9 48 8b 01 ff 50
0x00007ff984c12d75:   08 8b f0 85 c0 0f 85 1b 01 00 00 48 8b 5f 08 48
0x00007ff984c12d85:   83 c3 08 48 3b 5f 10 0f 84 09 01 00 00 45 33 f6
0x00007ff984c12d95:   48 8b 13 4c 89 74 24 38 48 c7 44 24 40 0f 00 00
0x00007ff984c12da5:   00 c6 44 24 28 00 49 c7 c0 ff ff ff ff 49 ff c0
0x00007ff984c12db5:   42 80 3c 02 00 75 f6 48 8d 4c 24 28 e8 ea 24 ce
0x00007ff984c12dc5:   ff 90 48 8d 54 24 28 48 8d 4c 24 48 ff 15 89 f6
0x00007ff984c12dd5:   19 00 90 48 8b d5 48 8d 4c 24 48 ff 15 ba f3 19
0x00007ff984c12de5:   00 84 c0 75 55 48 8d 4c 24 48 ff 15 93 f5 19 00
0x00007ff984c12df5:   90 48 8b 54 24 40 48 83 fa 10 72 2e 48 ff c2 48
0x00007ff984c12e05:   8b 4c 24 28 48 8b c1 48 81 fa 00 10 00 00 72 15
0x00007ff984c12e15:   48 83 c2 27 48 8b 49 f8 48 2b c1 48 83 c0 f8 48
0x00007ff984c12e25:   83 f8 1f 77 65 e8 2d b2 08 00 48 83 c3 08 48 3b
0x00007ff984c12e35:   5f 10 0f 85 58 ff ff ff eb 5c 48 8b 07 48 8d 54
0x00007ff984c12e45:   24 28 48 8b cf ff 50 08 8b f0 48 8d 4c 24 48 ff
0x00007ff984c12e55:   15 2e f5 19 00 90 48 8b 54 24 40 48 83 fa 10 72
0x00007ff984c12e65:   35 48 ff c2 48 8b 4c 24 28 48 8b c1 48 81 fa 00
0x00007ff984c12e75:   10 00 00 72 1c 48 83 c2 27 48 8b 49 f8 48 2b c1
0x00007ff984c12e85:   48 83 c0 f8 48 83 f8 1f 76 07 ff 15 9b e9 19 00
0x00007ff984c12e95:   cc e8 c1 b1 08 00 8b c6 48 8b 4c 24 68 48 33 cc
0x00007ff984c12ea5:   e8 f6 b5 08 00 4c 8d 5c 24 70 49 8b 5b 30 49 8b 


Stack slot to memory mapping:
stack at sp + 0 slots: 0x0 is NULL
stack at sp + 1 slots: 0x00000262605f2810 points into unknown readable memory: 0x0000026235de0380 | 80 03 de 35 62 02 00 00
stack at sp + 2 slots: 0x00000262605f2810 points into unknown readable memory: 0x0000026235de0380 | 80 03 de 35 62 02 00 00
stack at sp + 3 slots: 0x0000009fc96febe0 is pointing into the stack for thread: 0x0000026197c90b00
stack at sp + 4 slots: 0xfffffffffffffffe is an unknown value
stack at sp + 5 slots: 0x000002623f1e9d00 points into unknown readable memory: 0x0000000000740073 | 73 00 74 00 00 00 00 00
stack at sp + 6 slots: 0x00000261e3a1d7b0 points into unknown readable memory: 0x005c003f003f005c | 5c 00 3f 00 3f 00 5c 00
stack at sp + 7 slots: 0x0 is NULL


---------------  P R O C E S S  ---------------

Threads class SMR info:
_java_thread_list=0x0000026260df4960, length=85, elements={
0x00000261a0ca8bb0, 0x00000261a0f91d00, 0x00000261a0f96640, 0x00000261a0fb7f00,
0x00000261a0fbaff0, 0x00000261a0fc0c10, 0x00000261a0fc3ca0, 0x00000261a0fc6b00,
0x00000261a0fc9280, 0x00000261a0fc9790, 0x0000026197c93b20, 0x0000026197c93650,
0x0000026197c914a0, 0x0000026197c90fd0, 0x0000026197c927e0, 0x0000026197c91970,
0x0000026197c90b00, 0x0000026197c93180, 0x0000026197c92cb0, 0x00000261cbe623b0,
0x00000261cbe60ba0, 0x00000261d2159e40, 0x00000261d215a7e0, 0x00000261d00c9990,
0x00000261d0752210, 0x00000261d5549fc0, 0x00000261e5379e70, 0x00000261e5375170,
0x00000261e537c4f0, 0x00000261e537f040, 0x00000261e5360560, 0x00000261e53678e0,
0x00000261e5360090, 0x00000261e53665a0, 0x00000261e5366f40, 0x00000261e53618a0,
0x00000261e5360f00, 0x00000261e5363580, 0x00000261e5361d70, 0x00000261e5362240,
0x00000261e5368280, 0x00000261e5367410, 0x00000261e5367db0, 0x00000261e536add0,
0x00000261e536c5e0, 0x00000261e536d450, 0x00000261e536d920, 0x00000261e536e2c0,
0x00000261e53613d0, 0x00000261e536ffa0, 0x00000261e53717b0, 0x00000261e5371c80,
0x00000261e5372150, 0x00000261e5372620, 0x00000261e5372fc0, 0x00000261e5378190,
0x00000261e537d830, 0x00000261cfe700f0, 0x00000261eae261a0, 0x00000261eae24990,
0x00000261eae28820, 0x00000261eae25330, 0x00000261eae28cf0, 0x00000261eae23ff0,
0x00000261d0751870, 0x00000261eae25800, 0x00000261eae291c0, 0x00000261eae25cd0,
0x00000261eae2b840, 0x00000261eae2a030, 0x00000261eae2bd10, 0x00000261eae26670,
0x00000261eae2aea0, 0x00000261eae2a500, 0x00000261e5374300, 0x00000261e536a430,
0x00000261d57ab750, 0x00000261d57a5420, 0x00000261ed2542f0, 0x00000261ed250930,
0x00000261ed2547c0, 0x00000261ed250460, 0x00000261ed253950, 0x00000261ed254c90,
0x0000026204e62240
}

Java Threads: ( => current thread )
  0x00000261a0ca8bb0 JavaThread "main" [_thread_blocked, id=25396, stack(0x0000009fbf100000,0x0000009fbf200000)]
  0x00000261a0f91d00 JavaThread "Reference Handler" daemon [_thread_blocked, id=21696, stack(0x0000009fbf900000,0x0000009fc0300000)]
  0x00000261a0f96640 JavaThread "Finalizer" daemon [_thread_blocked, id=25752, stack(0x0000009fc0300000,0x0000009fc0d00000)]
  0x00000261a0fb7f00 JavaThread "Signal Dispatcher" daemon [_thread_blocked, id=11580, stack(0x0000009fc0d00000,0x0000009fc1700000)]
  0x00000261a0fbaff0 JavaThread "Attach Listener" daemon [_thread_blocked, id=6916, stack(0x0000009fc1700000,0x0000009fc2100000)]
  0x00000261a0fc0c10 JavaThread "Service Thread" daemon [_thread_blocked, id=16160, stack(0x0000009fc2100000,0x0000009fc2b00000)]
  0x00000261a0fc3ca0 JavaThread "Monitor Deflation Thread" daemon [_thread_blocked, id=18164, stack(0x0000009fc2b00000,0x0000009fc3500000)]
  0x00000261a0fc6b00 JavaThread "C2 CompilerThread0" daemon [_thread_blocked, id=26896, stack(0x0000009fc3500000,0x0000009fc3600000)]
  0x00000261a0fc9280 JavaThread "C1 CompilerThread0" daemon [_thread_blocked, id=8508, stack(0x0000009fc3600000,0x0000009fc3700000)]
  0x00000261a0fc9790 JavaThread "Sweeper thread" daemon [_thread_blocked, id=23140, stack(0x0000009fc3700000,0x0000009fc4100000)]
  0x0000026197c93b20 JavaThread "Common-Cleaner" daemon [_thread_blocked, id=27532, stack(0x0000009fc4500000,0x0000009fc4f00000)]
  0x0000026197c93650 JavaThread "Notification Thread" daemon [_thread_blocked, id=2428, stack(0x0000009fc4f00000,0x0000009fc5900000)]
  0x0000026197c914a0 JavaThread "Java2D Disposer" daemon [_thread_blocked, id=3372, stack(0x0000009fc5a00000,0x0000009fc6400000)]
  0x0000026197c90fd0 JavaThread "AWT-Shutdown" [_thread_blocked, id=1836, stack(0x0000009fc6400000,0x0000009fc6e00000)]
  0x0000026197c927e0 JavaThread "AWT-Windows" daemon [_thread_in_native, id=19520, stack(0x0000009fc6e00000,0x0000009fc7800000)]
  0x0000026197c91970 JavaThread "TimerQueue" daemon [_thread_blocked, id=17420, stack(0x0000009fc7800000,0x0000009fc8200000)]
=>0x0000026197c90b00 JavaThread "AWT-EventQueue-0" [_thread_in_native, id=26816, stack(0x0000009fc8d00000,0x0000009fc9700000)]
  0x0000026197c93180 JavaThread "Thread-1" [_thread_in_native, id=21048, stack(0x0000009fbd700000,0x0000009fbeb00000)]
  0x0000026197c92cb0 JavaThread "Process Messages Thread" [_thread_blocked, id=4732, stack(0x0000009fcb200000,0x0000009fcbc00000)]
  0x00000261cbe623b0 JavaThread "Batik CleanerThread" daemon [_thread_blocked, id=18928, stack(0x0000009fcbc00000,0x0000009fcc600000)]
  0x00000261cbe60ba0 JavaThread "SyntheticaCleanerThread" daemon [_thread_blocked, id=9348, stack(0x0000009fcd000000,0x0000009fcda00000)]
  0x00000261d2159e40 JavaThread "Timer-0" [_thread_blocked, id=6200, stack(0x0000009fce400000,0x0000009fcee00000)]
  0x00000261d215a7e0 JavaThread "Monitor File Timestamp Swing Worker Thread" [_thread_blocked, id=25836, stack(0x0000009fcee00000,0x0000009fcf800000)]
  0x00000261d00c9990 JavaThread "Monitor HEventQueue Thread" [_thread_blocked, id=10380, stack(0x0000009fcf800000,0x0000009fd0200000)]
  0x00000261d0752210 JavaThread "SyntheticaAnimation 50" daemon [_thread_blocked, id=25360, stack(0x0000009fd0200000,0x0000009fd0c00000)]
  0x00000261d5549fc0 JavaThread "SyntheticaAnimation 25" daemon [_thread_blocked, id=6932, stack(0x0000009fd0c00000,0x0000009fd1600000)]
  0x00000261e5379e70 JavaThread "SyntheticaAnimation 70" daemon [_thread_blocked, id=18216, stack(0x0000009fd1a00000,0x0000009fd2400000)]
  0x00000261e5375170 JavaThread "Refresh Filesets Swing Worker Thread" [_thread_blocked, id=25012, stack(0x0000009fc9700000,0x0000009fca100000)]
  0x00000261e537c4f0 JavaThread "hw_ila_monitor" [_thread_blocked, id=15688, stack(0x0000009fd2400000,0x0000009fd2e00000)]
  0x00000261e537f040 JavaThread "pool-2-thread-1" [_thread_blocked, id=16692, stack(0x0000009fd3800000,0x0000009fd4200000)]
  0x00000261e5360560 JavaThread "Timer-1" [_thread_blocked, id=4476, stack(0x0000009fd4200000,0x0000009fd4c00000)]
  0x00000261e53678e0 JavaThread "pool-3-thread-1" [_thread_blocked, id=11412, stack(0x0000009fd4c00000,0x0000009fd5600000)]
  0x00000261e5360090 JavaThread "Timer-2" [_thread_blocked, id=2348, stack(0x0000009fd5600000,0x0000009fd6000000)]
  0x00000261e53665a0 JavaThread "pool-4-thread-1" [_thread_blocked, id=14252, stack(0x0000009fd6000000,0x0000009fd6a00000)]
  0x00000261e5366f40 JavaThread "Timer-3" [_thread_blocked, id=2812, stack(0x0000009fd6a00000,0x0000009fd7400000)]
  0x00000261e53618a0 JavaThread "pool-5-thread-1" [_thread_blocked, id=25256, stack(0x0000009fd7400000,0x0000009fd7e00000)]
  0x00000261e5360f00 JavaThread "Timer-4" [_thread_blocked, id=9476, stack(0x0000009fd7e00000,0x0000009fd8800000)]
  0x00000261e5363580 JavaThread "pool-6-thread-1" [_thread_blocked, id=12888, stack(0x0000009fd8800000,0x0000009fd9200000)]
  0x00000261e5361d70 JavaThread "Timer-5" [_thread_blocked, id=8432, stack(0x0000009fd9200000,0x0000009fd9c00000)]
  0x00000261e5362240 JavaThread "pool-7-thread-1" [_thread_blocked, id=24440, stack(0x0000009fd9c00000,0x0000009fda600000)]
  0x00000261e5368280 JavaThread "Timer-6" [_thread_blocked, id=27128, stack(0x0000009fda600000,0x0000009fdb000000)]
  0x00000261e5367410 JavaThread "pool-8-thread-1" [_thread_blocked, id=2340, stack(0x0000009fdb000000,0x0000009fdba00000)]
  0x00000261e5367db0 JavaThread "Timer-7" [_thread_blocked, id=26052, stack(0x0000009fdba00000,0x0000009fdc400000)]
  0x00000261e536add0 JavaThread "pool-9-thread-1" [_thread_blocked, id=12720, stack(0x0000009fdc400000,0x0000009fdce00000)]
  0x00000261e536c5e0 JavaThread "Timer-8" [_thread_blocked, id=5872, stack(0x0000009fdce00000,0x0000009fdd800000)]
  0x00000261e536d450 JavaThread "pool-10-thread-1" [_thread_blocked, id=20144, stack(0x0000009fdd800000,0x0000009fde200000)]
  0x00000261e536d920 JavaThread "Timer-9" [_thread_blocked, id=14816, stack(0x0000009fde200000,0x0000009fdec00000)]
  0x00000261e536e2c0 JavaThread "Update Runs Swing Worker Thread" [_thread_blocked, id=14296, stack(0x0000009fdf600000,0x0000009fe0000000)]
  0x00000261e53613d0 JavaThread "SyntheticaAnimation 50" daemon [_thread_blocked, id=23340, stack(0x0000009fcda00000,0x0000009fce400000)]
  0x00000261e536ffa0 JavaThread "Swing-Shell" daemon [_thread_blocked, id=5216, stack(0x0000009fcc600000,0x0000009fcd000000)]
  0x00000261e53717b0 JavaThread "Timer-10" [_thread_blocked, id=22704, stack(0x0000009fd2e00000,0x0000009fd3800000)]
  0x00000261e5371c80 JavaThread "Monitor File Timestamp Swing Worker Thread" [_thread_blocked, id=26892, stack(0x0000009fe0000000,0x0000009fe0a00000)]
  0x00000261e5372150 JavaThread "Timer-11" [_thread_blocked, id=26380, stack(0x0000009fe0a00000,0x0000009fe1400000)]
  0x00000261e5372620 JavaThread "Monitor File Timestamp Swing Worker Thread" [_thread_blocked, id=21432, stack(0x0000009fe1400000,0x0000009fe1e00000)]
  0x00000261e5372fc0 JavaThread "Timer-12" [_thread_blocked, id=17936, stack(0x0000009fe1e00000,0x0000009fe2800000)]
  0x00000261e5378190 JavaThread "Monitor File Timestamp Swing Worker Thread" [_thread_blocked, id=26216, stack(0x0000009fe2800000,0x0000009fe3200000)]
  0x00000261e537d830 JavaThread "Timer-13" [_thread_blocked, id=6232, stack(0x0000009fe3200000,0x0000009fe3c00000)]
  0x00000261cfe700f0 JavaThread "Monitor File Timestamp Swing Worker Thread" [_thread_blocked, id=18368, stack(0x0000009fe3c00000,0x0000009fe4600000)]
  0x00000261eae261a0 JavaThread "Timer-14" [_thread_blocked, id=17472, stack(0x0000009fdec00000,0x0000009fdf600000)]
  0x00000261eae24990 JavaThread "Image Animator 3" daemon [_thread_blocked, id=20224, stack(0x0000009fe6e00000,0x0000009fe7800000)]
  0x00000261eae28820 JavaThread "Timer-16" [_thread_blocked, id=25768, stack(0x0000009fe4600000,0x0000009fe5000000)]
  0x00000261eae25330 JavaThread "Monitor File Timestamp Swing Worker Thread" [_thread_blocked, id=24796, stack(0x0000009fe5000000,0x0000009fe5a00000)]
  0x00000261eae28cf0 JavaThread "Timer-17" [_thread_blocked, id=16520, stack(0x0000009fe5a00000,0x0000009fe6400000)]
  0x00000261eae23ff0 JavaThread "Monitor File Timestamp Swing Worker Thread" [_thread_blocked, id=1688, stack(0x0000009fe6400000,0x0000009fe6e00000)]
  0x00000261d0751870 JavaThread "Timer-18" [_thread_blocked, id=8456, stack(0x0000009fe7800000,0x0000009fe8200000)]
  0x00000261eae25800 JavaThread "Monitor File Timestamp Swing Worker Thread" [_thread_blocked, id=4016, stack(0x0000009fe8200000,0x0000009fe8c00000)]
  0x00000261eae291c0 JavaThread "Timer-19" [_thread_blocked, id=12160, stack(0x0000009fe8c00000,0x0000009fe9600000)]
  0x00000261eae25cd0 JavaThread "Monitor File Timestamp Swing Worker Thread" [_thread_blocked, id=18188, stack(0x0000009fe9600000,0x0000009fea000000)]
  0x00000261eae2b840 JavaThread "Timer-20" [_thread_blocked, id=27344, stack(0x0000009fea000000,0x0000009feaa00000)]
  0x00000261eae2a030 JavaThread "Monitor File Timestamp Swing Worker Thread" [_thread_blocked, id=27320, stack(0x0000009feaa00000,0x0000009feb400000)]
  0x00000261eae2bd10 JavaThread "Timer-21" [_thread_blocked, id=23784, stack(0x0000009feb400000,0x0000009febe00000)]
  0x00000261eae26670 JavaThread "Monitor File Timestamp Swing Worker Thread" [_thread_blocked, id=3288, stack(0x0000009febe00000,0x0000009fec800000)]
  0x00000261eae2aea0 JavaThread "Timer-22" [_thread_blocked, id=18152, stack(0x0000009fed200000,0x0000009fedc00000)]
  0x00000261eae2a500 JavaThread "Monitor File Timestamp Swing Worker Thread" [_thread_blocked, id=8356, stack(0x0000009fedc00000,0x0000009fee600000)]
  0x00000261e5374300 JavaThread "Timer-23" [_thread_blocked, id=2692, stack(0x0000009fee600000,0x0000009fef000000)]
  0x00000261e536a430 JavaThread "Monitor File Timestamp Swing Worker Thread" [_thread_blocked, id=6792, stack(0x0000009fef000000,0x0000009fefa00000)]
  0x00000261d57ab750 JavaThread "Timer-24" [_thread_blocked, id=24536, stack(0x0000009ff0400000,0x0000009ff0e00000)]
  0x00000261d57a5420 JavaThread "Monitor File Timestamp Swing Worker Thread" [_thread_blocked, id=13592, stack(0x0000009ff0e00000,0x0000009ff1800000)]
  0x00000261ed2542f0 JavaThread "Timer-25" [_thread_blocked, id=14612, stack(0x0000009ff1800000,0x0000009ff2200000)]
  0x00000261ed250930 JavaThread "Monitor File Timestamp Swing Worker Thread" [_thread_blocked, id=4004, stack(0x0000009ff2200000,0x0000009ff2c00000)]
  0x00000261ed2547c0 JavaThread "Timer-26" [_thread_blocked, id=21136, stack(0x0000009fefa00000,0x0000009ff0400000)]
  0x00000261ed250460 JavaThread "Monitor File Timestamp Swing Worker Thread" [_thread_blocked, id=5948, stack(0x0000009ff2c00000,0x0000009ff3600000)]
  0x00000261ed253950 JavaThread "Timer-27" [_thread_blocked, id=5732, stack(0x0000009ff3600000,0x0000009ff4000000)]
  0x00000261ed254c90 JavaThread "Monitor File Timestamp Swing Worker Thread" [_thread_blocked, id=11744, stack(0x0000009ff4000000,0x0000009ff4a00000)]
  0x0000026204e62240 JavaThread "Code Inspector Thread" [_thread_in_native, id=11404, stack(0x0000009ff4a00000,0x0000009ff5400000)]

Other Threads:
  0x000002619fbe4800 VMThread "VM Thread" [stack: 0x0000009fbf800000,0x0000009fbf900000] [id=17336]
  0x00000261a12e4bb0 WatcherThread [stack: 0x0000009fc5900000,0x0000009fc5a00000] [id=17308]
  0x000002619f7beba0 GCTaskThread "GC Thread#0" [stack: 0x0000009fbf200000,0x0000009fbf300000] [id=15292]
  0x000002619f7c3ef0 GCTaskThread "GC Thread#1" [stack: 0x0000009fc4400000,0x0000009fc4500000] [id=23808]
  0x000002619f7bf100 GCTaskThread "GC Thread#2" [stack: 0x0000009fc8200000,0x0000009fc8300000] [id=13392]
  0x000002619f7bd0c0 GCTaskThread "GC Thread#3" [stack: 0x0000009fc8300000,0x0000009fc8400000] [id=3708]
  0x000002619f7be640 GCTaskThread "GC Thread#4" [stack: 0x0000009fc8400000,0x0000009fc8500000] [id=5108]
  0x000002619f7c1c00 GCTaskThread "GC Thread#5" [stack: 0x0000009fc8500000,0x0000009fc8600000] [id=2624]
  0x000002619f7bf3b0 GCTaskThread "GC Thread#6" [stack: 0x0000009fc8600000,0x0000009fc8700000] [id=23256]
  0x000002619f7bc600 GCTaskThread "GC Thread#7" [stack: 0x0000009fc8700000,0x0000009fc8800000] [id=16404]
  0x000002619f7bc0a0 GCTaskThread "GC Thread#8" [stack: 0x0000009fc8800000,0x0000009fc8900000] [id=3976]
  0x000002619f7c0be0 GCTaskThread "GC Thread#9" [stack: 0x0000009fc8900000,0x0000009fc8a00000] [id=23280]
  0x000002619f7c0e90 GCTaskThread "GC Thread#10" [stack: 0x0000009fc8a00000,0x0000009fc8b00000] [id=4976]
  0x000002619f7c61e0 GCTaskThread "GC Thread#11" [stack: 0x0000009fc8b00000,0x0000009fc8c00000] [id=15496]
  0x000002619f7c41a0 GCTaskThread "GC Thread#12" [stack: 0x0000009fc8c00000,0x0000009fc8d00000] [id=26064]
  0x00000261a0cba780 ConcurrentGCThread "G1 Main Marker" [stack: 0x0000009fbf300000,0x0000009fbf400000] [id=14104]
  0x000002619f7c0930 ConcurrentGCThread "G1 Conc#0" [stack: 0x0000009fbf400000,0x0000009fbf500000] [id=19772]
  0x000002619f7c4c60 ConcurrentGCThread "G1 Conc#1" [stack: 0x0000009fca700000,0x0000009fca800000] [id=11600]
  0x000002619f7c4f10 ConcurrentGCThread "G1 Conc#2" [stack: 0x0000009fca800000,0x0000009fca900000] [id=27380]
  0x00000261a0eb8020 ConcurrentGCThread "G1 Refine#0" [stack: 0x0000009fbf500000,0x0000009fbf600000] [id=26940]
  0x00000261d3426160 ConcurrentGCThread "G1 Refine#1" [stack: 0x0000009fcaa00000,0x0000009fcab00000] [id=13444]
  0x00000261a0eb86f0 ConcurrentGCThread "G1 Service" [stack: 0x0000009fbf600000,0x0000009fbf700000] [id=12008]
  0x000002619f7bd620 ConcurrentGCThread "StringDedupProcessor" [stack: 0x0000009fbf700000,0x0000009fbf800000] [id=904]

Threads with active compile tasks:

VM state: not at safepoint (normal execution)

VM Mutex/Monitor currently owned by a thread: None

Heap address: 0x0000000701800000, size: 4072 MB, Compressed Oops mode: Zero based, Oop shift amount: 3

CDS archive(s) mapped at: [0x0000000800000000-0x0000000800bc0000-0x0000000800bc0000), size 12320768, SharedBaseAddress: 0x0000000800000000, ArchiveRelocationMode: 0.
Compressed class space mapped at: 0x0000000801000000-0x0000000841000000, reserved size: 1073741824
Narrow klass base: 0x0000000800000000, Narrow klass shift: 0, Narrow klass range: 0x100000000

GC Precious Log:
 CPUs: 16 total, 16 available
 Memory: 15608M
 Large Page Support: Disabled
 NUMA Support: Disabled
 Compressed Oops: Enabled (Zero based)
 Heap Region Size: 2M
 Heap Min Capacity: 512M
 Heap Initial Capacity: 512M
 Heap Max Capacity: 4072M
 Pre-touch: Disabled
 Parallel Workers: 13
 Concurrent Workers: 3
 Concurrent Refinement Workers: 13
 Periodic GC: Disabled
 String Deduplication is enabled

Heap:
 garbage-first heap   total 1687552K, used 266379K [0x0000000701800000, 0x0000000800000000)
  region size 2048K, 3 young (6144K), 1 survivors (2048K)
 Metaspace       used 104776K, committed 105536K, reserved 1179648K
  class space    used 14991K, committed 15360K, reserved 1048576K

Heap Regions: E=young(eden), S=young(survivor), O=old, HS=humongous(starts), HC=humongous(continues), CS=collection set, F=free, OA=open archive, CA=closed archive, TAMS=top-at-mark-start (previous, next)
|   0|0x0000000701800000, 0x0000000701a00000, 0x0000000701a00000|100%|HS|  |TAMS 0x0000000701a00000, 0x0000000701800000| Untracked 
|   1|0x0000000701a00000, 0x0000000701bf6240, 0x0000000701c00000| 98%| O|  |TAMS 0x0000000701bf6240, 0x0000000701a00000| Untracked 
|   2|0x0000000701c00000, 0x0000000701e00000, 0x0000000701e00000|100%| O|  |TAMS 0x0000000701e00000, 0x0000000701c00000| Untracked 
|   3|0x0000000701e00000, 0x0000000702000000, 0x0000000702000000|100%| O|  |TAMS 0x0000000702000000, 0x0000000701e00000| Untracked 
|   4|0x0000000702000000, 0x0000000702200000, 0x0000000702200000|100%| O|  |TAMS 0x0000000702200000, 0x0000000702000000| Untracked 
|   5|0x0000000702200000, 0x00000007023fffd8, 0x0000000702400000| 99%| O|  |TAMS 0x00000007023fffd8, 0x0000000702200000| Untracked 
|   6|0x0000000702400000, 0x0000000702600000, 0x0000000702600000|100%| O|  |TAMS 0x0000000702600000, 0x0000000702400000| Untracked 
|   7|0x0000000702600000, 0x0000000702800000, 0x0000000702800000|100%| O|  |TAMS 0x0000000702800000, 0x0000000702600000| Untracked 
|   8|0x0000000702800000, 0x00000007029fd000, 0x0000000702a00000| 99%| O|  |TAMS 0x00000007029fd000, 0x0000000702800000| Untracked 
|   9|0x0000000702a00000, 0x0000000702bffff8, 0x0000000702c00000| 99%| O|  |TAMS 0x0000000702bffff8, 0x0000000702a00000| Untracked 
|  10|0x0000000702c00000, 0x0000000702dffff8, 0x0000000702e00000| 99%| O|  |TAMS 0x0000000702dffff8, 0x0000000702c00000| Untracked 
|  11|0x0000000702e00000, 0x0000000702fffff8, 0x0000000703000000| 99%| O|  |TAMS 0x0000000702fffff8, 0x0000000702e00000| Untracked 
|  12|0x0000000703000000, 0x0000000703200000, 0x0000000703200000|100%| O|  |TAMS 0x0000000703200000, 0x0000000703000000| Untracked 
|  13|0x0000000703200000, 0x00000007033ffe30, 0x0000000703400000| 99%| O|  |TAMS 0x00000007033ffe30, 0x0000000703200000| Untracked 
|  14|0x0000000703400000, 0x0000000703600000, 0x0000000703600000|100%| O|  |TAMS 0x0000000703600000, 0x0000000703400000| Untracked 
|  15|0x0000000703600000, 0x00000007037ffff8, 0x0000000703800000| 99%| O|  |TAMS 0x00000007037ffff8, 0x0000000703600000| Untracked 
|  16|0x0000000703800000, 0x00000007039ffff0, 0x0000000703a00000| 99%| O|  |TAMS 0x00000007039ffff0, 0x0000000703800000| Untracked 
|  17|0x0000000703a00000, 0x0000000703bfffa8, 0x0000000703c00000| 99%| O|  |TAMS 0x0000000703bfffa8, 0x0000000703a00000| Untracked 
|  18|0x0000000703c00000, 0x0000000703e00000, 0x0000000703e00000|100%|HS|  |TAMS 0x0000000703e00000, 0x0000000703c00000| Untracked 
|  19|0x0000000703e00000, 0x0000000704000000, 0x0000000704000000|100%|HC|  |TAMS 0x0000000704000000, 0x0000000703e00000| Untracked 
|  20|0x0000000704000000, 0x0000000704200000, 0x0000000704200000|100%|HC|  |TAMS 0x0000000704200000, 0x0000000704000000| Untracked 
|  21|0x0000000704200000, 0x0000000704400000, 0x0000000704400000|100%|HC|  |TAMS 0x0000000704400000, 0x0000000704200000| Untracked 
|  22|0x0000000704400000, 0x0000000704600000, 0x0000000704600000|100%|HC|  |TAMS 0x0000000704600000, 0x0000000704400000| Untracked 
|  23|0x0000000704600000, 0x0000000704800000, 0x0000000704800000|100%|HC|  |TAMS 0x0000000704800000, 0x0000000704600000| Untracked 
|  24|0x0000000704800000, 0x00000007049ff2a0, 0x0000000704a00000| 99%| O|  |TAMS 0x00000007049ff2a0, 0x0000000704800000| Untracked 
|  25|0x0000000704a00000, 0x0000000704c00000, 0x0000000704c00000|100%| O|  |TAMS 0x0000000704c00000, 0x0000000704a00000| Untracked 
|  26|0x0000000704c00000, 0x0000000704e00000, 0x0000000704e00000|100%| O|  |TAMS 0x0000000704e00000, 0x0000000704c00000| Untracked 
|  27|0x0000000704e00000, 0x0000000704fff758, 0x0000000705000000| 99%| O|  |TAMS 0x0000000704fff758, 0x0000000704e00000| Untracked 
|  28|0x0000000705000000, 0x0000000705200000, 0x0000000705200000|100%|HS|  |TAMS 0x0000000705200000, 0x0000000705000000| Untracked 
|  29|0x0000000705200000, 0x0000000705400000, 0x0000000705400000|100%|HC|  |TAMS 0x0000000705400000, 0x0000000705200000| Untracked 
|  30|0x0000000705400000, 0x0000000705600000, 0x0000000705600000|100%|HC|  |TAMS 0x0000000705600000, 0x0000000705400000| Untracked 
|  31|0x0000000705600000, 0x0000000705800000, 0x0000000705800000|100%|HC|  |TAMS 0x0000000705800000, 0x0000000705600000| Untracked 
|  32|0x0000000705800000, 0x00000007059fffe0, 0x0000000705a00000| 99%| O|  |TAMS 0x00000007059fffe0, 0x0000000705800000| Untracked 
|  33|0x0000000705a00000, 0x0000000705bffff0, 0x0000000705c00000| 99%| O|  |TAMS 0x0000000705bffff0, 0x0000000705a00000| Untracked 
|  34|0x0000000705c00000, 0x0000000705dfffe0, 0x0000000705e00000| 99%| O|  |TAMS 0x0000000705dfffe0, 0x0000000705c00000| Untracked 
|  35|0x0000000705e00000, 0x0000000705fffff8, 0x0000000706000000| 99%| O|  |TAMS 0x0000000705fffff8, 0x0000000705e00000| Untracked 
|  36|0x0000000706000000, 0x00000007061ffff8, 0x0000000706200000| 99%| O|  |TAMS 0x00000007061ffff8, 0x0000000706000000| Untracked 
|  37|0x0000000706200000, 0x00000007063ffff8, 0x0000000706400000| 99%| O|  |TAMS 0x00000007063ffff8, 0x0000000706200000| Untracked 
|  38|0x0000000706400000, 0x00000007065fffd8, 0x0000000706600000| 99%| O|  |TAMS 0x00000007065fffd8, 0x0000000706400000| Untracked 
|  39|0x0000000706600000, 0x00000007067ffff8, 0x0000000706800000| 99%| O|  |TAMS 0x00000007067ffff8, 0x0000000706600000| Untracked 
|  40|0x0000000706800000, 0x00000007069ffff8, 0x0000000706a00000| 99%| O|  |TAMS 0x00000007069ffff8, 0x0000000706800000| Untracked 
|  41|0x0000000706a00000, 0x0000000706bfffd0, 0x0000000706c00000| 99%| O|  |TAMS 0x0000000706bfffd0, 0x0000000706a00000| Untracked 
|  42|0x0000000706c00000, 0x0000000706e00000, 0x0000000706e00000|100%| O|  |TAMS 0x0000000706e00000, 0x0000000706c00000| Untracked 
|  43|0x0000000706e00000, 0x0000000706ffffe8, 0x0000000707000000| 99%| O|  |TAMS 0x0000000706ffffe8, 0x0000000706e00000| Untracked 
|  44|0x0000000707000000, 0x00000007071ff368, 0x0000000707200000| 99%| O|  |TAMS 0x00000007071ff368, 0x0000000707000000| Untracked 
|  45|0x0000000707200000, 0x00000007073ffff8, 0x0000000707400000| 99%| O|  |TAMS 0x00000007073ffff8, 0x0000000707200000| Untracked 
|  46|0x0000000707400000, 0x00000007075ffff8, 0x0000000707600000| 99%| O|  |TAMS 0x00000007075ffff8, 0x0000000707400000| Untracked 
|  47|0x0000000707600000, 0x0000000707800000, 0x0000000707800000|100%| O|  |TAMS 0x0000000707800000, 0x0000000707600000| Untracked 
|  48|0x0000000707800000, 0x0000000707a00000, 0x0000000707a00000|100%| O|  |TAMS 0x0000000707a00000, 0x0000000707800000| Untracked 
|  49|0x0000000707a00000, 0x0000000707c00000, 0x0000000707c00000|100%| O|  |TAMS 0x0000000707c00000, 0x0000000707a00000| Untracked 
|  50|0x0000000707c00000, 0x0000000707e00000, 0x0000000707e00000|100%| O|  |TAMS 0x0000000707e00000, 0x0000000707c00000| Untracked 
|  51|0x0000000707e00000, 0x0000000708000000, 0x0000000708000000|100%| O|  |TAMS 0x0000000708000000, 0x0000000707e00000| Untracked 
|  52|0x0000000708000000, 0x0000000708200000, 0x0000000708200000|100%| O|  |TAMS 0x0000000708200000, 0x0000000708000000| Untracked 
|  53|0x0000000708200000, 0x0000000708400000, 0x0000000708400000|100%| O|  |TAMS 0x0000000708400000, 0x0000000708200000| Untracked 
|  54|0x0000000708400000, 0x00000007085fff88, 0x0000000708600000| 99%| O|  |TAMS 0x00000007085fff88, 0x0000000708400000| Untracked 
|  55|0x0000000708600000, 0x0000000708800000, 0x0000000708800000|100%| O|  |TAMS 0x0000000708800000, 0x0000000708600000| Untracked 
|  56|0x0000000708800000, 0x0000000708a00000, 0x0000000708a00000|100%| O|  |TAMS 0x0000000708a00000, 0x0000000708800000| Untracked 
|  57|0x0000000708a00000, 0x0000000708c00000, 0x0000000708c00000|100%| O|  |TAMS 0x0000000708c00000, 0x0000000708a00000| Untracked 
|  58|0x0000000708c00000, 0x0000000708dffff0, 0x0000000708e00000| 99%| O|  |TAMS 0x0000000708c00000, 0x0000000708c00000| Untracked 
|  59|0x0000000708e00000, 0x0000000709000000, 0x0000000709000000|100%| O|  |TAMS 0x0000000709000000, 0x0000000708e00000| Untracked 
|  60|0x0000000709000000, 0x0000000709200000, 0x0000000709200000|100%| O|  |TAMS 0x0000000709200000, 0x0000000709000000| Untracked 
|  61|0x0000000709200000, 0x0000000709400000, 0x0000000709400000|100%| O|  |TAMS 0x0000000709400000, 0x0000000709200000| Untracked 
|  62|0x0000000709400000, 0x0000000709600000, 0x0000000709600000|100%|HS|  |TAMS 0x0000000709600000, 0x0000000709400000| Untracked 
|  63|0x0000000709600000, 0x0000000709800000, 0x0000000709800000|100%|HC|  |TAMS 0x0000000709800000, 0x0000000709600000| Untracked 
|  64|0x0000000709800000, 0x00000007099ffea8, 0x0000000709a00000| 99%| O|  |TAMS 0x00000007099ffea8, 0x0000000709800000| Untracked 
|  65|0x0000000709a00000, 0x0000000709bfffb8, 0x0000000709c00000| 99%| O|  |TAMS 0x0000000709bfffb8, 0x0000000709a00000| Untracked 
|  66|0x0000000709c00000, 0x0000000709e00000, 0x0000000709e00000|100%| O|  |TAMS 0x0000000709e00000, 0x0000000709c00000| Untracked 
|  67|0x0000000709e00000, 0x0000000709fffff8, 0x000000070a000000| 99%| O|  |TAMS 0x0000000709fffff8, 0x0000000709e00000| Untracked 
|  68|0x000000070a000000, 0x000000070a1ffff0, 0x000000070a200000| 99%| O|  |TAMS 0x000000070a1ffff0, 0x000000070a000000| Untracked 
|  69|0x000000070a200000, 0x000000070a3ffff8, 0x000000070a400000| 99%| O|  |TAMS 0x000000070a200000, 0x000000070a200000| Untracked 
|  70|0x000000070a400000, 0x000000070a600000, 0x000000070a600000|100%| O|  |TAMS 0x000000070a600000, 0x000000070a400000| Untracked 
|  71|0x000000070a600000, 0x000000070a7ffff0, 0x000000070a800000| 99%| O|  |TAMS 0x000000070a7ffff0, 0x000000070a600000| Untracked 
|  72|0x000000070a800000, 0x000000070a9fffe8, 0x000000070aa00000| 99%| O|  |TAMS 0x000000070a800000, 0x000000070a800000| Untracked 
|  73|0x000000070aa00000, 0x000000070abfffd8, 0x000000070ac00000| 99%| O|  |TAMS 0x000000070abfffd8, 0x000000070aa00000| Untracked 
|  74|0x000000070ac00000, 0x000000070adfff40, 0x000000070ae00000| 99%| O|  |TAMS 0x000000070adfff40, 0x000000070ac00000| Untracked 
|  75|0x000000070ae00000, 0x000000070afffff0, 0x000000070b000000| 99%| O|  |TAMS 0x000000070ae00000, 0x000000070ae00000| Untracked 
|  76|0x000000070b000000, 0x000000070b1ffff0, 0x000000070b200000| 99%| O|  |TAMS 0x000000070b1ffff0, 0x000000070b000000| Untracked 
|  77|0x000000070b200000, 0x000000070b400000, 0x000000070b400000|100%| O|  |TAMS 0x000000070b400000, 0x000000070b200000| Untracked 
|  78|0x000000070b400000, 0x000000070b5ffff0, 0x000000070b600000| 99%| O|  |TAMS 0x000000070b5ffff0, 0x000000070b400000| Untracked 
|  79|0x000000070b600000, 0x000000070b800000, 0x000000070b800000|100%| O|  |TAMS 0x000000070b800000, 0x000000070b600000| Untracked 
|  80|0x000000070b800000, 0x000000070ba00000, 0x000000070ba00000|100%| O|  |TAMS 0x000000070ba00000, 0x000000070b800000| Untracked 
|  81|0x000000070ba00000, 0x000000070bbffff0, 0x000000070bc00000| 99%| O|  |TAMS 0x000000070ba00000, 0x000000070ba00000| Untracked 
|  82|0x000000070bc00000, 0x000000070bdfffe8, 0x000000070be00000| 99%| O|  |TAMS 0x000000070bc00000, 0x000000070bc00000| Untracked 
|  83|0x000000070be00000, 0x000000070c000000, 0x000000070c000000|100%| O|  |TAMS 0x000000070be00000, 0x000000070be00000| Untracked 
|  84|0x000000070c000000, 0x000000070c1ffff0, 0x000000070c200000| 99%| O|  |TAMS 0x000000070c1ffff0, 0x000000070c000000| Untracked 
|  85|0x000000070c200000, 0x000000070c3ffff8, 0x000000070c400000| 99%| O|  |TAMS 0x000000070c200000, 0x000000070c200000| Untracked 
|  86|0x000000070c400000, 0x000000070c5ffff8, 0x000000070c600000| 99%| O|  |TAMS 0x000000070c400000, 0x000000070c400000| Untracked 
|  87|0x000000070c600000, 0x000000070c800000, 0x000000070c800000|100%| O|  |TAMS 0x000000070c600000, 0x000000070c600000| Untracked 
|  88|0x000000070c800000, 0x000000070c9ffff8, 0x000000070ca00000| 99%| O|  |TAMS 0x000000070c800000, 0x000000070c800000| Untracked 
|  89|0x000000070ca00000, 0x000000070cbfffe8, 0x000000070cc00000| 99%| O|  |TAMS 0x000000070ca00000, 0x000000070ca00000| Untracked 
|  90|0x000000070cc00000, 0x000000070cd358c0, 0x000000070ce00000| 60%| O|  |TAMS 0x000000070cc00000, 0x000000070cc00000| Untracked 
|  91|0x000000070ce00000, 0x000000070cf939c0, 0x000000070d000000| 78%| O|  |TAMS 0x000000070ce00000, 0x000000070ce00000| Untracked 
|  92|0x000000070d000000, 0x000000070d200000, 0x000000070d200000|100%| O|  |TAMS 0x000000070d000000, 0x000000070d000000| Untracked 
|  93|0x000000070d200000, 0x000000070d400000, 0x000000070d400000|100%| O|  |TAMS 0x000000070d200000, 0x000000070d200000| Untracked 
|  94|0x000000070d400000, 0x000000070d600000, 0x000000070d600000|100%| O|  |TAMS 0x000000070d400000, 0x000000070d400000| Untracked 
|  95|0x000000070d600000, 0x000000070d800000, 0x000000070d800000|100%| O|  |TAMS 0x000000070d600000, 0x000000070d600000| Untracked 
|  96|0x000000070d800000, 0x000000070d9ffff8, 0x000000070da00000| 99%| O|  |TAMS 0x000000070d800000, 0x000000070d800000| Untracked 
|  97|0x000000070da00000, 0x000000070dbaa668, 0x000000070dc00000| 83%| O|  |TAMS 0x000000070da00000, 0x000000070da00000| Untracked 
|  98|0x000000070dc00000, 0x000000070ddfffe8, 0x000000070de00000| 99%| O|  |TAMS 0x000000070dc00000, 0x000000070dc00000| Untracked 
|  99|0x000000070de00000, 0x000000070df36668, 0x000000070e000000| 60%| O|  |TAMS 0x000000070de00000, 0x000000070de00000| Untracked 
| 100|0x000000070e000000, 0x000000070e200000, 0x000000070e200000|100%| O|  |TAMS 0x000000070e000000, 0x000000070e000000| Untracked 
| 101|0x000000070e200000, 0x000000070e3ffff8, 0x000000070e400000| 99%| O|  |TAMS 0x000000070e200000, 0x000000070e200000| Untracked 
| 102|0x000000070e400000, 0x000000070e5ffff0, 0x000000070e600000| 99%| O|  |TAMS 0x000000070e400000, 0x000000070e400000| Untracked 
| 103|0x000000070e600000, 0x000000070e6512a8, 0x000000070e800000| 15%| O|  |TAMS 0x000000070e600000, 0x000000070e600000| Untracked 
| 104|0x000000070e800000, 0x000000070ea00000, 0x000000070ea00000|100%| O|  |TAMS 0x000000070e800000, 0x000000070e800000| Untracked 
| 105|0x000000070ea00000, 0x000000070ebffff0, 0x000000070ec00000| 99%| O|  |TAMS 0x000000070ea00000, 0x000000070ea00000| Untracked 
| 106|0x000000070ec00000, 0x000000070ee00000, 0x000000070ee00000|100%| O|  |TAMS 0x000000070ec00000, 0x000000070ec00000| Untracked 
| 107|0x000000070ee00000, 0x000000070f000000, 0x000000070f000000|100%| O|  |TAMS 0x000000070ee00000, 0x000000070ee00000| Untracked 
| 108|0x000000070f000000, 0x000000070f1ffff8, 0x000000070f200000| 99%| O|  |TAMS 0x000000070f000000, 0x000000070f000000| Untracked 
| 109|0x000000070f200000, 0x000000070f3626b0, 0x000000070f400000| 69%| O|  |TAMS 0x000000070f200000, 0x000000070f200000| Untracked 
| 110|0x000000070f400000, 0x000000070f600000, 0x000000070f600000|100%| O|  |TAMS 0x000000070f400000, 0x000000070f400000| Untracked 
| 111|0x000000070f600000, 0x000000070f800000, 0x000000070f800000|100%| O|  |TAMS 0x000000070f600000, 0x000000070f600000| Untracked 
| 112|0x000000070f800000, 0x000000070f9ffff8, 0x000000070fa00000| 99%| O|  |TAMS 0x000000070f800000, 0x000000070f800000| Untracked 
| 113|0x000000070fa00000, 0x000000070fbc9a48, 0x000000070fc00000| 89%| O|  |TAMS 0x000000070fa00000, 0x000000070fa00000| Untracked 
| 114|0x000000070fc00000, 0x000000070fe00000, 0x000000070fe00000|100%| O|  |TAMS 0x000000070fc00000, 0x000000070fc00000| Untracked 
| 115|0x000000070fe00000, 0x0000000710000000, 0x0000000710000000|100%| O|  |TAMS 0x000000070fe00000, 0x000000070fe00000| Untracked 
| 116|0x0000000710000000, 0x0000000710200000, 0x0000000710200000|100%| O|  |TAMS 0x0000000710000000, 0x0000000710000000| Untracked 
| 117|0x0000000710200000, 0x0000000710400000, 0x0000000710400000|100%| O|  |TAMS 0x0000000710200000, 0x0000000710200000| Untracked 
| 118|0x0000000710400000, 0x00000007105fffe0, 0x0000000710600000| 99%| O|  |TAMS 0x0000000710400000, 0x0000000710400000| Untracked 
| 119|0x0000000710600000, 0x00000007106193c0, 0x0000000710800000|  4%| O|  |TAMS 0x0000000710600000, 0x0000000710600000| Untracked 
| 120|0x0000000710800000, 0x00000007108d1510, 0x0000000710a00000| 40%| O|  |TAMS 0x0000000710800000, 0x0000000710800000| Untracked 
| 121|0x0000000710a00000, 0x0000000710c00000, 0x0000000710c00000|100%| O|  |TAMS 0x0000000710a00000, 0x0000000710a00000| Untracked 
| 122|0x0000000710c00000, 0x0000000710e00000, 0x0000000710e00000|100%| O|  |TAMS 0x0000000710c00000, 0x0000000710c00000| Untracked 
| 123|0x0000000710e00000, 0x0000000711000000, 0x0000000711000000|100%| O|  |TAMS 0x0000000710e00000, 0x0000000710e00000| Untracked 
| 124|0x0000000711000000, 0x0000000711200000, 0x0000000711200000|100%| O|  |TAMS 0x0000000711000000, 0x0000000711000000| Untracked 
| 125|0x0000000711200000, 0x0000000711400000, 0x0000000711400000|100%| O|  |TAMS 0x0000000711200000, 0x0000000711200000| Untracked 
| 126|0x0000000711400000, 0x0000000711600000, 0x0000000711600000|100%| O|  |TAMS 0x0000000711400000, 0x0000000711400000| Untracked 
| 127|0x0000000711600000, 0x0000000711800000, 0x0000000711800000|100%| O|  |TAMS 0x0000000711600000, 0x0000000711600000| Untracked 
| 128|0x0000000711800000, 0x0000000711a00000, 0x0000000711a00000|100%| O|  |TAMS 0x0000000711800000, 0x0000000711800000| Untracked 
| 129|0x0000000711a00000, 0x0000000711bfe278, 0x0000000711c00000| 99%| O|  |TAMS 0x0000000711a00000, 0x0000000711a00000| Untracked 
| 130|0x0000000711c00000, 0x0000000711e00000, 0x0000000711e00000|100%| O|  |TAMS 0x0000000711c00000, 0x0000000711c00000| Untracked 
| 131|0x0000000711e00000, 0x0000000711e2a800, 0x0000000712000000|  8%| O|  |TAMS 0x0000000711e00000, 0x0000000711e00000| Untracked 
| 132|0x0000000712000000, 0x0000000712000000, 0x0000000712200000|  0%| F|  |TAMS 0x0000000712000000, 0x0000000712000000| Untracked 
| 133|0x0000000712200000, 0x0000000712200000, 0x0000000712400000|  0%| F|  |TAMS 0x0000000712200000, 0x0000000712200000| Untracked 
| 134|0x0000000712400000, 0x0000000712400000, 0x0000000712600000|  0%| F|  |TAMS 0x0000000712400000, 0x0000000712400000| Untracked 
| 135|0x0000000712600000, 0x000000071267e0d8, 0x0000000712800000| 24%| O|  |TAMS 0x0000000712600000, 0x0000000712600000| Untracked 
| 136|0x0000000712800000, 0x0000000712800000, 0x0000000712a00000|  0%| F|  |TAMS 0x0000000712800000, 0x0000000712800000| Untracked 
| 137|0x0000000712a00000, 0x0000000712a00000, 0x0000000712c00000|  0%| F|  |TAMS 0x0000000712a00000, 0x0000000712a00000| Untracked 
| 138|0x0000000712c00000, 0x0000000712c00000, 0x0000000712e00000|  0%| F|  |TAMS 0x0000000712c00000, 0x0000000712c00000| Untracked 
| 139|0x0000000712e00000, 0x0000000712e00000, 0x0000000713000000|  0%| F|  |TAMS 0x0000000712e00000, 0x0000000712e00000| Untracked 
| 140|0x0000000713000000, 0x0000000713000000, 0x0000000713200000|  0%| F|  |TAMS 0x0000000713000000, 0x0000000713000000| Untracked 
| 141|0x0000000713200000, 0x0000000713200000, 0x0000000713400000|  0%| F|  |TAMS 0x0000000713200000, 0x0000000713200000| Untracked 
| 142|0x0000000713400000, 0x0000000713400000, 0x0000000713600000|  0%| F|  |TAMS 0x0000000713400000, 0x0000000713400000| Untracked 
| 143|0x0000000713600000, 0x0000000713600000, 0x0000000713800000|  0%| F|  |TAMS 0x0000000713600000, 0x0000000713600000| Untracked 
| 144|0x0000000713800000, 0x0000000713800000, 0x0000000713a00000|  0%| F|  |TAMS 0x0000000713800000, 0x0000000713800000| Untracked 
| 145|0x0000000713a00000, 0x0000000713a00000, 0x0000000713c00000|  0%| F|  |TAMS 0x0000000713a00000, 0x0000000713a00000| Untracked 
| 146|0x0000000713c00000, 0x0000000713c34220, 0x0000000713e00000| 10%| O|  |TAMS 0x0000000713c00000, 0x0000000713c00000| Untracked 
| 147|0x0000000713e00000, 0x0000000713e00000, 0x0000000714000000|  0%| F|  |TAMS 0x0000000713e00000, 0x0000000713e00000| Untracked 
| 148|0x0000000714000000, 0x0000000714000000, 0x0000000714200000|  0%| F|  |TAMS 0x0000000714000000, 0x0000000714000000| Untracked 
| 149|0x0000000714200000, 0x0000000714200000, 0x0000000714400000|  0%| F|  |TAMS 0x0000000714200000, 0x0000000714200000| Untracked 
| 150|0x0000000714400000, 0x0000000714400000, 0x0000000714600000|  0%| F|  |TAMS 0x0000000714400000, 0x0000000714400000| Untracked 
| 151|0x0000000714600000, 0x0000000714600000, 0x0000000714800000|  0%| F|  |TAMS 0x0000000714600000, 0x0000000714600000| Untracked 
| 152|0x0000000714800000, 0x0000000714800000, 0x0000000714a00000|  0%| F|  |TAMS 0x0000000714800000, 0x0000000714800000| Untracked 
| 153|0x0000000714a00000, 0x0000000714a00000, 0x0000000714c00000|  0%| F|  |TAMS 0x0000000714a00000, 0x0000000714a00000| Untracked 
| 154|0x0000000714c00000, 0x0000000714c00000, 0x0000000714e00000|  0%| F|  |TAMS 0x0000000714c00000, 0x0000000714c00000| Untracked 
| 155|0x0000000714e00000, 0x0000000714e00000, 0x0000000715000000|  0%| F|  |TAMS 0x0000000714e00000, 0x0000000714e00000| Untracked 
| 156|0x0000000715000000, 0x0000000715000000, 0x0000000715200000|  0%| F|  |TAMS 0x0000000715000000, 0x0000000715000000| Untracked 
| 157|0x0000000715200000, 0x0000000715200000, 0x0000000715400000|  0%| F|  |TAMS 0x0000000715200000, 0x0000000715200000| Untracked 
| 158|0x0000000715400000, 0x0000000715400000, 0x0000000715600000|  0%| F|  |TAMS 0x0000000715400000, 0x0000000715400000| Untracked 
| 159|0x0000000715600000, 0x0000000715600000, 0x0000000715800000|  0%| F|  |TAMS 0x0000000715600000, 0x0000000715600000| Untracked 
| 160|0x0000000715800000, 0x0000000715800000, 0x0000000715a00000|  0%| F|  |TAMS 0x0000000715800000, 0x0000000715800000| Untracked 
| 161|0x0000000715a00000, 0x0000000715b96400, 0x0000000715c00000| 79%| O|  |TAMS 0x0000000715a00000, 0x0000000715a00000| Untracked 
| 162|0x0000000715c00000, 0x0000000715c00000, 0x0000000715e00000|  0%| F|  |TAMS 0x0000000715c00000, 0x0000000715c00000| Untracked 
| 163|0x0000000715e00000, 0x0000000715e00000, 0x0000000716000000|  0%| F|  |TAMS 0x0000000715e00000, 0x0000000715e00000| Untracked 
| 164|0x0000000716000000, 0x0000000716000000, 0x0000000716200000|  0%| F|  |TAMS 0x0000000716000000, 0x0000000716000000| Untracked 
| 165|0x0000000716200000, 0x0000000716200000, 0x0000000716400000|  0%| F|  |TAMS 0x0000000716200000, 0x0000000716200000| Untracked 
| 166|0x0000000716400000, 0x0000000716400000, 0x0000000716600000|  0%| F|  |TAMS 0x0000000716400000, 0x0000000716400000| Untracked 
| 167|0x0000000716600000, 0x0000000716600000, 0x0000000716800000|  0%| F|  |TAMS 0x0000000716600000, 0x0000000716600000| Untracked 
| 168|0x0000000716800000, 0x0000000716800000, 0x0000000716a00000|  0%| F|  |TAMS 0x0000000716800000, 0x0000000716800000| Untracked 
| 169|0x0000000716a00000, 0x0000000716a00000, 0x0000000716c00000|  0%| F|  |TAMS 0x0000000716a00000, 0x0000000716a00000| Untracked 
| 170|0x0000000716c00000, 0x0000000716c00000, 0x0000000716e00000|  0%| F|  |TAMS 0x0000000716c00000, 0x0000000716c00000| Untracked 
| 171|0x0000000716e00000, 0x0000000716e00000, 0x0000000717000000|  0%| F|  |TAMS 0x0000000716e00000, 0x0000000716e00000| Untracked 
| 172|0x0000000717000000, 0x0000000717000000, 0x0000000717200000|  0%| F|  |TAMS 0x0000000717000000, 0x0000000717000000| Untracked 
| 173|0x0000000717200000, 0x0000000717200000, 0x0000000717400000|  0%| F|  |TAMS 0x0000000717200000, 0x0000000717200000| Untracked 
| 174|0x0000000717400000, 0x0000000717400000, 0x0000000717600000|  0%| F|  |TAMS 0x0000000717400000, 0x0000000717400000| Untracked 
| 175|0x0000000717600000, 0x0000000717600000, 0x0000000717800000|  0%| F|  |TAMS 0x0000000717600000, 0x0000000717600000| Untracked 
| 176|0x0000000717800000, 0x0000000717800000, 0x0000000717a00000|  0%| F|  |TAMS 0x0000000717800000, 0x0000000717800000| Untracked 
| 177|0x0000000717a00000, 0x0000000717a00000, 0x0000000717c00000|  0%| F|  |TAMS 0x0000000717a00000, 0x0000000717a00000| Untracked 
| 178|0x0000000717c00000, 0x0000000717c00000, 0x0000000717e00000|  0%| F|  |TAMS 0x0000000717c00000, 0x0000000717c00000| Untracked 
| 179|0x0000000717e00000, 0x0000000717e00000, 0x0000000718000000|  0%| F|  |TAMS 0x0000000717e00000, 0x0000000717e00000| Untracked 
| 180|0x0000000718000000, 0x0000000718000000, 0x0000000718200000|  0%| F|  |TAMS 0x0000000718000000, 0x0000000718000000| Untracked 
| 181|0x0000000718200000, 0x0000000718200000, 0x0000000718400000|  0%| F|  |TAMS 0x0000000718200000, 0x0000000718200000| Untracked 
| 182|0x0000000718400000, 0x0000000718400000, 0x0000000718600000|  0%| F|  |TAMS 0x0000000718400000, 0x0000000718400000| Untracked 
| 183|0x0000000718600000, 0x0000000718600000, 0x0000000718800000|  0%| F|  |TAMS 0x0000000718600000, 0x0000000718600000| Untracked 
| 184|0x0000000718800000, 0x0000000718800000, 0x0000000718a00000|  0%| F|  |TAMS 0x0000000718800000, 0x0000000718800000| Untracked 
| 185|0x0000000718a00000, 0x0000000718a00000, 0x0000000718c00000|  0%| F|  |TAMS 0x0000000718a00000, 0x0000000718a00000| Untracked 
| 186|0x0000000718c00000, 0x0000000718c00000, 0x0000000718e00000|  0%| F|  |TAMS 0x0000000718c00000, 0x0000000718c00000| Untracked 
| 187|0x0000000718e00000, 0x0000000718e00000, 0x0000000719000000|  0%| F|  |TAMS 0x0000000718e00000, 0x0000000718e00000| Untracked 
| 188|0x0000000719000000, 0x0000000719000000, 0x0000000719200000|  0%| F|  |TAMS 0x0000000719000000, 0x0000000719000000| Untracked 
| 189|0x0000000719200000, 0x0000000719200000, 0x0000000719400000|  0%| F|  |TAMS 0x0000000719200000, 0x0000000719200000| Untracked 
| 190|0x0000000719400000, 0x0000000719400000, 0x0000000719600000|  0%| F|  |TAMS 0x0000000719400000, 0x0000000719400000| Untracked 
| 191|0x0000000719600000, 0x0000000719600000, 0x0000000719800000|  0%| F|  |TAMS 0x0000000719600000, 0x0000000719600000| Untracked 
| 192|0x0000000719800000, 0x0000000719800000, 0x0000000719a00000|  0%| F|  |TAMS 0x0000000719800000, 0x0000000719800000| Untracked 
| 193|0x0000000719a00000, 0x0000000719a00000, 0x0000000719c00000|  0%| F|  |TAMS 0x0000000719a00000, 0x0000000719a00000| Untracked 
| 194|0x0000000719c00000, 0x0000000719c00000, 0x0000000719e00000|  0%| F|  |TAMS 0x0000000719c00000, 0x0000000719c00000| Untracked 
| 195|0x0000000719e00000, 0x0000000719e00000, 0x000000071a000000|  0%| F|  |TAMS 0x0000000719e00000, 0x0000000719e00000| Untracked 
| 196|0x000000071a000000, 0x000000071a000000, 0x000000071a200000|  0%| F|  |TAMS 0x000000071a000000, 0x000000071a000000| Untracked 
| 197|0x000000071a200000, 0x000000071a200000, 0x000000071a400000|  0%| F|  |TAMS 0x000000071a200000, 0x000000071a200000| Untracked 
| 198|0x000000071a400000, 0x000000071a400000, 0x000000071a600000|  0%| F|  |TAMS 0x000000071a400000, 0x000000071a400000| Untracked 
| 199|0x000000071a600000, 0x000000071a600000, 0x000000071a800000|  0%| F|  |TAMS 0x000000071a600000, 0x000000071a600000| Untracked 
| 200|0x000000071a800000, 0x000000071a800000, 0x000000071aa00000|  0%| F|  |TAMS 0x000000071a800000, 0x000000071a800000| Untracked 
| 201|0x000000071aa00000, 0x000000071aa00000, 0x000000071ac00000|  0%| F|  |TAMS 0x000000071aa00000, 0x000000071aa00000| Untracked 
| 202|0x000000071ac00000, 0x000000071ac00000, 0x000000071ae00000|  0%| F|  |TAMS 0x000000071ac00000, 0x000000071ac00000| Untracked 
| 203|0x000000071ae00000, 0x000000071ae00000, 0x000000071b000000|  0%| F|  |TAMS 0x000000071ae00000, 0x000000071ae00000| Untracked 
| 204|0x000000071b000000, 0x000000071b000000, 0x000000071b200000|  0%| F|  |TAMS 0x000000071b000000, 0x000000071b000000| Untracked 
| 205|0x000000071b200000, 0x000000071b200000, 0x000000071b400000|  0%| F|  |TAMS 0x000000071b200000, 0x000000071b200000| Untracked 
| 206|0x000000071b400000, 0x000000071b400000, 0x000000071b600000|  0%| F|  |TAMS 0x000000071b400000, 0x000000071b400000| Untracked 
| 207|0x000000071b600000, 0x000000071b600000, 0x000000071b800000|  0%| F|  |TAMS 0x000000071b600000, 0x000000071b600000| Untracked 
| 208|0x000000071b800000, 0x000000071b800000, 0x000000071ba00000|  0%| F|  |TAMS 0x000000071b800000, 0x000000071b800000| Untracked 
| 209|0x000000071ba00000, 0x000000071ba00000, 0x000000071bc00000|  0%| F|  |TAMS 0x000000071ba00000, 0x000000071ba00000| Untracked 
| 210|0x000000071bc00000, 0x000000071bc00000, 0x000000071be00000|  0%| F|  |TAMS 0x000000071bc00000, 0x000000071bc00000| Untracked 
| 211|0x000000071be00000, 0x000000071be00000, 0x000000071c000000|  0%| F|  |TAMS 0x000000071be00000, 0x000000071be00000| Untracked 
| 212|0x000000071c000000, 0x000000071c000000, 0x000000071c200000|  0%| F|  |TAMS 0x000000071c000000, 0x000000071c000000| Untracked 
| 213|0x000000071c200000, 0x000000071c200000, 0x000000071c400000|  0%| F|  |TAMS 0x000000071c200000, 0x000000071c200000| Untracked 
| 214|0x000000071c400000, 0x000000071c400000, 0x000000071c600000|  0%| F|  |TAMS 0x000000071c400000, 0x000000071c400000| Untracked 
| 215|0x000000071c600000, 0x000000071c600000, 0x000000071c800000|  0%| F|  |TAMS 0x000000071c600000, 0x000000071c600000| Untracked 
| 216|0x000000071c800000, 0x000000071c800000, 0x000000071ca00000|  0%| F|  |TAMS 0x000000071c800000, 0x000000071c800000| Untracked 
| 217|0x000000071ca00000, 0x000000071ca00000, 0x000000071cc00000|  0%| F|  |TAMS 0x000000071ca00000, 0x000000071ca00000| Untracked 
| 218|0x000000071cc00000, 0x000000071cc00000, 0x000000071ce00000|  0%| F|  |TAMS 0x000000071cc00000, 0x000000071cc00000| Untracked 
| 219|0x000000071ce00000, 0x000000071ce00000, 0x000000071d000000|  0%| F|  |TAMS 0x000000071ce00000, 0x000000071ce00000| Untracked 
| 220|0x000000071d000000, 0x000000071d000000, 0x000000071d200000|  0%| F|  |TAMS 0x000000071d000000, 0x000000071d000000| Untracked 
| 221|0x000000071d200000, 0x000000071d200000, 0x000000071d400000|  0%| F|  |TAMS 0x000000071d200000, 0x000000071d200000| Untracked 
| 222|0x000000071d400000, 0x000000071d400000, 0x000000071d600000|  0%| F|  |TAMS 0x000000071d400000, 0x000000071d400000| Untracked 
| 223|0x000000071d600000, 0x000000071d600000, 0x000000071d800000|  0%| F|  |TAMS 0x000000071d600000, 0x000000071d600000| Untracked 
| 224|0x000000071d800000, 0x000000071d800000, 0x000000071da00000|  0%| F|  |TAMS 0x000000071d800000, 0x000000071d800000| Untracked 
| 225|0x000000071da00000, 0x000000071da00000, 0x000000071dc00000|  0%| F|  |TAMS 0x000000071da00000, 0x000000071da00000| Untracked 
| 226|0x000000071dc00000, 0x000000071dc00000, 0x000000071de00000|  0%| F|  |TAMS 0x000000071dc00000, 0x000000071dc00000| Untracked 
| 227|0x000000071de00000, 0x000000071de00000, 0x000000071e000000|  0%| F|  |TAMS 0x000000071de00000, 0x000000071de00000| Untracked 
| 228|0x000000071e000000, 0x000000071e000000, 0x000000071e200000|  0%| F|  |TAMS 0x000000071e000000, 0x000000071e000000| Untracked 
| 229|0x000000071e200000, 0x000000071e200000, 0x000000071e400000|  0%| F|  |TAMS 0x000000071e200000, 0x000000071e200000| Untracked 
| 230|0x000000071e400000, 0x000000071e400000, 0x000000071e600000|  0%| F|  |TAMS 0x000000071e400000, 0x000000071e400000| Untracked 
| 231|0x000000071e600000, 0x000000071e600000, 0x000000071e800000|  0%| F|  |TAMS 0x000000071e600000, 0x000000071e600000| Untracked 
| 232|0x000000071e800000, 0x000000071e800000, 0x000000071ea00000|  0%| F|  |TAMS 0x000000071e800000, 0x000000071e800000| Untracked 
| 233|0x000000071ea00000, 0x000000071ea00000, 0x000000071ec00000|  0%| F|  |TAMS 0x000000071ea00000, 0x000000071ea00000| Untracked 
| 234|0x000000071ec00000, 0x000000071ec00000, 0x000000071ee00000|  0%| F|  |TAMS 0x000000071ec00000, 0x000000071ec00000| Untracked 
| 235|0x000000071ee00000, 0x000000071ee00000, 0x000000071f000000|  0%| F|  |TAMS 0x000000071ee00000, 0x000000071ee00000| Untracked 
| 236|0x000000071f000000, 0x000000071f000000, 0x000000071f200000|  0%| F|  |TAMS 0x000000071f000000, 0x000000071f000000| Untracked 
| 237|0x000000071f200000, 0x000000071f200000, 0x000000071f400000|  0%| F|  |TAMS 0x000000071f200000, 0x000000071f200000| Untracked 
| 238|0x000000071f400000, 0x000000071f400000, 0x000000071f600000|  0%| F|  |TAMS 0x000000071f400000, 0x000000071f400000| Untracked 
| 239|0x000000071f600000, 0x000000071f600000, 0x000000071f800000|  0%| F|  |TAMS 0x000000071f600000, 0x000000071f600000| Untracked 
| 240|0x000000071f800000, 0x000000071f800000, 0x000000071fa00000|  0%| F|  |TAMS 0x000000071f800000, 0x000000071f800000| Untracked 
| 241|0x000000071fa00000, 0x000000071fa00000, 0x000000071fc00000|  0%| F|  |TAMS 0x000000071fa00000, 0x000000071fa00000| Untracked 
| 242|0x000000071fc00000, 0x000000071fc00000, 0x000000071fe00000|  0%| F|  |TAMS 0x000000071fc00000, 0x000000071fc00000| Untracked 
| 243|0x000000071fe00000, 0x000000071fe00000, 0x0000000720000000|  0%| F|  |TAMS 0x000000071fe00000, 0x000000071fe00000| Untracked 
| 244|0x0000000720000000, 0x0000000720000000, 0x0000000720200000|  0%| F|  |TAMS 0x0000000720000000, 0x0000000720000000| Untracked 
| 245|0x0000000720200000, 0x0000000720200000, 0x0000000720400000|  0%| F|  |TAMS 0x0000000720200000, 0x0000000720200000| Untracked 
| 246|0x0000000720400000, 0x0000000720400000, 0x0000000720600000|  0%| F|  |TAMS 0x0000000720400000, 0x0000000720400000| Untracked 
| 247|0x0000000720600000, 0x0000000720600000, 0x0000000720800000|  0%| F|  |TAMS 0x0000000720600000, 0x0000000720600000| Untracked 
| 248|0x0000000720800000, 0x0000000720800000, 0x0000000720a00000|  0%| F|  |TAMS 0x0000000720800000, 0x0000000720800000| Untracked 
| 249|0x0000000720a00000, 0x0000000720a00000, 0x0000000720c00000|  0%| F|  |TAMS 0x0000000720a00000, 0x0000000720a00000| Untracked 
| 250|0x0000000720c00000, 0x0000000720c00000, 0x0000000720e00000|  0%| F|  |TAMS 0x0000000720c00000, 0x0000000720c00000| Untracked 
| 251|0x0000000720e00000, 0x0000000720e00000, 0x0000000721000000|  0%| F|  |TAMS 0x0000000720e00000, 0x0000000720e00000| Untracked 
| 252|0x0000000721000000, 0x0000000721000000, 0x0000000721200000|  0%| F|  |TAMS 0x0000000721000000, 0x0000000721000000| Untracked 
| 253|0x0000000721200000, 0x0000000721200000, 0x0000000721400000|  0%| F|  |TAMS 0x0000000721200000, 0x0000000721200000| Untracked 
| 254|0x0000000721400000, 0x0000000721400000, 0x0000000721600000|  0%| F|  |TAMS 0x0000000721400000, 0x0000000721400000| Untracked 
| 255|0x0000000721600000, 0x0000000721600000, 0x0000000721800000|  0%| F|  |TAMS 0x0000000721600000, 0x0000000721600000| Untracked 
| 256|0x0000000721800000, 0x0000000721800000, 0x0000000721a00000|  0%| F|  |TAMS 0x0000000721800000, 0x0000000721800000| Untracked 
| 257|0x0000000721a00000, 0x0000000721a00000, 0x0000000721c00000|  0%| F|  |TAMS 0x0000000721a00000, 0x0000000721a00000| Untracked 
| 258|0x0000000721c00000, 0x0000000721c00000, 0x0000000721e00000|  0%| F|  |TAMS 0x0000000721c00000, 0x0000000721c00000| Untracked 
| 259|0x0000000721e00000, 0x0000000721e00000, 0x0000000722000000|  0%| F|  |TAMS 0x0000000721e00000, 0x0000000721e00000| Untracked 
| 260|0x0000000722000000, 0x0000000722000000, 0x0000000722200000|  0%| F|  |TAMS 0x0000000722000000, 0x0000000722000000| Untracked 
| 261|0x0000000722200000, 0x0000000722200000, 0x0000000722400000|  0%| F|  |TAMS 0x0000000722200000, 0x0000000722200000| Untracked 
| 262|0x0000000722400000, 0x0000000722400000, 0x0000000722600000|  0%| F|  |TAMS 0x0000000722400000, 0x0000000722400000| Untracked 
| 263|0x0000000722600000, 0x0000000722600000, 0x0000000722800000|  0%| F|  |TAMS 0x0000000722600000, 0x0000000722600000| Untracked 
| 264|0x0000000722800000, 0x0000000722800000, 0x0000000722a00000|  0%| F|  |TAMS 0x0000000722800000, 0x0000000722800000| Untracked 
| 265|0x0000000722a00000, 0x0000000722a00000, 0x0000000722c00000|  0%| F|  |TAMS 0x0000000722a00000, 0x0000000722a00000| Untracked 
| 266|0x0000000722c00000, 0x0000000722c00000, 0x0000000722e00000|  0%| F|  |TAMS 0x0000000722c00000, 0x0000000722c00000| Untracked 
| 267|0x0000000722e00000, 0x0000000722e00000, 0x0000000723000000|  0%| F|  |TAMS 0x0000000722e00000, 0x0000000722e00000| Untracked 
| 268|0x0000000723000000, 0x0000000723000000, 0x0000000723200000|  0%| F|  |TAMS 0x0000000723000000, 0x0000000723000000| Untracked 
| 269|0x0000000723200000, 0x0000000723200000, 0x0000000723400000|  0%| F|  |TAMS 0x0000000723200000, 0x0000000723200000| Untracked 
| 270|0x0000000723400000, 0x0000000723400000, 0x0000000723600000|  0%| F|  |TAMS 0x0000000723400000, 0x0000000723400000| Untracked 
| 271|0x0000000723600000, 0x0000000723600000, 0x0000000723800000|  0%| F|  |TAMS 0x0000000723600000, 0x0000000723600000| Untracked 
| 272|0x0000000723800000, 0x0000000723800000, 0x0000000723a00000|  0%| F|  |TAMS 0x0000000723800000, 0x0000000723800000| Untracked 
| 273|0x0000000723a00000, 0x0000000723a00000, 0x0000000723c00000|  0%| F|  |TAMS 0x0000000723a00000, 0x0000000723a00000| Untracked 
| 274|0x0000000723c00000, 0x0000000723c00000, 0x0000000723e00000|  0%| F|  |TAMS 0x0000000723c00000, 0x0000000723c00000| Untracked 
| 275|0x0000000723e00000, 0x0000000723e00000, 0x0000000724000000|  0%| F|  |TAMS 0x0000000723e00000, 0x0000000723e00000| Untracked 
| 276|0x0000000724000000, 0x0000000724000000, 0x0000000724200000|  0%| F|  |TAMS 0x0000000724000000, 0x0000000724000000| Untracked 
| 277|0x0000000724200000, 0x0000000724200000, 0x0000000724400000|  0%| F|  |TAMS 0x0000000724200000, 0x0000000724200000| Untracked 
| 278|0x0000000724400000, 0x0000000724400000, 0x0000000724600000|  0%| F|  |TAMS 0x0000000724400000, 0x0000000724400000| Untracked 
| 279|0x0000000724600000, 0x0000000724600000, 0x0000000724800000|  0%| F|  |TAMS 0x0000000724600000, 0x0000000724600000| Untracked 
| 280|0x0000000724800000, 0x0000000724800000, 0x0000000724a00000|  0%| F|  |TAMS 0x0000000724800000, 0x0000000724800000| Untracked 
| 281|0x0000000724a00000, 0x0000000724a00000, 0x0000000724c00000|  0%| F|  |TAMS 0x0000000724a00000, 0x0000000724a00000| Untracked 
| 282|0x0000000724c00000, 0x0000000724c00000, 0x0000000724e00000|  0%| F|  |TAMS 0x0000000724c00000, 0x0000000724c00000| Untracked 
| 283|0x0000000724e00000, 0x0000000724e00000, 0x0000000725000000|  0%| F|  |TAMS 0x0000000724e00000, 0x0000000724e00000| Untracked 
| 284|0x0000000725000000, 0x0000000725000000, 0x0000000725200000|  0%| F|  |TAMS 0x0000000725000000, 0x0000000725000000| Untracked 
| 285|0x0000000725200000, 0x0000000725200000, 0x0000000725400000|  0%| F|  |TAMS 0x0000000725200000, 0x0000000725200000| Untracked 
| 286|0x0000000725400000, 0x0000000725400000, 0x0000000725600000|  0%| F|  |TAMS 0x0000000725400000, 0x0000000725400000| Untracked 
| 287|0x0000000725600000, 0x0000000725600000, 0x0000000725800000|  0%| F|  |TAMS 0x0000000725600000, 0x0000000725600000| Untracked 
| 288|0x0000000725800000, 0x0000000725800000, 0x0000000725a00000|  0%| F|  |TAMS 0x0000000725800000, 0x0000000725800000| Untracked 
| 289|0x0000000725a00000, 0x0000000725a00000, 0x0000000725c00000|  0%| F|  |TAMS 0x0000000725a00000, 0x0000000725a00000| Untracked 
| 290|0x0000000725c00000, 0x0000000725c00000, 0x0000000725e00000|  0%| F|  |TAMS 0x0000000725c00000, 0x0000000725c00000| Untracked 
| 291|0x0000000725e00000, 0x0000000725e00000, 0x0000000726000000|  0%| F|  |TAMS 0x0000000725e00000, 0x0000000725e00000| Untracked 
| 292|0x0000000726000000, 0x0000000726000000, 0x0000000726200000|  0%| F|  |TAMS 0x0000000726000000, 0x0000000726000000| Untracked 
| 293|0x0000000726200000, 0x0000000726200000, 0x0000000726400000|  0%| F|  |TAMS 0x0000000726200000, 0x0000000726200000| Untracked 
| 294|0x0000000726400000, 0x0000000726400000, 0x0000000726600000|  0%| F|  |TAMS 0x0000000726400000, 0x0000000726400000| Untracked 
| 295|0x0000000726600000, 0x0000000726600000, 0x0000000726800000|  0%| F|  |TAMS 0x0000000726600000, 0x0000000726600000| Untracked 
| 296|0x0000000726800000, 0x0000000726800000, 0x0000000726a00000|  0%| F|  |TAMS 0x0000000726800000, 0x0000000726800000| Untracked 
| 297|0x0000000726a00000, 0x0000000726a00000, 0x0000000726c00000|  0%| F|  |TAMS 0x0000000726a00000, 0x0000000726a00000| Untracked 
| 298|0x0000000726c00000, 0x0000000726c00000, 0x0000000726e00000|  0%| F|  |TAMS 0x0000000726c00000, 0x0000000726c00000| Untracked 
| 299|0x0000000726e00000, 0x0000000726e00000, 0x0000000727000000|  0%| F|  |TAMS 0x0000000726e00000, 0x0000000726e00000| Untracked 
| 300|0x0000000727000000, 0x0000000727000000, 0x0000000727200000|  0%| F|  |TAMS 0x0000000727000000, 0x0000000727000000| Untracked 
| 301|0x0000000727200000, 0x0000000727200000, 0x0000000727400000|  0%| F|  |TAMS 0x0000000727200000, 0x0000000727200000| Untracked 
| 302|0x0000000727400000, 0x0000000727400000, 0x0000000727600000|  0%| F|  |TAMS 0x0000000727400000, 0x0000000727400000| Untracked 
| 303|0x0000000727600000, 0x0000000727600000, 0x0000000727800000|  0%| F|  |TAMS 0x0000000727600000, 0x0000000727600000| Untracked 
| 304|0x0000000727800000, 0x0000000727800000, 0x0000000727a00000|  0%| F|  |TAMS 0x0000000727800000, 0x0000000727800000| Untracked 
| 305|0x0000000727a00000, 0x0000000727a00000, 0x0000000727c00000|  0%| F|  |TAMS 0x0000000727a00000, 0x0000000727a00000| Untracked 
| 306|0x0000000727c00000, 0x0000000727c00000, 0x0000000727e00000|  0%| F|  |TAMS 0x0000000727c00000, 0x0000000727c00000| Untracked 
| 307|0x0000000727e00000, 0x0000000727e00000, 0x0000000728000000|  0%| F|  |TAMS 0x0000000727e00000, 0x0000000727e00000| Untracked 
| 308|0x0000000728000000, 0x0000000728000000, 0x0000000728200000|  0%| F|  |TAMS 0x0000000728000000, 0x0000000728000000| Untracked 
| 309|0x0000000728200000, 0x0000000728200000, 0x0000000728400000|  0%| F|  |TAMS 0x0000000728200000, 0x0000000728200000| Untracked 
| 310|0x0000000728400000, 0x0000000728400000, 0x0000000728600000|  0%| F|  |TAMS 0x0000000728400000, 0x0000000728400000| Untracked 
| 311|0x0000000728600000, 0x0000000728600000, 0x0000000728800000|  0%| F|  |TAMS 0x0000000728600000, 0x0000000728600000| Untracked 
| 312|0x0000000728800000, 0x0000000728800000, 0x0000000728a00000|  0%| F|  |TAMS 0x0000000728800000, 0x0000000728800000| Untracked 
| 313|0x0000000728a00000, 0x0000000728a00000, 0x0000000728c00000|  0%| F|  |TAMS 0x0000000728a00000, 0x0000000728a00000| Untracked 
| 314|0x0000000728c00000, 0x0000000728c00000, 0x0000000728e00000|  0%| F|  |TAMS 0x0000000728c00000, 0x0000000728c00000| Untracked 
| 315|0x0000000728e00000, 0x0000000728e00000, 0x0000000729000000|  0%| F|  |TAMS 0x0000000728e00000, 0x0000000728e00000| Untracked 
| 316|0x0000000729000000, 0x0000000729000000, 0x0000000729200000|  0%| F|  |TAMS 0x0000000729000000, 0x0000000729000000| Untracked 
| 317|0x0000000729200000, 0x0000000729200000, 0x0000000729400000|  0%| F|  |TAMS 0x0000000729200000, 0x0000000729200000| Untracked 
| 318|0x0000000729400000, 0x0000000729400000, 0x0000000729600000|  0%| F|  |TAMS 0x0000000729400000, 0x0000000729400000| Untracked 
| 319|0x0000000729600000, 0x0000000729600000, 0x0000000729800000|  0%| F|  |TAMS 0x0000000729600000, 0x0000000729600000| Untracked 
| 320|0x0000000729800000, 0x0000000729800000, 0x0000000729a00000|  0%| F|  |TAMS 0x0000000729800000, 0x0000000729800000| Untracked 
| 321|0x0000000729a00000, 0x0000000729a00000, 0x0000000729c00000|  0%| F|  |TAMS 0x0000000729a00000, 0x0000000729a00000| Untracked 
| 322|0x0000000729c00000, 0x0000000729c00000, 0x0000000729e00000|  0%| F|  |TAMS 0x0000000729c00000, 0x0000000729c00000| Untracked 
| 323|0x0000000729e00000, 0x0000000729e00000, 0x000000072a000000|  0%| F|  |TAMS 0x0000000729e00000, 0x0000000729e00000| Untracked 
| 324|0x000000072a000000, 0x000000072a000000, 0x000000072a200000|  0%| F|  |TAMS 0x000000072a000000, 0x000000072a000000| Untracked 
| 325|0x000000072a200000, 0x000000072a200000, 0x000000072a400000|  0%| F|  |TAMS 0x000000072a200000, 0x000000072a200000| Untracked 
| 326|0x000000072a400000, 0x000000072a400000, 0x000000072a600000|  0%| F|  |TAMS 0x000000072a400000, 0x000000072a400000| Untracked 
| 327|0x000000072a600000, 0x000000072a600000, 0x000000072a800000|  0%| F|  |TAMS 0x000000072a600000, 0x000000072a600000| Untracked 
| 328|0x000000072a800000, 0x000000072a800000, 0x000000072aa00000|  0%| F|  |TAMS 0x000000072a800000, 0x000000072a800000| Untracked 
| 329|0x000000072aa00000, 0x000000072aa00000, 0x000000072ac00000|  0%| F|  |TAMS 0x000000072aa00000, 0x000000072aa00000| Untracked 
| 330|0x000000072ac00000, 0x000000072ac00000, 0x000000072ae00000|  0%| F|  |TAMS 0x000000072ac00000, 0x000000072ac00000| Untracked 
| 331|0x000000072ae00000, 0x000000072ae00000, 0x000000072b000000|  0%| F|  |TAMS 0x000000072ae00000, 0x000000072ae00000| Untracked 
| 332|0x000000072b000000, 0x000000072b000000, 0x000000072b200000|  0%| F|  |TAMS 0x000000072b000000, 0x000000072b000000| Untracked 
| 333|0x000000072b200000, 0x000000072b200000, 0x000000072b400000|  0%| F|  |TAMS 0x000000072b200000, 0x000000072b200000| Untracked 
| 334|0x000000072b400000, 0x000000072b400000, 0x000000072b600000|  0%| F|  |TAMS 0x000000072b400000, 0x000000072b400000| Untracked 
| 335|0x000000072b600000, 0x000000072b600000, 0x000000072b800000|  0%| F|  |TAMS 0x000000072b600000, 0x000000072b600000| Untracked 
| 336|0x000000072b800000, 0x000000072b800000, 0x000000072ba00000|  0%| F|  |TAMS 0x000000072b800000, 0x000000072b800000| Untracked 
| 337|0x000000072ba00000, 0x000000072ba00000, 0x000000072bc00000|  0%| F|  |TAMS 0x000000072ba00000, 0x000000072ba00000| Untracked 
| 338|0x000000072bc00000, 0x000000072bc00000, 0x000000072be00000|  0%| F|  |TAMS 0x000000072bc00000, 0x000000072bc00000| Untracked 
| 339|0x000000072be00000, 0x000000072be00000, 0x000000072c000000|  0%| F|  |TAMS 0x000000072be00000, 0x000000072be00000| Untracked 
| 340|0x000000072c000000, 0x000000072c000000, 0x000000072c200000|  0%| F|  |TAMS 0x000000072c000000, 0x000000072c000000| Untracked 
| 341|0x000000072c200000, 0x000000072c200000, 0x000000072c400000|  0%| F|  |TAMS 0x000000072c200000, 0x000000072c200000| Untracked 
| 342|0x000000072c400000, 0x000000072c400000, 0x000000072c600000|  0%| F|  |TAMS 0x000000072c400000, 0x000000072c400000| Untracked 
| 343|0x000000072c600000, 0x000000072c600000, 0x000000072c800000|  0%| F|  |TAMS 0x000000072c600000, 0x000000072c600000| Untracked 
| 344|0x000000072c800000, 0x000000072c800000, 0x000000072ca00000|  0%| F|  |TAMS 0x000000072c800000, 0x000000072c800000| Untracked 
| 345|0x000000072ca00000, 0x000000072ca00000, 0x000000072cc00000|  0%| F|  |TAMS 0x000000072ca00000, 0x000000072ca00000| Untracked 
| 346|0x000000072cc00000, 0x000000072cc00000, 0x000000072ce00000|  0%| F|  |TAMS 0x000000072cc00000, 0x000000072cc00000| Untracked 
| 347|0x000000072ce00000, 0x000000072ce00000, 0x000000072d000000|  0%| F|  |TAMS 0x000000072ce00000, 0x000000072ce00000| Untracked 
| 348|0x000000072d000000, 0x000000072d000000, 0x000000072d200000|  0%| F|  |TAMS 0x000000072d000000, 0x000000072d000000| Untracked 
| 349|0x000000072d200000, 0x000000072d200000, 0x000000072d400000|  0%| F|  |TAMS 0x000000072d200000, 0x000000072d200000| Untracked 
| 350|0x000000072d400000, 0x000000072d400000, 0x000000072d600000|  0%| F|  |TAMS 0x000000072d400000, 0x000000072d400000| Untracked 
| 351|0x000000072d600000, 0x000000072d600000, 0x000000072d800000|  0%| F|  |TAMS 0x000000072d600000, 0x000000072d600000| Untracked 
| 352|0x000000072d800000, 0x000000072d800000, 0x000000072da00000|  0%| F|  |TAMS 0x000000072d800000, 0x000000072d800000| Untracked 
| 353|0x000000072da00000, 0x000000072da00000, 0x000000072dc00000|  0%| F|  |TAMS 0x000000072da00000, 0x000000072da00000| Untracked 
| 354|0x000000072dc00000, 0x000000072dc00000, 0x000000072de00000|  0%| F|  |TAMS 0x000000072dc00000, 0x000000072dc00000| Untracked 
| 355|0x000000072de00000, 0x000000072de00000, 0x000000072e000000|  0%| F|  |TAMS 0x000000072de00000, 0x000000072de00000| Untracked 
| 356|0x000000072e000000, 0x000000072e000000, 0x000000072e200000|  0%| F|  |TAMS 0x000000072e000000, 0x000000072e000000| Untracked 
| 357|0x000000072e200000, 0x000000072e200000, 0x000000072e400000|  0%| F|  |TAMS 0x000000072e200000, 0x000000072e200000| Untracked 
| 358|0x000000072e400000, 0x000000072e400000, 0x000000072e600000|  0%| F|  |TAMS 0x000000072e400000, 0x000000072e400000| Untracked 
| 359|0x000000072e600000, 0x000000072e600000, 0x000000072e800000|  0%| F|  |TAMS 0x000000072e600000, 0x000000072e600000| Untracked 
| 360|0x000000072e800000, 0x000000072e800000, 0x000000072ea00000|  0%| F|  |TAMS 0x000000072e800000, 0x000000072e800000| Untracked 
| 361|0x000000072ea00000, 0x000000072ea00000, 0x000000072ec00000|  0%| F|  |TAMS 0x000000072ea00000, 0x000000072ea00000| Untracked 
| 362|0x000000072ec00000, 0x000000072ec00000, 0x000000072ee00000|  0%| F|  |TAMS 0x000000072ec00000, 0x000000072ec00000| Untracked 
| 363|0x000000072ee00000, 0x000000072ee00000, 0x000000072f000000|  0%| F|  |TAMS 0x000000072ee00000, 0x000000072ee00000| Untracked 
| 364|0x000000072f000000, 0x000000072f000000, 0x000000072f200000|  0%| F|  |TAMS 0x000000072f000000, 0x000000072f000000| Untracked 
| 365|0x000000072f200000, 0x000000072f200000, 0x000000072f400000|  0%| F|  |TAMS 0x000000072f200000, 0x000000072f200000| Untracked 
| 366|0x000000072f400000, 0x000000072f400000, 0x000000072f600000|  0%| F|  |TAMS 0x000000072f400000, 0x000000072f400000| Untracked 
| 367|0x000000072f600000, 0x000000072f600000, 0x000000072f800000|  0%| F|  |TAMS 0x000000072f600000, 0x000000072f600000| Untracked 
| 368|0x000000072f800000, 0x000000072f800000, 0x000000072fa00000|  0%| F|  |TAMS 0x000000072f800000, 0x000000072f800000| Untracked 
| 369|0x000000072fa00000, 0x000000072fa00000, 0x000000072fc00000|  0%| F|  |TAMS 0x000000072fa00000, 0x000000072fa00000| Untracked 
| 370|0x000000072fc00000, 0x000000072fc00000, 0x000000072fe00000|  0%| F|  |TAMS 0x000000072fc00000, 0x000000072fc00000| Untracked 
| 371|0x000000072fe00000, 0x000000072fe00000, 0x0000000730000000|  0%| F|  |TAMS 0x000000072fe00000, 0x000000072fe00000| Untracked 
| 372|0x0000000730000000, 0x0000000730000000, 0x0000000730200000|  0%| F|  |TAMS 0x0000000730000000, 0x0000000730000000| Untracked 
| 373|0x0000000730200000, 0x0000000730200000, 0x0000000730400000|  0%| F|  |TAMS 0x0000000730200000, 0x0000000730200000| Untracked 
| 374|0x0000000730400000, 0x0000000730400000, 0x0000000730600000|  0%| F|  |TAMS 0x0000000730400000, 0x0000000730400000| Untracked 
| 375|0x0000000730600000, 0x0000000730600000, 0x0000000730800000|  0%| F|  |TAMS 0x0000000730600000, 0x0000000730600000| Untracked 
| 376|0x0000000730800000, 0x0000000730800000, 0x0000000730a00000|  0%| F|  |TAMS 0x0000000730800000, 0x0000000730800000| Untracked 
| 377|0x0000000730a00000, 0x0000000730a00000, 0x0000000730c00000|  0%| F|  |TAMS 0x0000000730a00000, 0x0000000730a00000| Untracked 
| 378|0x0000000730c00000, 0x0000000730c00000, 0x0000000730e00000|  0%| F|  |TAMS 0x0000000730c00000, 0x0000000730c00000| Untracked 
| 379|0x0000000730e00000, 0x0000000730e00000, 0x0000000731000000|  0%| F|  |TAMS 0x0000000730e00000, 0x0000000730e00000| Untracked 
| 380|0x0000000731000000, 0x0000000731000000, 0x0000000731200000|  0%| F|  |TAMS 0x0000000731000000, 0x0000000731000000| Untracked 
| 381|0x0000000731200000, 0x0000000731200000, 0x0000000731400000|  0%| F|  |TAMS 0x0000000731200000, 0x0000000731200000| Untracked 
| 382|0x0000000731400000, 0x0000000731400000, 0x0000000731600000|  0%| F|  |TAMS 0x0000000731400000, 0x0000000731400000| Untracked 
| 383|0x0000000731600000, 0x0000000731600000, 0x0000000731800000|  0%| F|  |TAMS 0x0000000731600000, 0x0000000731600000| Untracked 
| 384|0x0000000731800000, 0x0000000731800000, 0x0000000731a00000|  0%| F|  |TAMS 0x0000000731800000, 0x0000000731800000| Untracked 
| 385|0x0000000731a00000, 0x0000000731a00000, 0x0000000731c00000|  0%| F|  |TAMS 0x0000000731a00000, 0x0000000731a00000| Untracked 
| 386|0x0000000731c00000, 0x0000000731c00000, 0x0000000731e00000|  0%| F|  |TAMS 0x0000000731c00000, 0x0000000731c00000| Untracked 
| 387|0x0000000731e00000, 0x0000000731e00000, 0x0000000732000000|  0%| F|  |TAMS 0x0000000731e00000, 0x0000000731e00000| Untracked 
| 388|0x0000000732000000, 0x0000000732000000, 0x0000000732200000|  0%| F|  |TAMS 0x0000000732000000, 0x0000000732000000| Untracked 
| 389|0x0000000732200000, 0x0000000732200000, 0x0000000732400000|  0%| F|  |TAMS 0x0000000732200000, 0x0000000732200000| Untracked 
| 390|0x0000000732400000, 0x0000000732400000, 0x0000000732600000|  0%| F|  |TAMS 0x0000000732400000, 0x0000000732400000| Untracked 
| 391|0x0000000732600000, 0x0000000732600000, 0x0000000732800000|  0%| F|  |TAMS 0x0000000732600000, 0x0000000732600000| Untracked 
| 392|0x0000000732800000, 0x0000000732800000, 0x0000000732a00000|  0%| F|  |TAMS 0x0000000732800000, 0x0000000732800000| Untracked 
| 393|0x0000000732a00000, 0x0000000732a00000, 0x0000000732c00000|  0%| F|  |TAMS 0x0000000732a00000, 0x0000000732a00000| Untracked 
| 394|0x0000000732c00000, 0x0000000732c00000, 0x0000000732e00000|  0%| F|  |TAMS 0x0000000732c00000, 0x0000000732c00000| Untracked 
| 395|0x0000000732e00000, 0x0000000732e00000, 0x0000000733000000|  0%| F|  |TAMS 0x0000000732e00000, 0x0000000732e00000| Untracked 
| 396|0x0000000733000000, 0x0000000733000000, 0x0000000733200000|  0%| F|  |TAMS 0x0000000733000000, 0x0000000733000000| Untracked 
| 397|0x0000000733200000, 0x0000000733200000, 0x0000000733400000|  0%| F|  |TAMS 0x0000000733200000, 0x0000000733200000| Untracked 
| 398|0x0000000733400000, 0x0000000733400000, 0x0000000733600000|  0%| F|  |TAMS 0x0000000733400000, 0x0000000733400000| Untracked 
| 399|0x0000000733600000, 0x0000000733600000, 0x0000000733800000|  0%| F|  |TAMS 0x0000000733600000, 0x0000000733600000| Untracked 
| 400|0x0000000733800000, 0x0000000733800000, 0x0000000733a00000|  0%| F|  |TAMS 0x0000000733800000, 0x0000000733800000| Untracked 
| 401|0x0000000733a00000, 0x0000000733a00000, 0x0000000733c00000|  0%| F|  |TAMS 0x0000000733a00000, 0x0000000733a00000| Untracked 
| 402|0x0000000733c00000, 0x0000000733c00000, 0x0000000733e00000|  0%| F|  |TAMS 0x0000000733c00000, 0x0000000733c00000| Untracked 
| 403|0x0000000733e00000, 0x0000000733e00000, 0x0000000734000000|  0%| F|  |TAMS 0x0000000733e00000, 0x0000000733e00000| Untracked 
| 404|0x0000000734000000, 0x0000000734000000, 0x0000000734200000|  0%| F|  |TAMS 0x0000000734000000, 0x0000000734000000| Untracked 
| 405|0x0000000734200000, 0x0000000734200000, 0x0000000734400000|  0%| F|  |TAMS 0x0000000734200000, 0x0000000734200000| Untracked 
| 406|0x0000000734400000, 0x0000000734400000, 0x0000000734600000|  0%| F|  |TAMS 0x0000000734400000, 0x0000000734400000| Untracked 
| 407|0x0000000734600000, 0x0000000734600000, 0x0000000734800000|  0%| F|  |TAMS 0x0000000734600000, 0x0000000734600000| Untracked 
| 408|0x0000000734800000, 0x0000000734800000, 0x0000000734a00000|  0%| F|  |TAMS 0x0000000734800000, 0x0000000734800000| Untracked 
| 409|0x0000000734a00000, 0x0000000734a00000, 0x0000000734c00000|  0%| F|  |TAMS 0x0000000734a00000, 0x0000000734a00000| Untracked 
| 410|0x0000000734c00000, 0x0000000734c00000, 0x0000000734e00000|  0%| F|  |TAMS 0x0000000734c00000, 0x0000000734c00000| Untracked 
| 411|0x0000000734e00000, 0x0000000734e00000, 0x0000000735000000|  0%| F|  |TAMS 0x0000000734e00000, 0x0000000734e00000| Untracked 
| 412|0x0000000735000000, 0x0000000735000000, 0x0000000735200000|  0%| F|  |TAMS 0x0000000735000000, 0x0000000735000000| Untracked 
| 413|0x0000000735200000, 0x0000000735200000, 0x0000000735400000|  0%| F|  |TAMS 0x0000000735200000, 0x0000000735200000| Untracked 
| 414|0x0000000735400000, 0x0000000735400000, 0x0000000735600000|  0%| F|  |TAMS 0x0000000735400000, 0x0000000735400000| Untracked 
| 415|0x0000000735600000, 0x0000000735600000, 0x0000000735800000|  0%| F|  |TAMS 0x0000000735600000, 0x0000000735600000| Untracked 
| 416|0x0000000735800000, 0x0000000735800000, 0x0000000735a00000|  0%| F|  |TAMS 0x0000000735800000, 0x0000000735800000| Untracked 
| 417|0x0000000735a00000, 0x0000000735a00000, 0x0000000735c00000|  0%| F|  |TAMS 0x0000000735a00000, 0x0000000735a00000| Untracked 
| 418|0x0000000735c00000, 0x0000000735c00000, 0x0000000735e00000|  0%| F|  |TAMS 0x0000000735c00000, 0x0000000735c00000| Untracked 
| 419|0x0000000735e00000, 0x0000000735e00000, 0x0000000736000000|  0%| F|  |TAMS 0x0000000735e00000, 0x0000000735e00000| Untracked 
| 420|0x0000000736000000, 0x0000000736000000, 0x0000000736200000|  0%| F|  |TAMS 0x0000000736000000, 0x0000000736000000| Untracked 
| 421|0x0000000736200000, 0x0000000736200000, 0x0000000736400000|  0%| F|  |TAMS 0x0000000736200000, 0x0000000736200000| Untracked 
| 422|0x0000000736400000, 0x0000000736400000, 0x0000000736600000|  0%| F|  |TAMS 0x0000000736400000, 0x0000000736400000| Untracked 
| 423|0x0000000736600000, 0x0000000736600000, 0x0000000736800000|  0%| F|  |TAMS 0x0000000736600000, 0x0000000736600000| Untracked 
| 424|0x0000000736800000, 0x0000000736800000, 0x0000000736a00000|  0%| F|  |TAMS 0x0000000736800000, 0x0000000736800000| Untracked 
| 425|0x0000000736a00000, 0x0000000736a00000, 0x0000000736c00000|  0%| F|  |TAMS 0x0000000736a00000, 0x0000000736a00000| Untracked 
| 426|0x0000000736c00000, 0x0000000736c00000, 0x0000000736e00000|  0%| F|  |TAMS 0x0000000736c00000, 0x0000000736c00000| Untracked 
| 427|0x0000000736e00000, 0x0000000736e00000, 0x0000000737000000|  0%| F|  |TAMS 0x0000000736e00000, 0x0000000736e00000| Untracked 
| 428|0x0000000737000000, 0x0000000737000000, 0x0000000737200000|  0%| F|  |TAMS 0x0000000737000000, 0x0000000737000000| Untracked 
| 429|0x0000000737200000, 0x0000000737200000, 0x0000000737400000|  0%| F|  |TAMS 0x0000000737200000, 0x0000000737200000| Untracked 
| 430|0x0000000737400000, 0x0000000737400000, 0x0000000737600000|  0%| F|  |TAMS 0x0000000737400000, 0x0000000737400000| Untracked 
| 431|0x0000000737600000, 0x0000000737600000, 0x0000000737800000|  0%| F|  |TAMS 0x0000000737600000, 0x0000000737600000| Untracked 
| 432|0x0000000737800000, 0x0000000737800000, 0x0000000737a00000|  0%| F|  |TAMS 0x0000000737800000, 0x0000000737800000| Untracked 
| 433|0x0000000737a00000, 0x0000000737a00000, 0x0000000737c00000|  0%| F|  |TAMS 0x0000000737a00000, 0x0000000737a00000| Untracked 
| 434|0x0000000737c00000, 0x0000000737c00000, 0x0000000737e00000|  0%| F|  |TAMS 0x0000000737c00000, 0x0000000737c00000| Untracked 
| 435|0x0000000737e00000, 0x0000000737e00000, 0x0000000738000000|  0%| F|  |TAMS 0x0000000737e00000, 0x0000000737e00000| Untracked 
| 436|0x0000000738000000, 0x0000000738000000, 0x0000000738200000|  0%| F|  |TAMS 0x0000000738000000, 0x0000000738000000| Untracked 
| 437|0x0000000738200000, 0x0000000738200000, 0x0000000738400000|  0%| F|  |TAMS 0x0000000738200000, 0x0000000738200000| Untracked 
| 438|0x0000000738400000, 0x0000000738400000, 0x0000000738600000|  0%| F|  |TAMS 0x0000000738400000, 0x0000000738400000| Untracked 
| 439|0x0000000738600000, 0x0000000738600000, 0x0000000738800000|  0%| F|  |TAMS 0x0000000738600000, 0x0000000738600000| Untracked 
| 440|0x0000000738800000, 0x0000000738800000, 0x0000000738a00000|  0%| F|  |TAMS 0x0000000738800000, 0x0000000738800000| Untracked 
| 441|0x0000000738a00000, 0x0000000738a00000, 0x0000000738c00000|  0%| F|  |TAMS 0x0000000738a00000, 0x0000000738a00000| Untracked 
| 442|0x0000000738c00000, 0x0000000738c00000, 0x0000000738e00000|  0%| F|  |TAMS 0x0000000738c00000, 0x0000000738c00000| Untracked 
| 443|0x0000000738e00000, 0x0000000738e00000, 0x0000000739000000|  0%| F|  |TAMS 0x0000000738e00000, 0x0000000738e00000| Untracked 
| 444|0x0000000739000000, 0x0000000739000000, 0x0000000739200000|  0%| F|  |TAMS 0x0000000739000000, 0x0000000739000000| Untracked 
| 445|0x0000000739200000, 0x0000000739200000, 0x0000000739400000|  0%| F|  |TAMS 0x0000000739200000, 0x0000000739200000| Untracked 
| 446|0x0000000739400000, 0x0000000739400000, 0x0000000739600000|  0%| F|  |TAMS 0x0000000739400000, 0x0000000739400000| Untracked 
| 447|0x0000000739600000, 0x0000000739600000, 0x0000000739800000|  0%| F|  |TAMS 0x0000000739600000, 0x0000000739600000| Untracked 
| 448|0x0000000739800000, 0x0000000739800000, 0x0000000739a00000|  0%| F|  |TAMS 0x0000000739800000, 0x0000000739800000| Untracked 
| 449|0x0000000739a00000, 0x0000000739a00000, 0x0000000739c00000|  0%| F|  |TAMS 0x0000000739a00000, 0x0000000739a00000| Untracked 
| 450|0x0000000739c00000, 0x0000000739c00000, 0x0000000739e00000|  0%| F|  |TAMS 0x0000000739c00000, 0x0000000739c00000| Untracked 
| 451|0x0000000739e00000, 0x0000000739e00000, 0x000000073a000000|  0%| F|  |TAMS 0x0000000739e00000, 0x0000000739e00000| Untracked 
| 452|0x000000073a000000, 0x000000073a000000, 0x000000073a200000|  0%| F|  |TAMS 0x000000073a000000, 0x000000073a000000| Untracked 
| 453|0x000000073a200000, 0x000000073a200000, 0x000000073a400000|  0%| F|  |TAMS 0x000000073a200000, 0x000000073a200000| Untracked 
| 454|0x000000073a400000, 0x000000073a400000, 0x000000073a600000|  0%| F|  |TAMS 0x000000073a400000, 0x000000073a400000| Untracked 
| 455|0x000000073a600000, 0x000000073a600000, 0x000000073a800000|  0%| F|  |TAMS 0x000000073a600000, 0x000000073a600000| Untracked 
| 456|0x000000073a800000, 0x000000073a800000, 0x000000073aa00000|  0%| F|  |TAMS 0x000000073a800000, 0x000000073a800000| Untracked 
| 457|0x000000073aa00000, 0x000000073aa00000, 0x000000073ac00000|  0%| F|  |TAMS 0x000000073aa00000, 0x000000073aa00000| Untracked 
| 458|0x000000073ac00000, 0x000000073ac00000, 0x000000073ae00000|  0%| F|  |TAMS 0x000000073ac00000, 0x000000073ac00000| Untracked 
| 459|0x000000073ae00000, 0x000000073ae00000, 0x000000073b000000|  0%| F|  |TAMS 0x000000073ae00000, 0x000000073ae00000| Untracked 
| 460|0x000000073b000000, 0x000000073b000000, 0x000000073b200000|  0%| F|  |TAMS 0x000000073b000000, 0x000000073b000000| Untracked 
| 461|0x000000073b200000, 0x000000073b200000, 0x000000073b400000|  0%| F|  |TAMS 0x000000073b200000, 0x000000073b200000| Untracked 
| 462|0x000000073b400000, 0x000000073b400000, 0x000000073b600000|  0%| F|  |TAMS 0x000000073b400000, 0x000000073b400000| Untracked 
| 463|0x000000073b600000, 0x000000073b600000, 0x000000073b800000|  0%| F|  |TAMS 0x000000073b600000, 0x000000073b600000| Untracked 
| 464|0x000000073b800000, 0x000000073b800000, 0x000000073ba00000|  0%| F|  |TAMS 0x000000073b800000, 0x000000073b800000| Untracked 
| 465|0x000000073ba00000, 0x000000073ba00000, 0x000000073bc00000|  0%| F|  |TAMS 0x000000073ba00000, 0x000000073ba00000| Untracked 
| 466|0x000000073bc00000, 0x000000073bc00000, 0x000000073be00000|  0%| F|  |TAMS 0x000000073bc00000, 0x000000073bc00000| Untracked 
| 467|0x000000073be00000, 0x000000073be00000, 0x000000073c000000|  0%| F|  |TAMS 0x000000073be00000, 0x000000073be00000| Untracked 
| 468|0x000000073c000000, 0x000000073c000000, 0x000000073c200000|  0%| F|  |TAMS 0x000000073c000000, 0x000000073c000000| Untracked 
| 469|0x000000073c200000, 0x000000073c200000, 0x000000073c400000|  0%| F|  |TAMS 0x000000073c200000, 0x000000073c200000| Untracked 
| 470|0x000000073c400000, 0x000000073c400000, 0x000000073c600000|  0%| F|  |TAMS 0x000000073c400000, 0x000000073c400000| Untracked 
| 471|0x000000073c600000, 0x000000073c600000, 0x000000073c800000|  0%| F|  |TAMS 0x000000073c600000, 0x000000073c600000| Untracked 
| 472|0x000000073c800000, 0x000000073c800000, 0x000000073ca00000|  0%| F|  |TAMS 0x000000073c800000, 0x000000073c800000| Untracked 
| 473|0x000000073ca00000, 0x000000073ca00000, 0x000000073cc00000|  0%| F|  |TAMS 0x000000073ca00000, 0x000000073ca00000| Untracked 
| 474|0x000000073cc00000, 0x000000073cc00000, 0x000000073ce00000|  0%| F|  |TAMS 0x000000073cc00000, 0x000000073cc00000| Untracked 
| 475|0x000000073ce00000, 0x000000073ce00000, 0x000000073d000000|  0%| F|  |TAMS 0x000000073ce00000, 0x000000073ce00000| Untracked 
| 476|0x000000073d000000, 0x000000073d000000, 0x000000073d200000|  0%| F|  |TAMS 0x000000073d000000, 0x000000073d000000| Untracked 
| 477|0x000000073d200000, 0x000000073d200000, 0x000000073d400000|  0%| F|  |TAMS 0x000000073d200000, 0x000000073d200000| Untracked 
| 478|0x000000073d400000, 0x000000073d400000, 0x000000073d600000|  0%| F|  |TAMS 0x000000073d400000, 0x000000073d400000| Untracked 
| 479|0x000000073d600000, 0x000000073d600000, 0x000000073d800000|  0%| F|  |TAMS 0x000000073d600000, 0x000000073d600000| Untracked 
| 480|0x000000073d800000, 0x000000073d800000, 0x000000073da00000|  0%| F|  |TAMS 0x000000073d800000, 0x000000073d800000| Untracked 
| 481|0x000000073da00000, 0x000000073da00000, 0x000000073dc00000|  0%| F|  |TAMS 0x000000073da00000, 0x000000073da00000| Untracked 
| 482|0x000000073dc00000, 0x000000073dc00000, 0x000000073de00000|  0%| F|  |TAMS 0x000000073dc00000, 0x000000073dc00000| Untracked 
| 483|0x000000073de00000, 0x000000073de00000, 0x000000073e000000|  0%| F|  |TAMS 0x000000073de00000, 0x000000073de00000| Untracked 
| 484|0x000000073e000000, 0x000000073e000000, 0x000000073e200000|  0%| F|  |TAMS 0x000000073e000000, 0x000000073e000000| Untracked 
| 485|0x000000073e200000, 0x000000073e200000, 0x000000073e400000|  0%| F|  |TAMS 0x000000073e200000, 0x000000073e200000| Untracked 
| 486|0x000000073e400000, 0x000000073e400000, 0x000000073e600000|  0%| F|  |TAMS 0x000000073e400000, 0x000000073e400000| Untracked 
| 487|0x000000073e600000, 0x000000073e600000, 0x000000073e800000|  0%| F|  |TAMS 0x000000073e600000, 0x000000073e600000| Untracked 
| 488|0x000000073e800000, 0x000000073e800000, 0x000000073ea00000|  0%| F|  |TAMS 0x000000073e800000, 0x000000073e800000| Untracked 
| 489|0x000000073ea00000, 0x000000073ea00000, 0x000000073ec00000|  0%| F|  |TAMS 0x000000073ea00000, 0x000000073ea00000| Untracked 
| 490|0x000000073ec00000, 0x000000073ec00000, 0x000000073ee00000|  0%| F|  |TAMS 0x000000073ec00000, 0x000000073ec00000| Untracked 
| 491|0x000000073ee00000, 0x000000073ee00000, 0x000000073f000000|  0%| F|  |TAMS 0x000000073ee00000, 0x000000073ee00000| Untracked 
| 492|0x000000073f000000, 0x000000073f000000, 0x000000073f200000|  0%| F|  |TAMS 0x000000073f000000, 0x000000073f000000| Untracked 
| 493|0x000000073f200000, 0x000000073f200000, 0x000000073f400000|  0%| F|  |TAMS 0x000000073f200000, 0x000000073f200000| Untracked 
| 494|0x000000073f400000, 0x000000073f400000, 0x000000073f600000|  0%| F|  |TAMS 0x000000073f400000, 0x000000073f400000| Untracked 
| 495|0x000000073f600000, 0x000000073f600000, 0x000000073f800000|  0%| F|  |TAMS 0x000000073f600000, 0x000000073f600000| Untracked 
| 496|0x000000073f800000, 0x000000073f800000, 0x000000073fa00000|  0%| F|  |TAMS 0x000000073f800000, 0x000000073f800000| Untracked 
| 497|0x000000073fa00000, 0x000000073fa00000, 0x000000073fc00000|  0%| F|  |TAMS 0x000000073fa00000, 0x000000073fa00000| Untracked 
| 498|0x000000073fc00000, 0x000000073fc00000, 0x000000073fe00000|  0%| F|  |TAMS 0x000000073fc00000, 0x000000073fc00000| Untracked 
| 499|0x000000073fe00000, 0x000000073fe00000, 0x0000000740000000|  0%| F|  |TAMS 0x000000073fe00000, 0x000000073fe00000| Untracked 
| 500|0x0000000740000000, 0x0000000740000000, 0x0000000740200000|  0%| F|  |TAMS 0x0000000740000000, 0x0000000740000000| Untracked 
| 501|0x0000000740200000, 0x0000000740200000, 0x0000000740400000|  0%| F|  |TAMS 0x0000000740200000, 0x0000000740200000| Untracked 
| 502|0x0000000740400000, 0x0000000740400000, 0x0000000740600000|  0%| F|  |TAMS 0x0000000740400000, 0x0000000740400000| Untracked 
| 503|0x0000000740600000, 0x0000000740600000, 0x0000000740800000|  0%| F|  |TAMS 0x0000000740600000, 0x0000000740600000| Untracked 
| 504|0x0000000740800000, 0x0000000740800000, 0x0000000740a00000|  0%| F|  |TAMS 0x0000000740800000, 0x0000000740800000| Untracked 
| 505|0x0000000740a00000, 0x0000000740a00000, 0x0000000740c00000|  0%| F|  |TAMS 0x0000000740a00000, 0x0000000740a00000| Untracked 
| 506|0x0000000740c00000, 0x0000000740c00000, 0x0000000740e00000|  0%| F|  |TAMS 0x0000000740c00000, 0x0000000740c00000| Untracked 
| 507|0x0000000740e00000, 0x0000000740e00000, 0x0000000741000000|  0%| F|  |TAMS 0x0000000740e00000, 0x0000000740e00000| Untracked 
| 508|0x0000000741000000, 0x0000000741000000, 0x0000000741200000|  0%| F|  |TAMS 0x0000000741000000, 0x0000000741000000| Untracked 
| 509|0x0000000741200000, 0x0000000741200000, 0x0000000741400000|  0%| F|  |TAMS 0x0000000741200000, 0x0000000741200000| Untracked 
| 510|0x0000000741400000, 0x0000000741400000, 0x0000000741600000|  0%| F|  |TAMS 0x0000000741400000, 0x0000000741400000| Untracked 
| 511|0x0000000741600000, 0x0000000741600000, 0x0000000741800000|  0%| F|  |TAMS 0x0000000741600000, 0x0000000741600000| Untracked 
| 512|0x0000000741800000, 0x0000000741800000, 0x0000000741a00000|  0%| F|  |TAMS 0x0000000741800000, 0x0000000741800000| Untracked 
| 513|0x0000000741a00000, 0x0000000741a00000, 0x0000000741c00000|  0%| F|  |TAMS 0x0000000741a00000, 0x0000000741a00000| Untracked 
| 514|0x0000000741c00000, 0x0000000741c00000, 0x0000000741e00000|  0%| F|  |TAMS 0x0000000741c00000, 0x0000000741c00000| Untracked 
| 515|0x0000000741e00000, 0x0000000741e00000, 0x0000000742000000|  0%| F|  |TAMS 0x0000000741e00000, 0x0000000741e00000| Untracked 
| 516|0x0000000742000000, 0x0000000742000000, 0x0000000742200000|  0%| F|  |TAMS 0x0000000742000000, 0x0000000742000000| Untracked 
| 517|0x0000000742200000, 0x0000000742200000, 0x0000000742400000|  0%| F|  |TAMS 0x0000000742200000, 0x0000000742200000| Untracked 
| 518|0x0000000742400000, 0x0000000742400000, 0x0000000742600000|  0%| F|  |TAMS 0x0000000742400000, 0x0000000742400000| Untracked 
| 519|0x0000000742600000, 0x0000000742600000, 0x0000000742800000|  0%| F|  |TAMS 0x0000000742600000, 0x0000000742600000| Untracked 
| 520|0x0000000742800000, 0x0000000742800000, 0x0000000742a00000|  0%| F|  |TAMS 0x0000000742800000, 0x0000000742800000| Untracked 
| 521|0x0000000742a00000, 0x0000000742a00000, 0x0000000742c00000|  0%| F|  |TAMS 0x0000000742a00000, 0x0000000742a00000| Untracked 
| 522|0x0000000742c00000, 0x0000000742c00000, 0x0000000742e00000|  0%| F|  |TAMS 0x0000000742c00000, 0x0000000742c00000| Untracked 
| 523|0x0000000742e00000, 0x0000000742e00000, 0x0000000743000000|  0%| F|  |TAMS 0x0000000742e00000, 0x0000000742e00000| Untracked 
| 524|0x0000000743000000, 0x0000000743000000, 0x0000000743200000|  0%| F|  |TAMS 0x0000000743000000, 0x0000000743000000| Untracked 
| 525|0x0000000743200000, 0x0000000743200000, 0x0000000743400000|  0%| F|  |TAMS 0x0000000743200000, 0x0000000743200000| Untracked 
| 526|0x0000000743400000, 0x0000000743400000, 0x0000000743600000|  0%| F|  |TAMS 0x0000000743400000, 0x0000000743400000| Untracked 
| 527|0x0000000743600000, 0x0000000743600000, 0x0000000743800000|  0%| F|  |TAMS 0x0000000743600000, 0x0000000743600000| Untracked 
| 528|0x0000000743800000, 0x0000000743800000, 0x0000000743a00000|  0%| F|  |TAMS 0x0000000743800000, 0x0000000743800000| Untracked 
| 529|0x0000000743a00000, 0x0000000743a00000, 0x0000000743c00000|  0%| F|  |TAMS 0x0000000743a00000, 0x0000000743a00000| Untracked 
| 530|0x0000000743c00000, 0x0000000743c00000, 0x0000000743e00000|  0%| F|  |TAMS 0x0000000743c00000, 0x0000000743c00000| Untracked 
| 531|0x0000000743e00000, 0x0000000743e00000, 0x0000000744000000|  0%| F|  |TAMS 0x0000000743e00000, 0x0000000743e00000| Untracked 
| 532|0x0000000744000000, 0x0000000744000000, 0x0000000744200000|  0%| F|  |TAMS 0x0000000744000000, 0x0000000744000000| Untracked 
| 533|0x0000000744200000, 0x0000000744200000, 0x0000000744400000|  0%| F|  |TAMS 0x0000000744200000, 0x0000000744200000| Untracked 
| 534|0x0000000744400000, 0x0000000744400000, 0x0000000744600000|  0%| F|  |TAMS 0x0000000744400000, 0x0000000744400000| Untracked 
| 535|0x0000000744600000, 0x0000000744600000, 0x0000000744800000|  0%| F|  |TAMS 0x0000000744600000, 0x0000000744600000| Untracked 
| 536|0x0000000744800000, 0x0000000744800000, 0x0000000744a00000|  0%| F|  |TAMS 0x0000000744800000, 0x0000000744800000| Untracked 
| 537|0x0000000744a00000, 0x0000000744a00000, 0x0000000744c00000|  0%| F|  |TAMS 0x0000000744a00000, 0x0000000744a00000| Untracked 
| 538|0x0000000744c00000, 0x0000000744c00000, 0x0000000744e00000|  0%| F|  |TAMS 0x0000000744c00000, 0x0000000744c00000| Untracked 
| 539|0x0000000744e00000, 0x0000000744e00000, 0x0000000745000000|  0%| F|  |TAMS 0x0000000744e00000, 0x0000000744e00000| Untracked 
| 540|0x0000000745000000, 0x0000000745000000, 0x0000000745200000|  0%| F|  |TAMS 0x0000000745000000, 0x0000000745000000| Untracked 
| 541|0x0000000745200000, 0x0000000745200000, 0x0000000745400000|  0%| F|  |TAMS 0x0000000745200000, 0x0000000745200000| Untracked 
| 542|0x0000000745400000, 0x0000000745400000, 0x0000000745600000|  0%| F|  |TAMS 0x0000000745400000, 0x0000000745400000| Untracked 
| 543|0x0000000745600000, 0x0000000745600000, 0x0000000745800000|  0%| F|  |TAMS 0x0000000745600000, 0x0000000745600000| Untracked 
| 544|0x0000000745800000, 0x0000000745800000, 0x0000000745a00000|  0%| F|  |TAMS 0x0000000745800000, 0x0000000745800000| Untracked 
| 545|0x0000000745a00000, 0x0000000745a00000, 0x0000000745c00000|  0%| F|  |TAMS 0x0000000745a00000, 0x0000000745a00000| Untracked 
| 546|0x0000000745c00000, 0x0000000745c00000, 0x0000000745e00000|  0%| F|  |TAMS 0x0000000745c00000, 0x0000000745c00000| Untracked 
| 547|0x0000000745e00000, 0x0000000745e00000, 0x0000000746000000|  0%| F|  |TAMS 0x0000000745e00000, 0x0000000745e00000| Untracked 
| 548|0x0000000746000000, 0x0000000746000000, 0x0000000746200000|  0%| F|  |TAMS 0x0000000746000000, 0x0000000746000000| Untracked 
| 549|0x0000000746200000, 0x0000000746200000, 0x0000000746400000|  0%| F|  |TAMS 0x0000000746200000, 0x0000000746200000| Untracked 
| 550|0x0000000746400000, 0x0000000746400000, 0x0000000746600000|  0%| F|  |TAMS 0x0000000746400000, 0x0000000746400000| Untracked 
| 551|0x0000000746600000, 0x0000000746600000, 0x0000000746800000|  0%| F|  |TAMS 0x0000000746600000, 0x0000000746600000| Untracked 
| 552|0x0000000746800000, 0x0000000746800000, 0x0000000746a00000|  0%| F|  |TAMS 0x0000000746800000, 0x0000000746800000| Untracked 
| 553|0x0000000746a00000, 0x0000000746a00000, 0x0000000746c00000|  0%| F|  |TAMS 0x0000000746a00000, 0x0000000746a00000| Untracked 
| 554|0x0000000746c00000, 0x0000000746c00000, 0x0000000746e00000|  0%| F|  |TAMS 0x0000000746c00000, 0x0000000746c00000| Untracked 
| 555|0x0000000746e00000, 0x0000000746e00000, 0x0000000747000000|  0%| F|  |TAMS 0x0000000746e00000, 0x0000000746e00000| Untracked 
| 556|0x0000000747000000, 0x0000000747000000, 0x0000000747200000|  0%| F|  |TAMS 0x0000000747000000, 0x0000000747000000| Untracked 
| 557|0x0000000747200000, 0x0000000747200000, 0x0000000747400000|  0%| F|  |TAMS 0x0000000747200000, 0x0000000747200000| Untracked 
| 558|0x0000000747400000, 0x0000000747400000, 0x0000000747600000|  0%| F|  |TAMS 0x0000000747400000, 0x0000000747400000| Untracked 
| 559|0x0000000747600000, 0x0000000747600000, 0x0000000747800000|  0%| F|  |TAMS 0x0000000747600000, 0x0000000747600000| Untracked 
| 560|0x0000000747800000, 0x0000000747800000, 0x0000000747a00000|  0%| F|  |TAMS 0x0000000747800000, 0x0000000747800000| Untracked 
| 561|0x0000000747a00000, 0x0000000747a00000, 0x0000000747c00000|  0%| F|  |TAMS 0x0000000747a00000, 0x0000000747a00000| Untracked 
| 562|0x0000000747c00000, 0x0000000747c00000, 0x0000000747e00000|  0%| F|  |TAMS 0x0000000747c00000, 0x0000000747c00000| Untracked 
| 563|0x0000000747e00000, 0x0000000747e00000, 0x0000000748000000|  0%| F|  |TAMS 0x0000000747e00000, 0x0000000747e00000| Untracked 
| 564|0x0000000748000000, 0x0000000748000000, 0x0000000748200000|  0%| F|  |TAMS 0x0000000748000000, 0x0000000748000000| Untracked 
| 565|0x0000000748200000, 0x0000000748200000, 0x0000000748400000|  0%| F|  |TAMS 0x0000000748200000, 0x0000000748200000| Untracked 
| 566|0x0000000748400000, 0x0000000748400000, 0x0000000748600000|  0%| F|  |TAMS 0x0000000748400000, 0x0000000748400000| Untracked 
| 567|0x0000000748600000, 0x0000000748600000, 0x0000000748800000|  0%| F|  |TAMS 0x0000000748600000, 0x0000000748600000| Untracked 
| 568|0x0000000748800000, 0x0000000748800000, 0x0000000748a00000|  0%| F|  |TAMS 0x0000000748800000, 0x0000000748800000| Untracked 
| 569|0x0000000748a00000, 0x0000000748a00000, 0x0000000748c00000|  0%| F|  |TAMS 0x0000000748a00000, 0x0000000748a00000| Untracked 
| 570|0x0000000748c00000, 0x0000000748c00000, 0x0000000748e00000|  0%| F|  |TAMS 0x0000000748c00000, 0x0000000748c00000| Untracked 
| 571|0x0000000748e00000, 0x0000000748e00000, 0x0000000749000000|  0%| F|  |TAMS 0x0000000748e00000, 0x0000000748e00000| Untracked 
| 572|0x0000000749000000, 0x0000000749000000, 0x0000000749200000|  0%| F|  |TAMS 0x0000000749000000, 0x0000000749000000| Untracked 
| 573|0x0000000749200000, 0x0000000749200000, 0x0000000749400000|  0%| F|  |TAMS 0x0000000749200000, 0x0000000749200000| Untracked 
| 574|0x0000000749400000, 0x0000000749400000, 0x0000000749600000|  0%| F|  |TAMS 0x0000000749400000, 0x0000000749400000| Untracked 
| 575|0x0000000749600000, 0x0000000749600000, 0x0000000749800000|  0%| F|  |TAMS 0x0000000749600000, 0x0000000749600000| Untracked 
| 576|0x0000000749800000, 0x0000000749800000, 0x0000000749a00000|  0%| F|  |TAMS 0x0000000749800000, 0x0000000749800000| Untracked 
| 577|0x0000000749a00000, 0x0000000749a00000, 0x0000000749c00000|  0%| F|  |TAMS 0x0000000749a00000, 0x0000000749a00000| Untracked 
| 578|0x0000000749c00000, 0x0000000749c00000, 0x0000000749e00000|  0%| F|  |TAMS 0x0000000749c00000, 0x0000000749c00000| Untracked 
| 579|0x0000000749e00000, 0x0000000749e00000, 0x000000074a000000|  0%| F|  |TAMS 0x0000000749e00000, 0x0000000749e00000| Untracked 
| 580|0x000000074a000000, 0x000000074a000000, 0x000000074a200000|  0%| F|  |TAMS 0x000000074a000000, 0x000000074a000000| Untracked 
| 581|0x000000074a200000, 0x000000074a200000, 0x000000074a400000|  0%| F|  |TAMS 0x000000074a200000, 0x000000074a200000| Untracked 
| 582|0x000000074a400000, 0x000000074a400000, 0x000000074a600000|  0%| F|  |TAMS 0x000000074a400000, 0x000000074a400000| Untracked 
| 583|0x000000074a600000, 0x000000074a600000, 0x000000074a800000|  0%| F|  |TAMS 0x000000074a600000, 0x000000074a600000| Untracked 
| 584|0x000000074a800000, 0x000000074a800000, 0x000000074aa00000|  0%| F|  |TAMS 0x000000074a800000, 0x000000074a800000| Untracked 
| 585|0x000000074aa00000, 0x000000074aa00000, 0x000000074ac00000|  0%| F|  |TAMS 0x000000074aa00000, 0x000000074aa00000| Untracked 
| 586|0x000000074ac00000, 0x000000074ac00000, 0x000000074ae00000|  0%| F|  |TAMS 0x000000074ac00000, 0x000000074ac00000| Untracked 
| 587|0x000000074ae00000, 0x000000074ae00000, 0x000000074b000000|  0%| F|  |TAMS 0x000000074ae00000, 0x000000074ae00000| Untracked 
| 588|0x000000074b000000, 0x000000074b000000, 0x000000074b200000|  0%| F|  |TAMS 0x000000074b000000, 0x000000074b000000| Untracked 
| 589|0x000000074b200000, 0x000000074b200000, 0x000000074b400000|  0%| F|  |TAMS 0x000000074b200000, 0x000000074b200000| Untracked 
| 590|0x000000074b400000, 0x000000074b400000, 0x000000074b600000|  0%| F|  |TAMS 0x000000074b400000, 0x000000074b400000| Untracked 
| 591|0x000000074b600000, 0x000000074b600000, 0x000000074b800000|  0%| F|  |TAMS 0x000000074b600000, 0x000000074b600000| Untracked 
| 592|0x000000074b800000, 0x000000074b800000, 0x000000074ba00000|  0%| F|  |TAMS 0x000000074b800000, 0x000000074b800000| Untracked 
| 593|0x000000074ba00000, 0x000000074ba00000, 0x000000074bc00000|  0%| F|  |TAMS 0x000000074ba00000, 0x000000074ba00000| Untracked 
| 594|0x000000074bc00000, 0x000000074bc00000, 0x000000074be00000|  0%| F|  |TAMS 0x000000074bc00000, 0x000000074bc00000| Untracked 
| 595|0x000000074be00000, 0x000000074be00000, 0x000000074c000000|  0%| F|  |TAMS 0x000000074be00000, 0x000000074be00000| Untracked 
| 596|0x000000074c000000, 0x000000074c000000, 0x000000074c200000|  0%| F|  |TAMS 0x000000074c000000, 0x000000074c000000| Untracked 
| 597|0x000000074c200000, 0x000000074c200000, 0x000000074c400000|  0%| F|  |TAMS 0x000000074c200000, 0x000000074c200000| Untracked 
| 598|0x000000074c400000, 0x000000074c400000, 0x000000074c600000|  0%| F|  |TAMS 0x000000074c400000, 0x000000074c400000| Untracked 
| 599|0x000000074c600000, 0x000000074c600000, 0x000000074c800000|  0%| F|  |TAMS 0x000000074c600000, 0x000000074c600000| Untracked 
| 600|0x000000074c800000, 0x000000074c800000, 0x000000074ca00000|  0%| F|  |TAMS 0x000000074c800000, 0x000000074c800000| Untracked 
| 601|0x000000074ca00000, 0x000000074ca00000, 0x000000074cc00000|  0%| F|  |TAMS 0x000000074ca00000, 0x000000074ca00000| Untracked 
| 602|0x000000074cc00000, 0x000000074cc00000, 0x000000074ce00000|  0%| F|  |TAMS 0x000000074cc00000, 0x000000074cc00000| Untracked 
| 603|0x000000074ce00000, 0x000000074ce00000, 0x000000074d000000|  0%| F|  |TAMS 0x000000074ce00000, 0x000000074ce00000| Untracked 
| 604|0x000000074d000000, 0x000000074d000000, 0x000000074d200000|  0%| F|  |TAMS 0x000000074d000000, 0x000000074d000000| Untracked 
| 605|0x000000074d200000, 0x000000074d200000, 0x000000074d400000|  0%| F|  |TAMS 0x000000074d200000, 0x000000074d200000| Untracked 
| 606|0x000000074d400000, 0x000000074d400000, 0x000000074d600000|  0%| F|  |TAMS 0x000000074d400000, 0x000000074d400000| Untracked 
| 607|0x000000074d600000, 0x000000074d600000, 0x000000074d800000|  0%| F|  |TAMS 0x000000074d600000, 0x000000074d600000| Untracked 
| 608|0x000000074d800000, 0x000000074d800000, 0x000000074da00000|  0%| F|  |TAMS 0x000000074d800000, 0x000000074d800000| Untracked 
| 609|0x000000074da00000, 0x000000074da00000, 0x000000074dc00000|  0%| F|  |TAMS 0x000000074da00000, 0x000000074da00000| Untracked 
| 610|0x000000074dc00000, 0x000000074dc00000, 0x000000074de00000|  0%| F|  |TAMS 0x000000074dc00000, 0x000000074dc00000| Untracked 
| 611|0x000000074de00000, 0x000000074de00000, 0x000000074e000000|  0%| F|  |TAMS 0x000000074de00000, 0x000000074de00000| Untracked 
| 612|0x000000074e000000, 0x000000074e000000, 0x000000074e200000|  0%| F|  |TAMS 0x000000074e000000, 0x000000074e000000| Untracked 
| 613|0x000000074e200000, 0x000000074e200000, 0x000000074e400000|  0%| F|  |TAMS 0x000000074e200000, 0x000000074e200000| Untracked 
| 614|0x000000074e400000, 0x000000074e400000, 0x000000074e600000|  0%| F|  |TAMS 0x000000074e400000, 0x000000074e400000| Untracked 
| 615|0x000000074e600000, 0x000000074e600000, 0x000000074e800000|  0%| F|  |TAMS 0x000000074e600000, 0x000000074e600000| Untracked 
| 616|0x000000074e800000, 0x000000074e800000, 0x000000074ea00000|  0%| F|  |TAMS 0x000000074e800000, 0x000000074e800000| Untracked 
| 617|0x000000074ea00000, 0x000000074ea00000, 0x000000074ec00000|  0%| F|  |TAMS 0x000000074ea00000, 0x000000074ea00000| Untracked 
| 618|0x000000074ec00000, 0x000000074ec00000, 0x000000074ee00000|  0%| F|  |TAMS 0x000000074ec00000, 0x000000074ec00000| Untracked 
| 619|0x000000074ee00000, 0x000000074ee00000, 0x000000074f000000|  0%| F|  |TAMS 0x000000074ee00000, 0x000000074ee00000| Untracked 
| 620|0x000000074f000000, 0x000000074f000000, 0x000000074f200000|  0%| F|  |TAMS 0x000000074f000000, 0x000000074f000000| Untracked 
| 621|0x000000074f200000, 0x000000074f200000, 0x000000074f400000|  0%| F|  |TAMS 0x000000074f200000, 0x000000074f200000| Untracked 
| 622|0x000000074f400000, 0x000000074f400000, 0x000000074f600000|  0%| F|  |TAMS 0x000000074f400000, 0x000000074f400000| Untracked 
| 623|0x000000074f600000, 0x000000074f600000, 0x000000074f800000|  0%| F|  |TAMS 0x000000074f600000, 0x000000074f600000| Untracked 
| 624|0x000000074f800000, 0x000000074f800000, 0x000000074fa00000|  0%| F|  |TAMS 0x000000074f800000, 0x000000074f800000| Untracked 
| 625|0x000000074fa00000, 0x000000074fa00000, 0x000000074fc00000|  0%| F|  |TAMS 0x000000074fa00000, 0x000000074fa00000| Untracked 
| 626|0x000000074fc00000, 0x000000074fc00000, 0x000000074fe00000|  0%| F|  |TAMS 0x000000074fc00000, 0x000000074fc00000| Untracked 
| 627|0x000000074fe00000, 0x000000074fe00000, 0x0000000750000000|  0%| F|  |TAMS 0x000000074fe00000, 0x000000074fe00000| Untracked 
| 628|0x0000000750000000, 0x0000000750000000, 0x0000000750200000|  0%| F|  |TAMS 0x0000000750000000, 0x0000000750000000| Untracked 
| 629|0x0000000750200000, 0x0000000750200000, 0x0000000750400000|  0%| F|  |TAMS 0x0000000750200000, 0x0000000750200000| Untracked 
| 630|0x0000000750400000, 0x0000000750400000, 0x0000000750600000|  0%| F|  |TAMS 0x0000000750400000, 0x0000000750400000| Untracked 
| 631|0x0000000750600000, 0x0000000750600000, 0x0000000750800000|  0%| F|  |TAMS 0x0000000750600000, 0x0000000750600000| Untracked 
| 632|0x0000000750800000, 0x0000000750800000, 0x0000000750a00000|  0%| F|  |TAMS 0x0000000750800000, 0x0000000750800000| Untracked 
| 633|0x0000000750a00000, 0x0000000750a00000, 0x0000000750c00000|  0%| F|  |TAMS 0x0000000750a00000, 0x0000000750a00000| Untracked 
| 634|0x0000000750c00000, 0x0000000750c00000, 0x0000000750e00000|  0%| F|  |TAMS 0x0000000750c00000, 0x0000000750c00000| Untracked 
| 635|0x0000000750e00000, 0x0000000750e00000, 0x0000000751000000|  0%| F|  |TAMS 0x0000000750e00000, 0x0000000750e00000| Untracked 
| 636|0x0000000751000000, 0x0000000751000000, 0x0000000751200000|  0%| F|  |TAMS 0x0000000751000000, 0x0000000751000000| Untracked 
| 637|0x0000000751200000, 0x0000000751200000, 0x0000000751400000|  0%| F|  |TAMS 0x0000000751200000, 0x0000000751200000| Untracked 
| 638|0x0000000751400000, 0x0000000751400000, 0x0000000751600000|  0%| F|  |TAMS 0x0000000751400000, 0x0000000751400000| Untracked 
| 639|0x0000000751600000, 0x0000000751600000, 0x0000000751800000|  0%| F|  |TAMS 0x0000000751600000, 0x0000000751600000| Untracked 
| 640|0x0000000751800000, 0x0000000751800000, 0x0000000751a00000|  0%| F|  |TAMS 0x0000000751800000, 0x0000000751800000| Untracked 
| 641|0x0000000751a00000, 0x0000000751a00000, 0x0000000751c00000|  0%| F|  |TAMS 0x0000000751a00000, 0x0000000751a00000| Untracked 
| 642|0x0000000751c00000, 0x0000000751c00000, 0x0000000751e00000|  0%| F|  |TAMS 0x0000000751c00000, 0x0000000751c00000| Untracked 
| 643|0x0000000751e00000, 0x0000000751e00000, 0x0000000752000000|  0%| F|  |TAMS 0x0000000751e00000, 0x0000000751e00000| Untracked 
| 644|0x0000000752000000, 0x0000000752000000, 0x0000000752200000|  0%| F|  |TAMS 0x0000000752000000, 0x0000000752000000| Untracked 
| 645|0x0000000752200000, 0x0000000752200000, 0x0000000752400000|  0%| F|  |TAMS 0x0000000752200000, 0x0000000752200000| Untracked 
| 646|0x0000000752400000, 0x0000000752400000, 0x0000000752600000|  0%| F|  |TAMS 0x0000000752400000, 0x0000000752400000| Untracked 
| 647|0x0000000752600000, 0x0000000752600000, 0x0000000752800000|  0%| F|  |TAMS 0x0000000752600000, 0x0000000752600000| Untracked 
| 648|0x0000000752800000, 0x0000000752800000, 0x0000000752a00000|  0%| F|  |TAMS 0x0000000752800000, 0x0000000752800000| Untracked 
| 649|0x0000000752a00000, 0x0000000752a00000, 0x0000000752c00000|  0%| F|  |TAMS 0x0000000752a00000, 0x0000000752a00000| Untracked 
| 650|0x0000000752c00000, 0x0000000752c00000, 0x0000000752e00000|  0%| F|  |TAMS 0x0000000752c00000, 0x0000000752c00000| Untracked 
| 651|0x0000000752e00000, 0x0000000752e00000, 0x0000000753000000|  0%| F|  |TAMS 0x0000000752e00000, 0x0000000752e00000| Untracked 
| 652|0x0000000753000000, 0x0000000753000000, 0x0000000753200000|  0%| F|  |TAMS 0x0000000753000000, 0x0000000753000000| Untracked 
| 653|0x0000000753200000, 0x0000000753200000, 0x0000000753400000|  0%| F|  |TAMS 0x0000000753200000, 0x0000000753200000| Untracked 
| 654|0x0000000753400000, 0x0000000753400000, 0x0000000753600000|  0%| F|  |TAMS 0x0000000753400000, 0x0000000753400000| Untracked 
| 655|0x0000000753600000, 0x0000000753600000, 0x0000000753800000|  0%| F|  |TAMS 0x0000000753600000, 0x0000000753600000| Untracked 
| 656|0x0000000753800000, 0x0000000753800000, 0x0000000753a00000|  0%| F|  |TAMS 0x0000000753800000, 0x0000000753800000| Untracked 
| 657|0x0000000753a00000, 0x0000000753a00000, 0x0000000753c00000|  0%| F|  |TAMS 0x0000000753a00000, 0x0000000753a00000| Untracked 
| 658|0x0000000753c00000, 0x0000000753c00000, 0x0000000753e00000|  0%| F|  |TAMS 0x0000000753c00000, 0x0000000753c00000| Untracked 
| 659|0x0000000753e00000, 0x0000000753e00000, 0x0000000754000000|  0%| F|  |TAMS 0x0000000753e00000, 0x0000000753e00000| Untracked 
| 660|0x0000000754000000, 0x0000000754000000, 0x0000000754200000|  0%| F|  |TAMS 0x0000000754000000, 0x0000000754000000| Untracked 
| 661|0x0000000754200000, 0x0000000754200000, 0x0000000754400000|  0%| F|  |TAMS 0x0000000754200000, 0x0000000754200000| Untracked 
| 662|0x0000000754400000, 0x0000000754400000, 0x0000000754600000|  0%| F|  |TAMS 0x0000000754400000, 0x0000000754400000| Untracked 
| 663|0x0000000754600000, 0x0000000754600000, 0x0000000754800000|  0%| F|  |TAMS 0x0000000754600000, 0x0000000754600000| Untracked 
| 664|0x0000000754800000, 0x0000000754800000, 0x0000000754a00000|  0%| F|  |TAMS 0x0000000754800000, 0x0000000754800000| Untracked 
| 665|0x0000000754a00000, 0x0000000754a00000, 0x0000000754c00000|  0%| F|  |TAMS 0x0000000754a00000, 0x0000000754a00000| Untracked 
| 666|0x0000000754c00000, 0x0000000754c00000, 0x0000000754e00000|  0%| F|  |TAMS 0x0000000754c00000, 0x0000000754c00000| Untracked 
| 667|0x0000000754e00000, 0x0000000754e00000, 0x0000000755000000|  0%| F|  |TAMS 0x0000000754e00000, 0x0000000754e00000| Untracked 
| 668|0x0000000755000000, 0x0000000755000000, 0x0000000755200000|  0%| F|  |TAMS 0x0000000755000000, 0x0000000755000000| Untracked 
| 669|0x0000000755200000, 0x0000000755200000, 0x0000000755400000|  0%| F|  |TAMS 0x0000000755200000, 0x0000000755200000| Untracked 
| 670|0x0000000755400000, 0x0000000755400000, 0x0000000755600000|  0%| F|  |TAMS 0x0000000755400000, 0x0000000755400000| Untracked 
| 671|0x0000000755600000, 0x0000000755600000, 0x0000000755800000|  0%| F|  |TAMS 0x0000000755600000, 0x0000000755600000| Untracked 
| 672|0x0000000755800000, 0x0000000755800000, 0x0000000755a00000|  0%| F|  |TAMS 0x0000000755800000, 0x0000000755800000| Untracked 
| 673|0x0000000755a00000, 0x0000000755a00000, 0x0000000755c00000|  0%| F|  |TAMS 0x0000000755a00000, 0x0000000755a00000| Untracked 
| 674|0x0000000755c00000, 0x0000000755c00000, 0x0000000755e00000|  0%| F|  |TAMS 0x0000000755c00000, 0x0000000755c00000| Untracked 
| 675|0x0000000755e00000, 0x0000000755e00000, 0x0000000756000000|  0%| F|  |TAMS 0x0000000755e00000, 0x0000000755e00000| Untracked 
| 676|0x0000000756000000, 0x0000000756000000, 0x0000000756200000|  0%| F|  |TAMS 0x0000000756000000, 0x0000000756000000| Untracked 
| 677|0x0000000756200000, 0x0000000756200000, 0x0000000756400000|  0%| F|  |TAMS 0x0000000756200000, 0x0000000756200000| Untracked 
| 678|0x0000000756400000, 0x0000000756400000, 0x0000000756600000|  0%| F|  |TAMS 0x0000000756400000, 0x0000000756400000| Untracked 
| 679|0x0000000756600000, 0x0000000756600000, 0x0000000756800000|  0%| F|  |TAMS 0x0000000756600000, 0x0000000756600000| Untracked 
| 680|0x0000000756800000, 0x0000000756800000, 0x0000000756a00000|  0%| F|  |TAMS 0x0000000756800000, 0x0000000756800000| Untracked 
| 681|0x0000000756a00000, 0x0000000756a00000, 0x0000000756c00000|  0%| F|  |TAMS 0x0000000756a00000, 0x0000000756a00000| Untracked 
| 682|0x0000000756c00000, 0x0000000756c00000, 0x0000000756e00000|  0%| F|  |TAMS 0x0000000756c00000, 0x0000000756c00000| Untracked 
| 683|0x0000000756e00000, 0x0000000756e00000, 0x0000000757000000|  0%| F|  |TAMS 0x0000000756e00000, 0x0000000756e00000| Untracked 
| 684|0x0000000757000000, 0x0000000757000000, 0x0000000757200000|  0%| F|  |TAMS 0x0000000757000000, 0x0000000757000000| Untracked 
| 685|0x0000000757200000, 0x0000000757200000, 0x0000000757400000|  0%| F|  |TAMS 0x0000000757200000, 0x0000000757200000| Untracked 
| 686|0x0000000757400000, 0x0000000757400000, 0x0000000757600000|  0%| F|  |TAMS 0x0000000757400000, 0x0000000757400000| Untracked 
| 687|0x0000000757600000, 0x0000000757600000, 0x0000000757800000|  0%| F|  |TAMS 0x0000000757600000, 0x0000000757600000| Untracked 
| 688|0x0000000757800000, 0x0000000757800000, 0x0000000757a00000|  0%| F|  |TAMS 0x0000000757800000, 0x0000000757800000| Untracked 
| 689|0x0000000757a00000, 0x0000000757a00000, 0x0000000757c00000|  0%| F|  |TAMS 0x0000000757a00000, 0x0000000757a00000| Untracked 
| 690|0x0000000757c00000, 0x0000000757c00000, 0x0000000757e00000|  0%| F|  |TAMS 0x0000000757c00000, 0x0000000757c00000| Untracked 
| 691|0x0000000757e00000, 0x0000000757e00000, 0x0000000758000000|  0%| F|  |TAMS 0x0000000757e00000, 0x0000000757e00000| Untracked 
| 692|0x0000000758000000, 0x0000000758000000, 0x0000000758200000|  0%| F|  |TAMS 0x0000000758000000, 0x0000000758000000| Untracked 
| 693|0x0000000758200000, 0x0000000758200000, 0x0000000758400000|  0%| F|  |TAMS 0x0000000758200000, 0x0000000758200000| Untracked 
| 694|0x0000000758400000, 0x0000000758400000, 0x0000000758600000|  0%| F|  |TAMS 0x0000000758400000, 0x0000000758400000| Untracked 
| 695|0x0000000758600000, 0x0000000758600000, 0x0000000758800000|  0%| F|  |TAMS 0x0000000758600000, 0x0000000758600000| Untracked 
| 696|0x0000000758800000, 0x0000000758800000, 0x0000000758a00000|  0%| F|  |TAMS 0x0000000758800000, 0x0000000758800000| Untracked 
| 697|0x0000000758a00000, 0x0000000758a00000, 0x0000000758c00000|  0%| F|  |TAMS 0x0000000758a00000, 0x0000000758a00000| Untracked 
| 698|0x0000000758c00000, 0x0000000758c00000, 0x0000000758e00000|  0%| F|  |TAMS 0x0000000758c00000, 0x0000000758c00000| Untracked 
| 699|0x0000000758e00000, 0x0000000758e00000, 0x0000000759000000|  0%| F|  |TAMS 0x0000000758e00000, 0x0000000758e00000| Untracked 
| 700|0x0000000759000000, 0x0000000759000000, 0x0000000759200000|  0%| F|  |TAMS 0x0000000759000000, 0x0000000759000000| Untracked 
| 701|0x0000000759200000, 0x0000000759200000, 0x0000000759400000|  0%| F|  |TAMS 0x0000000759200000, 0x0000000759200000| Untracked 
| 702|0x0000000759400000, 0x0000000759400000, 0x0000000759600000|  0%| F|  |TAMS 0x0000000759400000, 0x0000000759400000| Untracked 
| 703|0x0000000759600000, 0x0000000759600000, 0x0000000759800000|  0%| F|  |TAMS 0x0000000759600000, 0x0000000759600000| Untracked 
| 704|0x0000000759800000, 0x0000000759800000, 0x0000000759a00000|  0%| F|  |TAMS 0x0000000759800000, 0x0000000759800000| Untracked 
| 705|0x0000000759a00000, 0x0000000759a00000, 0x0000000759c00000|  0%| F|  |TAMS 0x0000000759a00000, 0x0000000759a00000| Untracked 
| 706|0x0000000759c00000, 0x0000000759c00000, 0x0000000759e00000|  0%| F|  |TAMS 0x0000000759c00000, 0x0000000759c00000| Untracked 
| 707|0x0000000759e00000, 0x0000000759e00000, 0x000000075a000000|  0%| F|  |TAMS 0x0000000759e00000, 0x0000000759e00000| Untracked 
| 708|0x000000075a000000, 0x000000075a000000, 0x000000075a200000|  0%| F|  |TAMS 0x000000075a000000, 0x000000075a000000| Untracked 
| 709|0x000000075a200000, 0x000000075a200000, 0x000000075a400000|  0%| F|  |TAMS 0x000000075a200000, 0x000000075a200000| Untracked 
| 710|0x000000075a400000, 0x000000075a400000, 0x000000075a600000|  0%| F|  |TAMS 0x000000075a400000, 0x000000075a400000| Untracked 
| 711|0x000000075a600000, 0x000000075a600000, 0x000000075a800000|  0%| F|  |TAMS 0x000000075a600000, 0x000000075a600000| Untracked 
| 712|0x000000075a800000, 0x000000075a800000, 0x000000075aa00000|  0%| F|  |TAMS 0x000000075a800000, 0x000000075a800000| Untracked 
| 713|0x000000075aa00000, 0x000000075aa00000, 0x000000075ac00000|  0%| F|  |TAMS 0x000000075aa00000, 0x000000075aa00000| Untracked 
| 714|0x000000075ac00000, 0x000000075ac00000, 0x000000075ae00000|  0%| F|  |TAMS 0x000000075ac00000, 0x000000075ac00000| Untracked 
| 715|0x000000075ae00000, 0x000000075ae00000, 0x000000075b000000|  0%| F|  |TAMS 0x000000075ae00000, 0x000000075ae00000| Untracked 
| 716|0x000000075b000000, 0x000000075b000000, 0x000000075b200000|  0%| F|  |TAMS 0x000000075b000000, 0x000000075b000000| Untracked 
| 717|0x000000075b200000, 0x000000075b200000, 0x000000075b400000|  0%| F|  |TAMS 0x000000075b200000, 0x000000075b200000| Untracked 
| 718|0x000000075b400000, 0x000000075b400000, 0x000000075b600000|  0%| F|  |TAMS 0x000000075b400000, 0x000000075b400000| Untracked 
| 719|0x000000075b600000, 0x000000075b600000, 0x000000075b800000|  0%| F|  |TAMS 0x000000075b600000, 0x000000075b600000| Untracked 
| 720|0x000000075b800000, 0x000000075b800000, 0x000000075ba00000|  0%| F|  |TAMS 0x000000075b800000, 0x000000075b800000| Untracked 
| 721|0x000000075ba00000, 0x000000075ba00000, 0x000000075bc00000|  0%| F|  |TAMS 0x000000075ba00000, 0x000000075ba00000| Untracked 
| 722|0x000000075bc00000, 0x000000075bc00000, 0x000000075be00000|  0%| F|  |TAMS 0x000000075bc00000, 0x000000075bc00000| Untracked 
| 723|0x000000075be00000, 0x000000075be00000, 0x000000075c000000|  0%| F|  |TAMS 0x000000075be00000, 0x000000075be00000| Untracked 
| 724|0x000000075c000000, 0x000000075c000000, 0x000000075c200000|  0%| F|  |TAMS 0x000000075c000000, 0x000000075c000000| Untracked 
| 725|0x000000075c200000, 0x000000075c200000, 0x000000075c400000|  0%| F|  |TAMS 0x000000075c200000, 0x000000075c200000| Untracked 
| 726|0x000000075c400000, 0x000000075c400000, 0x000000075c600000|  0%| F|  |TAMS 0x000000075c400000, 0x000000075c400000| Untracked 
| 727|0x000000075c600000, 0x000000075c600000, 0x000000075c800000|  0%| F|  |TAMS 0x000000075c600000, 0x000000075c600000| Untracked 
| 728|0x000000075c800000, 0x000000075c800000, 0x000000075ca00000|  0%| F|  |TAMS 0x000000075c800000, 0x000000075c800000| Untracked 
| 729|0x000000075ca00000, 0x000000075ca00000, 0x000000075cc00000|  0%| F|  |TAMS 0x000000075ca00000, 0x000000075ca00000| Untracked 
| 730|0x000000075cc00000, 0x000000075cc00000, 0x000000075ce00000|  0%| F|  |TAMS 0x000000075cc00000, 0x000000075cc00000| Untracked 
| 731|0x000000075ce00000, 0x000000075ce00000, 0x000000075d000000|  0%| F|  |TAMS 0x000000075ce00000, 0x000000075ce00000| Untracked 
| 732|0x000000075d000000, 0x000000075d000000, 0x000000075d200000|  0%| F|  |TAMS 0x000000075d000000, 0x000000075d000000| Untracked 
| 733|0x000000075d200000, 0x000000075d200000, 0x000000075d400000|  0%| F|  |TAMS 0x000000075d200000, 0x000000075d200000| Untracked 
| 734|0x000000075d400000, 0x000000075d400000, 0x000000075d600000|  0%| F|  |TAMS 0x000000075d400000, 0x000000075d400000| Untracked 
| 735|0x000000075d600000, 0x000000075d600000, 0x000000075d800000|  0%| F|  |TAMS 0x000000075d600000, 0x000000075d600000| Untracked 
| 736|0x000000075d800000, 0x000000075d800000, 0x000000075da00000|  0%| F|  |TAMS 0x000000075d800000, 0x000000075d800000| Untracked 
| 737|0x000000075da00000, 0x000000075da00000, 0x000000075dc00000|  0%| F|  |TAMS 0x000000075da00000, 0x000000075da00000| Untracked 
| 738|0x000000075dc00000, 0x000000075dc00000, 0x000000075de00000|  0%| F|  |TAMS 0x000000075dc00000, 0x000000075dc00000| Untracked 
| 739|0x000000075de00000, 0x000000075de00000, 0x000000075e000000|  0%| F|  |TAMS 0x000000075de00000, 0x000000075de00000| Untracked 
| 740|0x000000075e000000, 0x000000075e000000, 0x000000075e200000|  0%| F|  |TAMS 0x000000075e000000, 0x000000075e000000| Untracked 
| 741|0x000000075e200000, 0x000000075e200000, 0x000000075e400000|  0%| F|  |TAMS 0x000000075e200000, 0x000000075e200000| Untracked 
| 742|0x000000075e400000, 0x000000075e400000, 0x000000075e600000|  0%| F|  |TAMS 0x000000075e400000, 0x000000075e400000| Untracked 
| 743|0x000000075e600000, 0x000000075e600000, 0x000000075e800000|  0%| F|  |TAMS 0x000000075e600000, 0x000000075e600000| Untracked 
| 744|0x000000075e800000, 0x000000075e800000, 0x000000075ea00000|  0%| F|  |TAMS 0x000000075e800000, 0x000000075e800000| Untracked 
| 745|0x000000075ea00000, 0x000000075ea00000, 0x000000075ec00000|  0%| F|  |TAMS 0x000000075ea00000, 0x000000075ea00000| Untracked 
| 746|0x000000075ec00000, 0x000000075ec00000, 0x000000075ee00000|  0%| F|  |TAMS 0x000000075ec00000, 0x000000075ec00000| Untracked 
| 747|0x000000075ee00000, 0x000000075ee00000, 0x000000075f000000|  0%| F|  |TAMS 0x000000075ee00000, 0x000000075ee00000| Untracked 
| 748|0x000000075f000000, 0x000000075f000000, 0x000000075f200000|  0%| F|  |TAMS 0x000000075f000000, 0x000000075f000000| Untracked 
| 749|0x000000075f200000, 0x000000075f200000, 0x000000075f400000|  0%| F|  |TAMS 0x000000075f200000, 0x000000075f200000| Untracked 
| 750|0x000000075f400000, 0x000000075f400000, 0x000000075f600000|  0%| F|  |TAMS 0x000000075f400000, 0x000000075f400000| Untracked 
| 751|0x000000075f600000, 0x000000075f600000, 0x000000075f800000|  0%| F|  |TAMS 0x000000075f600000, 0x000000075f600000| Untracked 
| 752|0x000000075f800000, 0x000000075f800000, 0x000000075fa00000|  0%| F|  |TAMS 0x000000075f800000, 0x000000075f800000| Untracked 
| 753|0x000000075fa00000, 0x000000075fa00000, 0x000000075fc00000|  0%| F|  |TAMS 0x000000075fa00000, 0x000000075fa00000| Untracked 
| 754|0x000000075fc00000, 0x000000075fc00000, 0x000000075fe00000|  0%| F|  |TAMS 0x000000075fc00000, 0x000000075fc00000| Untracked 
| 755|0x000000075fe00000, 0x000000075fe00000, 0x0000000760000000|  0%| F|  |TAMS 0x000000075fe00000, 0x000000075fe00000| Untracked 
| 756|0x0000000760000000, 0x0000000760000000, 0x0000000760200000|  0%| F|  |TAMS 0x0000000760000000, 0x0000000760000000| Untracked 
| 757|0x0000000760200000, 0x0000000760200000, 0x0000000760400000|  0%| F|  |TAMS 0x0000000760200000, 0x0000000760200000| Untracked 
| 758|0x0000000760400000, 0x0000000760400000, 0x0000000760600000|  0%| F|  |TAMS 0x0000000760400000, 0x0000000760400000| Untracked 
| 759|0x0000000760600000, 0x0000000760600000, 0x0000000760800000|  0%| F|  |TAMS 0x0000000760600000, 0x0000000760600000| Untracked 
| 760|0x0000000760800000, 0x0000000760800000, 0x0000000760a00000|  0%| F|  |TAMS 0x0000000760800000, 0x0000000760800000| Untracked 
| 761|0x0000000760a00000, 0x0000000760a00000, 0x0000000760c00000|  0%| F|  |TAMS 0x0000000760a00000, 0x0000000760a00000| Untracked 
| 762|0x0000000760c00000, 0x0000000760c00000, 0x0000000760e00000|  0%| F|  |TAMS 0x0000000760c00000, 0x0000000760c00000| Untracked 
| 763|0x0000000760e00000, 0x0000000760e00000, 0x0000000761000000|  0%| F|  |TAMS 0x0000000760e00000, 0x0000000760e00000| Untracked 
| 764|0x0000000761000000, 0x0000000761000000, 0x0000000761200000|  0%| F|  |TAMS 0x0000000761000000, 0x0000000761000000| Untracked 
| 765|0x0000000761200000, 0x0000000761200000, 0x0000000761400000|  0%| F|  |TAMS 0x0000000761200000, 0x0000000761200000| Untracked 
| 766|0x0000000761400000, 0x0000000761400000, 0x0000000761600000|  0%| F|  |TAMS 0x0000000761400000, 0x0000000761400000| Untracked 
| 767|0x0000000761600000, 0x0000000761600000, 0x0000000761800000|  0%| F|  |TAMS 0x0000000761600000, 0x0000000761600000| Untracked 
| 768|0x0000000761800000, 0x0000000761800000, 0x0000000761a00000|  0%| F|  |TAMS 0x0000000761800000, 0x0000000761800000| Untracked 
| 769|0x0000000761a00000, 0x0000000761a00000, 0x0000000761c00000|  0%| F|  |TAMS 0x0000000761a00000, 0x0000000761a00000| Untracked 
| 770|0x0000000761c00000, 0x0000000761c00000, 0x0000000761e00000|  0%| F|  |TAMS 0x0000000761c00000, 0x0000000761c00000| Untracked 
| 771|0x0000000761e00000, 0x0000000761e00000, 0x0000000762000000|  0%| F|  |TAMS 0x0000000761e00000, 0x0000000761e00000| Untracked 
| 772|0x0000000762000000, 0x0000000762000000, 0x0000000762200000|  0%| F|  |TAMS 0x0000000762000000, 0x0000000762000000| Untracked 
| 773|0x0000000762200000, 0x0000000762200000, 0x0000000762400000|  0%| F|  |TAMS 0x0000000762200000, 0x0000000762200000| Untracked 
| 774|0x0000000762400000, 0x0000000762400000, 0x0000000762600000|  0%| F|  |TAMS 0x0000000762400000, 0x0000000762400000| Untracked 
| 775|0x0000000762600000, 0x0000000762600000, 0x0000000762800000|  0%| F|  |TAMS 0x0000000762600000, 0x0000000762600000| Untracked 
| 776|0x0000000762800000, 0x0000000762800000, 0x0000000762a00000|  0%| F|  |TAMS 0x0000000762800000, 0x0000000762800000| Untracked 
| 777|0x0000000762a00000, 0x0000000762a00000, 0x0000000762c00000|  0%| F|  |TAMS 0x0000000762a00000, 0x0000000762a00000| Untracked 
| 778|0x0000000762c00000, 0x0000000762c00000, 0x0000000762e00000|  0%| F|  |TAMS 0x0000000762c00000, 0x0000000762c00000| Untracked 
| 779|0x0000000762e00000, 0x0000000762e00000, 0x0000000763000000|  0%| F|  |TAMS 0x0000000762e00000, 0x0000000762e00000| Untracked 
| 780|0x0000000763000000, 0x0000000763000000, 0x0000000763200000|  0%| F|  |TAMS 0x0000000763000000, 0x0000000763000000| Untracked 
| 781|0x0000000763200000, 0x0000000763200000, 0x0000000763400000|  0%| F|  |TAMS 0x0000000763200000, 0x0000000763200000| Untracked 
| 782|0x0000000763400000, 0x0000000763400000, 0x0000000763600000|  0%| F|  |TAMS 0x0000000763400000, 0x0000000763400000| Untracked 
| 783|0x0000000763600000, 0x0000000763600000, 0x0000000763800000|  0%| F|  |TAMS 0x0000000763600000, 0x0000000763600000| Untracked 
| 784|0x0000000763800000, 0x0000000763800000, 0x0000000763a00000|  0%| F|  |TAMS 0x0000000763800000, 0x0000000763800000| Untracked 
| 785|0x0000000763a00000, 0x0000000763baf968, 0x0000000763c00000| 84%| S|CS|TAMS 0x0000000763a00000, 0x0000000763a00000| Complete 
| 786|0x0000000763c00000, 0x0000000763c00000, 0x0000000763e00000|  0%| F|  |TAMS 0x0000000763c00000, 0x0000000763c00000| Untracked 
| 787|0x0000000763e00000, 0x0000000763e00000, 0x0000000764000000|  0%| F|  |TAMS 0x0000000763e00000, 0x0000000763e00000| Untracked 
| 788|0x0000000764000000, 0x0000000764000000, 0x0000000764200000|  0%| F|  |TAMS 0x0000000764000000, 0x0000000764000000| Untracked 
| 789|0x0000000764200000, 0x0000000764200000, 0x0000000764400000|  0%| F|  |TAMS 0x0000000764200000, 0x0000000764200000| Untracked 
| 790|0x0000000764400000, 0x0000000764400000, 0x0000000764600000|  0%| F|  |TAMS 0x0000000764400000, 0x0000000764400000| Untracked 
| 791|0x0000000764600000, 0x0000000764600000, 0x0000000764800000|  0%| F|  |TAMS 0x0000000764600000, 0x0000000764600000| Untracked 
| 792|0x0000000764800000, 0x0000000764800000, 0x0000000764a00000|  0%| F|  |TAMS 0x0000000764800000, 0x0000000764800000| Untracked 
| 793|0x0000000764a00000, 0x0000000764a00000, 0x0000000764c00000|  0%| F|  |TAMS 0x0000000764a00000, 0x0000000764a00000| Untracked 
| 794|0x0000000764c00000, 0x0000000764c00000, 0x0000000764e00000|  0%| F|  |TAMS 0x0000000764c00000, 0x0000000764c00000| Untracked 
| 795|0x0000000764e00000, 0x0000000764e00000, 0x0000000765000000|  0%| F|  |TAMS 0x0000000764e00000, 0x0000000764e00000| Untracked 
| 796|0x0000000765000000, 0x0000000765000000, 0x0000000765200000|  0%| F|  |TAMS 0x0000000765000000, 0x0000000765000000| Untracked 
| 797|0x0000000765200000, 0x0000000765200000, 0x0000000765400000|  0%| F|  |TAMS 0x0000000765200000, 0x0000000765200000| Untracked 
| 798|0x0000000765400000, 0x0000000765400000, 0x0000000765600000|  0%| F|  |TAMS 0x0000000765400000, 0x0000000765400000| Untracked 
| 799|0x0000000765600000, 0x0000000765600000, 0x0000000765800000|  0%| F|  |TAMS 0x0000000765600000, 0x0000000765600000| Untracked 
| 800|0x0000000765800000, 0x0000000765800000, 0x0000000765a00000|  0%| F|  |TAMS 0x0000000765800000, 0x0000000765800000| Untracked 
| 801|0x0000000765a00000, 0x0000000765a00000, 0x0000000765c00000|  0%| F|  |TAMS 0x0000000765a00000, 0x0000000765a00000| Untracked 
| 802|0x0000000765c00000, 0x0000000765c00000, 0x0000000765e00000|  0%| F|  |TAMS 0x0000000765c00000, 0x0000000765c00000| Untracked 
| 803|0x0000000765e00000, 0x0000000765e00000, 0x0000000766000000|  0%| F|  |TAMS 0x0000000765e00000, 0x0000000765e00000| Untracked 
| 804|0x0000000766000000, 0x0000000766000000, 0x0000000766200000|  0%| F|  |TAMS 0x0000000766000000, 0x0000000766000000| Untracked 
| 805|0x0000000766200000, 0x0000000766200000, 0x0000000766400000|  0%| F|  |TAMS 0x0000000766200000, 0x0000000766200000| Untracked 
| 806|0x0000000766400000, 0x0000000766400000, 0x0000000766600000|  0%| F|  |TAMS 0x0000000766400000, 0x0000000766400000| Untracked 
| 807|0x0000000766600000, 0x0000000766600000, 0x0000000766800000|  0%| F|  |TAMS 0x0000000766600000, 0x0000000766600000| Untracked 
| 808|0x0000000766800000, 0x0000000766800000, 0x0000000766a00000|  0%| F|  |TAMS 0x0000000766800000, 0x0000000766800000| Untracked 
| 809|0x0000000766a00000, 0x0000000766a00000, 0x0000000766c00000|  0%| F|  |TAMS 0x0000000766a00000, 0x0000000766a00000| Untracked 
| 810|0x0000000766c00000, 0x0000000766c00000, 0x0000000766e00000|  0%| F|  |TAMS 0x0000000766c00000, 0x0000000766c00000| Untracked 
| 811|0x0000000766e00000, 0x0000000766e00000, 0x0000000767000000|  0%| F|  |TAMS 0x0000000766e00000, 0x0000000766e00000| Untracked 
| 812|0x0000000767000000, 0x0000000767000000, 0x0000000767200000|  0%| F|  |TAMS 0x0000000767000000, 0x0000000767000000| Untracked 
| 813|0x0000000767200000, 0x0000000767200000, 0x0000000767400000|  0%| F|  |TAMS 0x0000000767200000, 0x0000000767200000| Untracked 
| 814|0x0000000767400000, 0x0000000767400000, 0x0000000767600000|  0%| F|  |TAMS 0x0000000767400000, 0x0000000767400000| Untracked 
| 815|0x0000000767600000, 0x0000000767600000, 0x0000000767800000|  0%| F|  |TAMS 0x0000000767600000, 0x0000000767600000| Untracked 
| 816|0x0000000767800000, 0x0000000767800000, 0x0000000767a00000|  0%| F|  |TAMS 0x0000000767800000, 0x0000000767800000| Untracked 
| 817|0x0000000767a00000, 0x0000000767a00000, 0x0000000767c00000|  0%| F|  |TAMS 0x0000000767a00000, 0x0000000767a00000| Untracked 
| 818|0x0000000767c00000, 0x0000000767c00000, 0x0000000767e00000|  0%| F|  |TAMS 0x0000000767c00000, 0x0000000767c00000| Untracked 
| 819|0x0000000767e00000, 0x0000000767e00000, 0x0000000768000000|  0%| F|  |TAMS 0x0000000767e00000, 0x0000000767e00000| Untracked 
| 820|0x0000000768000000, 0x0000000768000000, 0x0000000768200000|  0%| F|  |TAMS 0x0000000768000000, 0x0000000768000000| Untracked 
| 821|0x0000000768200000, 0x0000000768200000, 0x0000000768400000|  0%| F|  |TAMS 0x0000000768200000, 0x0000000768200000| Untracked 
| 822|0x0000000768400000, 0x000000076853ced0, 0x0000000768600000| 61%| E|  |TAMS 0x0000000768400000, 0x0000000768400000| Complete 
| 823|0x0000000768600000, 0x0000000768800000, 0x0000000768800000|100%| E|CS|TAMS 0x0000000768600000, 0x0000000768600000| Complete 

Card table byte_map: [0x00000261b90b0000,0x00000261b98b0000] _byte_map_base: 0x00000261b58a4000

Marking Bits (Prev, Next): (CMBitMap*) 0x00000261a0d08f10, (CMBitMap*) 0x00000261a0d08f50
 Prev Bits: [0x00000261ba0b0000, 0x00000261be050000)
 Next Bits: [0x00000261be050000, 0x00000261c1ff0000)

Polling page: 0x0000026197d60000

Metaspace:

Usage:
  Non-class:     87.68 MB used.
      Class:     14.64 MB used.
       Both:    102.32 MB used.

Virtual space:
  Non-class space:      128.00 MB reserved,      88.06 MB ( 69%) committed,  2 nodes.
      Class space:        1.00 GB reserved,      15.00 MB (  1%) committed,  1 nodes.
             Both:        1.12 GB reserved,     103.06 MB (  9%) committed. 

Chunk freelists:
   Non-Class:  7.53 MB
       Class:  834.00 KB
        Both:  8.35 MB

MaxMetaspaceSize: unlimited
CompressedClassSpaceSize: 1.00 GB
Initial GC threshold: 21.00 MB
Current GC threshold: 171.06 MB
CDS: on
MetaspaceReclaimPolicy: balanced
 - commit_granule_bytes: 65536.
 - commit_granule_words: 8192.
 - virtual_space_node_default_size: 8388608.
 - enlarge_chunks_in_place: 1.
 - new_chunks_are_fully_committed: 0.
 - uncommit_free_chunks: 1.
 - use_allocation_guard: 0.
 - handle_deallocations: 1.


Internal statistics:

num_allocs_failed_limit: 6.
num_arena_births: 1230.
num_arena_deaths: 0.
num_vsnodes_births: 3.
num_vsnodes_deaths: 0.
num_space_committed: 1643.
num_space_uncommitted: 0.
num_chunks_returned_to_freelist: 6.
num_chunks_taken_from_freelist: 4077.
num_chunk_merges: 6.
num_chunk_splits: 3124.
num_chunks_enlarged: 2456.
num_inconsistent_stats: 0.

CodeHeap 'non-profiled nmethods': size=119168Kb used=27288Kb max_used=27288Kb free=91879Kb
 bounds [0x00000261b0bd0000, 0x00000261b2680000, 0x00000261b8030000]
CodeHeap 'profiled nmethods': size=119104Kb used=42515Kb max_used=43246Kb free=76588Kb
 bounds [0x00000261a9030000, 0x00000261aba80000, 0x00000261b0480000]
CodeHeap 'non-nmethods': size=7488Kb used=1782Kb max_used=3510Kb free=5705Kb
 bounds [0x00000261b0480000, 0x00000261b0860000, 0x00000261b0bd0000]
 total_blobs=22183 nmethods=20945 adapters=1146
 compilation: enabled
              stopped_count=0, restarted_count=0
 full_count=0

Compilation events (20 events):
Event: 2589.387 Thread 0x00000261a0fc9280 nmethod 28732 0x00000261aa6bcf90 code [0x00000261aa6bd300, 0x00000261aa6be758]
Event: 2589.387 Thread 0x00000261a0fc9280 28733       3       ui.data.k.c::equals (42 bytes)
Event: 2589.387 Thread 0x00000261a0fc9280 nmethod 28733 0x00000261ab5d3a90 code [0x00000261ab5d3d20, 0x00000261ab5d4768]
Event: 2589.387 Thread 0x00000261a0fc9280 28734       3       ui.data.k.a::equals (206 bytes)
Event: 2589.389 Thread 0x00000261a0fc9280 nmethod 28734 0x00000261a9ec1a10 code [0x00000261a9ec20c0, 0x00000261a9ec4e38]
Event: 2607.674 Thread 0x00000261a0fc6b00 28735       4       javax.swing.JComponent::setAutoscrolls (46 bytes)
Event: 2607.679 Thread 0x00000261a0fc6b00 nmethod 28735 0x00000261b266f010 code [0x00000261b266f1c0, 0x00000261b266f768]
Event: 2607.697 Thread 0x00000261a0fc9280 28736       3       ui.views.W.a.a::inspectCode (85 bytes)
Event: 2607.698 Thread 0x00000261a0fc9280 nmethod 28736 0x00000261ab45e290 code [0x00000261ab45e500, 0x00000261ab45f0d8]
Event: 2607.698 Thread 0x00000261a0fc9280 28739       3       ui.data.design.x::run (238 bytes)
Event: 2607.699 Thread 0x00000261a0fc9280 nmethod 28739 0x00000261a99a4d10 code [0x00000261a99a5080, 0x00000261a99a6c98]
Event: 2607.699 Thread 0x00000261a0fc9280 28738       3       ui.data.design.x::<init> (26 bytes)
Event: 2607.699 Thread 0x00000261a0fc9280 nmethod 28738 0x00000261aa47fa10 code [0x00000261aa47fbc0, 0x00000261aa47feb8]
Event: 2607.699 Thread 0x00000261a0fc9280 28737       3       com.jidesoft.editor.CodeEditor::inspectCode (6 bytes)
Event: 2607.699 Thread 0x00000261a0fc9280 nmethod 28737 0x00000261aa6bca90 code [0x00000261aa6bcc40, 0x00000261aa6bce08]
Event: 2608.236 Thread 0x00000261a0fc6b00 28740       4       ui.data.design.B::h (37 bytes)
Event: 2608.243 Thread 0x00000261a0fc6b00 nmethod 28740 0x00000261b266fa10 code [0x00000261b266fcc0, 0x00000261b2670318]
Event: 2608.316 Thread 0x00000261a0fc9280 28741   !   3       sun.nio.cs.StreamDecoder::inReady (36 bytes)
Event: 2608.317 Thread 0x00000261a0fc9280 nmethod 28741 0x00000261ab844110 code [0x00000261ab8442c0, 0x00000261ab8446c8]
Event: 2608.318 Thread 0x00000261a0fc6b00 28742       4       sun.nio.fs.WindowsPathParser::parse (384 bytes)

GC Heap History (20 events):
Event: 2569.117 GC heap before
{Heap before GC invocations=202 (full 8):
 garbage-first heap   total 1687552K, used 342360K [0x0000000701800000, 0x0000000800000000)
  region size 2048K, 40 young (81920K), 2 survivors (4096K)
 Metaspace       used 104734K, committed 105472K, reserved 1179648K
  class space    used 14991K, committed 15360K, reserved 1048576K
}
Event: 2569.120 GC heap after
{Heap after GC invocations=203 (full 8):
 garbage-first heap   total 1687552K, used 265359K [0x0000000701800000, 0x0000000800000000)
  region size 2048K, 2 young (4096K), 2 survivors (4096K)
 Metaspace       used 104734K, committed 105472K, reserved 1179648K
  class space    used 14991K, committed 15360K, reserved 1048576K
}
Event: 2570.945 GC heap before
{Heap before GC invocations=203 (full 8):
 garbage-first heap   total 1687552K, used 343183K [0x0000000701800000, 0x0000000800000000)
  region size 2048K, 40 young (81920K), 2 survivors (4096K)
 Metaspace       used 104754K, committed 105536K, reserved 1179648K
  class space    used 14991K, committed 15360K, reserved 1048576K
}
Event: 2570.947 GC heap after
{Heap after GC invocations=204 (full 8):
 garbage-first heap   total 1687552K, used 264344K [0x0000000701800000, 0x0000000800000000)
  region size 2048K, 1 young (2048K), 1 survivors (2048K)
 Metaspace       used 104754K, committed 105536K, reserved 1179648K
  class space    used 14991K, committed 15360K, reserved 1048576K
}
Event: 2572.341 GC heap before
{Heap before GC invocations=204 (full 8):
 garbage-first heap   total 1687552K, used 344216K [0x0000000701800000, 0x0000000800000000)
  region size 2048K, 40 young (81920K), 1 survivors (2048K)
 Metaspace       used 104760K, committed 105536K, reserved 1179648K
  class space    used 14991K, committed 15360K, reserved 1048576K
}
Event: 2572.342 GC heap after
{Heap after GC invocations=205 (full 8):
 garbage-first heap   total 1687552K, used 264663K [0x0000000701800000, 0x0000000800000000)
  region size 2048K, 2 young (4096K), 2 survivors (4096K)
 Metaspace       used 104760K, committed 105536K, reserved 1179648K
  class space    used 14991K, committed 15360K, reserved 1048576K
}
Event: 2572.526 GC heap before
{Heap before GC invocations=205 (full 8):
 garbage-first heap   total 1687552K, used 342487K [0x0000000701800000, 0x0000000800000000)
  region size 2048K, 40 young (81920K), 2 survivors (4096K)
 Metaspace       used 104760K, committed 105536K, reserved 1179648K
  class space    used 14991K, committed 15360K, reserved 1048576K
}
Event: 2572.528 GC heap after
{Heap after GC invocations=206 (full 8):
 garbage-first heap   total 1687552K, used 264633K [0x0000000701800000, 0x0000000800000000)
  region size 2048K, 1 young (2048K), 1 survivors (2048K)
 Metaspace       used 104760K, committed 105536K, reserved 1179648K
  class space    used 14991K, committed 15360K, reserved 1048576K
}
Event: 2572.717 GC heap before
{Heap before GC invocations=206 (full 8):
 garbage-first heap   total 1687552K, used 344505K [0x0000000701800000, 0x0000000800000000)
  region size 2048K, 40 young (81920K), 1 survivors (2048K)
 Metaspace       used 104760K, committed 105536K, reserved 1179648K
  class space    used 14991K, committed 15360K, reserved 1048576K
}
Event: 2572.719 GC heap after
{Heap after GC invocations=207 (full 8):
 garbage-first heap   total 1687552K, used 264607K [0x0000000701800000, 0x0000000800000000)
  region size 2048K, 1 young (2048K), 1 survivors (2048K)
 Metaspace       used 104760K, committed 105536K, reserved 1179648K
  class space    used 14991K, committed 15360K, reserved 1048576K
}
Event: 2572.905 GC heap before
{Heap before GC invocations=207 (full 8):
 garbage-first heap   total 1687552K, used 344479K [0x0000000701800000, 0x0000000800000000)
  region size 2048K, 40 young (81920K), 1 survivors (2048K)
 Metaspace       used 104760K, committed 105536K, reserved 1179648K
  class space    used 14991K, committed 15360K, reserved 1048576K
}
Event: 2572.906 GC heap after
{Heap after GC invocations=208 (full 8):
 garbage-first heap   total 1687552K, used 264592K [0x0000000701800000, 0x0000000800000000)
  region size 2048K, 1 young (2048K), 1 survivors (2048K)
 Metaspace       used 104760K, committed 105536K, reserved 1179648K
  class space    used 14991K, committed 15360K, reserved 1048576K
}
Event: 2573.074 GC heap before
{Heap before GC invocations=208 (full 8):
 garbage-first heap   total 1687552K, used 344464K [0x0000000701800000, 0x0000000800000000)
  region size 2048K, 40 young (81920K), 1 survivors (2048K)
 Metaspace       used 104760K, committed 105536K, reserved 1179648K
  class space    used 14991K, committed 15360K, reserved 1048576K
}
Event: 2573.076 GC heap after
{Heap after GC invocations=209 (full 8):
 garbage-first heap   total 1687552K, used 264642K [0x0000000701800000, 0x0000000800000000)
  region size 2048K, 1 young (2048K), 1 survivors (2048K)
 Metaspace       used 104760K, committed 105536K, reserved 1179648K
  class space    used 14991K, committed 15360K, reserved 1048576K
}
Event: 2573.664 GC heap before
{Heap before GC invocations=209 (full 8):
 garbage-first heap   total 1687552K, used 344514K [0x0000000701800000, 0x0000000800000000)
  region size 2048K, 40 young (81920K), 1 survivors (2048K)
 Metaspace       used 104762K, committed 105536K, reserved 1179648K
  class space    used 14991K, committed 15360K, reserved 1048576K
}
Event: 2573.666 GC heap after
{Heap after GC invocations=210 (full 8):
 garbage-first heap   total 1687552K, used 264384K [0x0000000701800000, 0x0000000800000000)
  region size 2048K, 1 young (2048K), 1 survivors (2048K)
 Metaspace       used 104762K, committed 105536K, reserved 1179648K
  class space    used 14991K, committed 15360K, reserved 1048576K
}
Event: 2576.939 GC heap before
{Heap before GC invocations=210 (full 8):
 garbage-first heap   total 1687552K, used 344256K [0x0000000701800000, 0x0000000800000000)
  region size 2048K, 40 young (81920K), 1 survivors (2048K)
 Metaspace       used 104764K, committed 105536K, reserved 1179648K
  class space    used 14991K, committed 15360K, reserved 1048576K
}
Event: 2576.941 GC heap after
{Heap after GC invocations=211 (full 8):
 garbage-first heap   total 1687552K, used 264965K [0x0000000701800000, 0x0000000800000000)
  region size 2048K, 2 young (4096K), 2 survivors (4096K)
 Metaspace       used 104764K, committed 105536K, reserved 1179648K
  class space    used 14991K, committed 15360K, reserved 1048576K
}
Event: 2608.278 GC heap before
{Heap before GC invocations=211 (full 8):
 garbage-first heap   total 1687552K, used 342789K [0x0000000701800000, 0x0000000800000000)
  region size 2048K, 40 young (81920K), 2 survivors (4096K)
 Metaspace       used 104776K, committed 105536K, reserved 1179648K
  class space    used 14991K, committed 15360K, reserved 1048576K
}
Event: 2608.280 GC heap after
{Heap after GC invocations=212 (full 8):
 garbage-first heap   total 1687552K, used 264331K [0x0000000701800000, 0x0000000800000000)
  region size 2048K, 1 young (2048K), 1 survivors (2048K)
 Metaspace       used 104776K, committed 105536K, reserved 1179648K
  class space    used 14991K, committed 15360K, reserved 1048576K
}

Dll operation events (20 events):
Event: 1.350 Loaded shared library E:\Xilinx\Vivado\2023.2\lib\win64.o\librdi_ipservicestasks.dll
Event: 1.351 Loaded shared library E:\Xilinx\Vivado\2023.2\lib\win64.o\librdi_vivadotasks.dll
Event: 1.352 Loaded shared library E:\Xilinx\Vivado\2023.2\lib\win64.o\librdi_board.dll
Event: 1.353 Loaded shared library E:\Xilinx\Vivado\2023.2\lib\win64.o\librdi_boarddep.dll
Event: 1.354 Loaded shared library E:\Xilinx\Vivado\2023.2\lib\win64.o\librdi_boardcommontasks.dll
Event: 1.355 Loaded shared library E:\Xilinx\Vivado\2023.2\lib\win64.o\librdi_ptgen.dll
Event: 1.355 Loaded shared library E:\Xilinx\Vivado\2023.2\lib\win64.o\librdi_ip.dll
Event: 1.357 Loaded shared library E:\Xilinx\Vivado\2023.2\lib\win64.o\librdi_mig.dll
Event: 1.359 Loaded shared library E:\Xilinx\Vivado\2023.2\lib\win64.o\librdi_implflow.dll
Event: 1.359 Loaded shared library E:\Xilinx\Vivado\2023.2\lib\win64.o\librdi_xhubtasks.dll
Event: 1.380 Loaded shared library E:\Xilinx\Vivado\2023.2\lib\win64.o\librdi_iptasks.dll
Event: 1.382 Loaded shared library E:\Xilinx\Vivado\2023.2\lib\win64.o\librdi_synth.dll
Event: 2.605 Loaded shared library E:\Xilinx\Vivado\2023.2\tps\win64\jre17.0.7_7\bin\verify.dll
Event: 2.868 Loaded shared library E:\Xilinx\Vivado\2023.2\tps\win64\jre17.0.7_7\bin\javajpeg.dll
Event: 2.877 Loaded shared library E:\Xilinx\Vivado\2023.2\tps\win64\jre17.0.7_7\bin\lcms.dll
Event: 3.259 Loaded shared library E:\Xilinx\Vivado\2023.2\tps\win64\jre17.0.7_7\bin\freetype.dll
Event: 3.262 Loaded shared library E:\Xilinx\Vivado\2023.2\tps\win64\jre17.0.7_7\bin\fontmanager.dll
Event: 7.204 Loaded shared library E:\Xilinx\Vivado\2023.2\lib\win64.o\librdi_xhub.dll
Event: 12.996 Loaded shared library E:\Xilinx\Vivado\2023.2\tps\win64\jre17.0.7_7\bin\management.dll
Event: 13.000 Loaded shared library E:\Xilinx\Vivado\2023.2\tps\win64\jre17.0.7_7\bin\management_ext.dll

Deoptimization events (20 events):
Event: 2572.914 Thread 0x0000026197c90b00 DEOPT PACKING pc=0x00000261ab117f40 sp=0x0000009fc96fed80
Event: 2572.914 Thread 0x0000026197c90b00 DEOPT UNPACKING pc=0x00000261b04d7143 sp=0x0000009fc96fe280 mode 0
Event: 2572.967 Thread 0x0000026197c90b00 DEOPT PACKING pc=0x00000261a9a54ca4 sp=0x0000009fc96fee60
Event: 2572.967 Thread 0x0000026197c90b00 DEOPT UNPACKING pc=0x00000261b04d7143 sp=0x0000009fc96fe380 mode 0
Event: 2574.342 Thread 0x0000026197c90b00 Uncommon trap: trap_request=0xffffffbe fr.pc=0x00000261b265e1ec relative=0x000000000000308c
Event: 2574.342 Thread 0x0000026197c90b00 Uncommon trap: reason=profile_predicate action=maybe_recompile pc=0x00000261b265e1ec method=com.jidesoft.plaf.basic.BasicJideTabbedPaneUI$TabbedPaneScrollLayout.layoutContainer(Ljava/awt/Container;)V @ 1606 c2
Event: 2574.342 Thread 0x0000026197c90b00 DEOPT PACKING pc=0x00000261b265e1ec sp=0x0000009fc96fe690
Event: 2574.342 Thread 0x0000026197c90b00 DEOPT UNPACKING pc=0x00000261b04d69a3 sp=0x0000009fc96fe5c0 mode 2
Event: 2574.342 Thread 0x0000026197c90b00 Uncommon trap: trap_request=0xffffffbe fr.pc=0x00000261b265e1ec relative=0x000000000000308c
Event: 2574.342 Thread 0x0000026197c90b00 Uncommon trap: reason=profile_predicate action=maybe_recompile pc=0x00000261b265e1ec method=com.jidesoft.plaf.basic.BasicJideTabbedPaneUI$TabbedPaneScrollLayout.layoutContainer(Ljava/awt/Container;)V @ 1606 c2
Event: 2574.342 Thread 0x0000026197c90b00 DEOPT PACKING pc=0x00000261b265e1ec sp=0x0000009fc96fe840
Event: 2574.342 Thread 0x0000026197c90b00 DEOPT UNPACKING pc=0x00000261b04d69a3 sp=0x0000009fc96fe770 mode 2
Event: 2574.520 Thread 0x0000026197c90b00 Uncommon trap: trap_request=0xffffffbe fr.pc=0x00000261b265e1ec relative=0x000000000000308c
Event: 2574.521 Thread 0x0000026197c90b00 Uncommon trap: reason=profile_predicate action=maybe_recompile pc=0x00000261b265e1ec method=com.jidesoft.plaf.basic.BasicJideTabbedPaneUI$TabbedPaneScrollLayout.layoutContainer(Ljava/awt/Container;)V @ 1606 c2
Event: 2574.521 Thread 0x0000026197c90b00 DEOPT PACKING pc=0x00000261b265e1ec sp=0x0000009fc96fe8d0
Event: 2574.521 Thread 0x0000026197c90b00 DEOPT UNPACKING pc=0x00000261b04d69a3 sp=0x0000009fc96fe800 mode 2
Event: 2574.521 Thread 0x0000026197c90b00 Uncommon trap: trap_request=0xffffffbe fr.pc=0x00000261b265e1ec relative=0x000000000000308c
Event: 2574.521 Thread 0x0000026197c90b00 Uncommon trap: reason=profile_predicate action=maybe_recompile pc=0x00000261b265e1ec method=com.jidesoft.plaf.basic.BasicJideTabbedPaneUI$TabbedPaneScrollLayout.layoutContainer(Ljava/awt/Container;)V @ 1606 c2
Event: 2574.521 Thread 0x0000026197c90b00 DEOPT PACKING pc=0x00000261b265e1ec sp=0x0000009fc96fea80
Event: 2574.521 Thread 0x0000026197c90b00 DEOPT UNPACKING pc=0x00000261b04d69a3 sp=0x0000009fc96fe9b0 mode 2

Classes unloaded (0 events):
No events

Classes redefined (0 events):
No events

Internal exceptions (20 events):
Event: 2509.028 Thread 0x0000026197c90b00 Exception <a 'java/io/FileNotFoundException'{0x0000000766b2cb58}> (0x0000000766b2cb58) 
thrown [s\src\hotspot\share\prims\jni.cpp, line 516]
Event: 2514.038 Thread 0x0000026197c90b00 Exception <a 'java/io/FileNotFoundException'{0x0000000766b4e340}> (0x0000000766b4e340) 
thrown [s\src\hotspot\share\prims\jni.cpp, line 516]
Event: 2519.046 Thread 0x0000026197c90b00 Exception <a 'java/io/FileNotFoundException'{0x0000000765c7b8c8}> (0x0000000765c7b8c8) 
thrown [s\src\hotspot\share\prims\jni.cpp, line 516]
Event: 2524.142 Thread 0x0000026197c90b00 Exception <a 'java/io/FileNotFoundException'{0x000000076727c458}> (0x000000076727c458) 
thrown [s\src\hotspot\share\prims\jni.cpp, line 516]
Event: 2529.077 Thread 0x0000026197c90b00 Exception <a 'java/io/FileNotFoundException'{0x0000000767208000}> (0x0000000767208000) 
thrown [s\src\hotspot\share\prims\jni.cpp, line 516]
Event: 2534.079 Thread 0x0000026197c90b00 Exception <a 'java/io/FileNotFoundException'{0x00000007672326c8}> (0x00000007672326c8) 
thrown [s\src\hotspot\share\prims\jni.cpp, line 516]
Event: 2539.085 Thread 0x0000026197c90b00 Exception <a 'java/io/FileNotFoundException'{0x0000000763ac8eb8}> (0x0000000763ac8eb8) 
thrown [s\src\hotspot\share\prims\jni.cpp, line 516]
Event: 2544.086 Thread 0x0000026197c90b00 Exception <a 'java/io/FileNotFoundException'{0x0000000764ab0928}> (0x0000000764ab0928) 
thrown [s\src\hotspot\share\prims\jni.cpp, line 516]
Event: 2549.090 Thread 0x0000026197c90b00 Exception <a 'java/io/FileNotFoundException'{0x0000000764ad4780}> (0x0000000764ad4780) 
thrown [s\src\hotspot\share\prims\jni.cpp, line 516]
Event: 2554.099 Thread 0x0000026197c90b00 Exception <a 'java/io/FileNotFoundException'{0x0000000764af7998}> (0x0000000764af7998) 
thrown [s\src\hotspot\share\prims\jni.cpp, line 516]
Event: 2559.111 Thread 0x0000026197c90b00 Exception <a 'java/io/FileNotFoundException'{0x00000007645779f8}> (0x00000007645779f8) 
thrown [s\src\hotspot\share\prims\jni.cpp, line 516]
Event: 2564.125 Thread 0x0000026197c90b00 Exception <a 'java/io/FileNotFoundException'{0x000000076459ae90}> (0x000000076459ae90) 
thrown [s\src\hotspot\share\prims\jni.cpp, line 516]
Event: 2569.133 Thread 0x0000026197c90b00 Exception <a 'java/io/FileNotFoundException'{0x000000076869cef0}> (0x000000076869cef0) 
thrown [s\src\hotspot\share\prims\jni.cpp, line 516]
Event: 2574.139 Thread 0x0000026197c90b00 Exception <a 'java/io/FileNotFoundException'{0x0000000767fe4160}> (0x0000000767fe4160) 
thrown [s\src\hotspot\share\prims\jni.cpp, line 516]
Event: 2579.152 Thread 0x0000026197c90b00 Exception <a 'java/io/FileNotFoundException'{0x000000076683fef0}> (0x000000076683fef0) 
thrown [s\src\hotspot\share\prims\jni.cpp, line 516]
Event: 2584.172 Thread 0x0000026197c90b00 Exception <a 'java/io/FileNotFoundException'{0x0000000765b9eba0}> (0x0000000765b9eba0) 
thrown [s\src\hotspot\share\prims\jni.cpp, line 516]
Event: 2589.183 Thread 0x0000026197c90b00 Exception <a 'java/io/FileNotFoundException'{0x0000000765bbe0d0}> (0x0000000765bbe0d0) 
thrown [s\src\hotspot\share\prims\jni.cpp, line 516]
Event: 2594.196 Thread 0x0000026197c90b00 Exception <a 'java/io/FileNotFoundException'{0x0000000765be12a8}> (0x0000000765be12a8) 
thrown [s\src\hotspot\share\prims\jni.cpp, line 516]
Event: 2599.211 Thread 0x0000026197c90b00 Exception <a 'java/io/FileNotFoundException'{0x000000076526de80}> (0x000000076526de80) 
thrown [s\src\hotspot\share\prims\jni.cpp, line 516]
Event: 2604.220 Thread 0x0000026197c90b00 Exception <a 'java/io/FileNotFoundException'{0x000000076528b7d8}> (0x000000076528b7d8) 
thrown [s\src\hotspot\share\prims\jni.cpp, line 516]

VM Operations (20 events):
Event: 2572.526 Executing VM operation: G1CollectForAllocation
Event: 2572.528 Executing VM operation: G1CollectForAllocation done
Event: 2572.717 Executing VM operation: G1CollectForAllocation
Event: 2572.719 Executing VM operation: G1CollectForAllocation done
Event: 2572.905 Executing VM operation: G1CollectForAllocation
Event: 2572.906 Executing VM operation: G1CollectForAllocation done
Event: 2573.074 Executing VM operation: G1CollectForAllocation
Event: 2573.076 Executing VM operation: G1CollectForAllocation done
Event: 2573.664 Executing VM operation: G1CollectForAllocation
Event: 2573.666 Executing VM operation: G1CollectForAllocation done
Event: 2574.667 Executing VM operation: Cleanup
Event: 2574.667 Executing VM operation: Cleanup done
Event: 2575.674 Executing VM operation: Cleanup
Event: 2575.674 Executing VM operation: Cleanup done
Event: 2576.939 Executing VM operation: G1CollectForAllocation
Event: 2576.941 Executing VM operation: G1CollectForAllocation done
Event: 2578.951 Executing VM operation: Cleanup
Event: 2578.952 Executing VM operation: Cleanup done
Event: 2608.278 Executing VM operation: G1CollectForAllocation
Event: 2608.280 Executing VM operation: G1CollectForAllocation done

Events (20 events):
Event: 2604.312 Thread 0x0000026204e65c00 Thread added: 0x0000026204e65c00
Event: 2604.318 Thread 0x0000026204e65c00 Thread exited: 0x0000026204e65c00
Event: 2605.335 Thread 0x0000026204e62710 Thread added: 0x0000026204e62710
Event: 2605.340 Thread 0x0000026204e62710 Thread exited: 0x0000026204e62710
Event: 2606.353 Thread 0x0000026204e62240 Thread added: 0x0000026204e62240
Event: 2606.358 Thread 0x0000026204e62240 Thread exited: 0x0000026204e62240
Event: 2607.305 Thread 0x0000026204e61d70 Thread added: 0x0000026204e61d70
Event: 2607.311 Thread 0x0000026204e61d70 Thread exited: 0x0000026204e61d70
Event: 2607.367 Thread 0x0000026204e61d70 Thread added: 0x0000026204e61d70
Event: 2607.372 Thread 0x0000026204e61d70 Thread exited: 0x0000026204e61d70
Event: 2608.216 Thread 0x0000026204e60f00 Thread added: 0x0000026204e60f00
Event: 2608.216 Thread 0x0000026204e62240 Thread added: 0x0000026204e62240
Event: 2608.236 Thread 0x0000026204e60f00 Thread exited: 0x0000026204e60f00
Event: 2608.284 Thread 0x0000026204e65c00 Thread added: 0x0000026204e65c00
Event: 2608.284 Thread 0x0000026204e648c0 Thread added: 0x0000026204e648c0
Event: 2608.284 Thread 0x0000026204e660d0 Thread added: 0x0000026204e660d0
Event: 2608.284 Thread 0x0000026204e60f00 Thread added: 0x0000026204e60f00
Event: 2608.309 Thread 0x0000026204e648c0 Thread exited: 0x0000026204e648c0
Event: 2608.309 Thread 0x0000026204e65c00 Thread exited: 0x0000026204e65c00
Event: 2608.325 Thread 0x0000026204e660d0 Thread exited: 0x0000026204e660d0


Dynamic libraries:
0x00007ff66e960000 - 0x00007ff66e991000 	E:\Xilinx\Vivado\2023.2\bin\unwrapped\win64.o\vivado.exe
0x00007ff9df630000 - 0x00007ff9df847000 	C:\Windows\SYSTEM32\ntdll.dll
0x00007ff9de4b0000 - 0x00007ff9de574000 	C:\Windows\System32\KERNEL32.DLL
0x00007ff9dcfe0000 - 0x00007ff9dd386000 	C:\Windows\System32\KERNELBASE.dll
0x00007ff9dce00000 - 0x00007ff9dcf11000 	C:\Windows\System32\ucrtbase.dll
0x00007ff9c04b0000 - 0x00007ff9c0539000 	C:\Windows\SYSTEM32\MSVCP140.dll
0x00007ff9cef50000 - 0x00007ff9cef6e000 	C:\Windows\SYSTEM32\VCRUNTIME140.dll
0x00007ff9cef70000 - 0x00007ff9cef7c000 	C:\Windows\SYSTEM32\VCRUNTIME140_1.dll
0x00007ff9d7270000 - 0x00007ff9d728c000 	E:\Xilinx\Vivado\2023.2\lib\win64.o\librdi_commonmain.dll
0x00007ff998070000 - 0x00007ff9984a0000 	E:\Xilinx\Vivado\2023.2\lib\win64.o\python38.dll
0x00007ff9d0e40000 - 0x00007ff9d0e61000 	E:\Xilinx\Vivado\2023.2\lib\win64.o\libboost_filesystem.dll
0x00007ff9ddd10000 - 0x00007ff9dddc0000 	C:\Windows\System32\ADVAPI32.dll
0x00007ff98efb0000 - 0x00007ff99065a000 	E:\Xilinx\Vivado\2023.2\lib\win64.o\librdi_common.dll
0x00007ff9dd560000 - 0x00007ff9dd607000 	C:\Windows\System32\msvcrt.dll
0x00007ff9ddc60000 - 0x00007ff9ddd06000 	C:\Windows\System32\sechost.dll
0x00007ff9df280000 - 0x00007ff9df42d000 	C:\Windows\System32\USER32.dll
0x00007ff9df040000 - 0x00007ff9df157000 	C:\Windows\System32\RPCRT4.dll
0x00007ff9dccc0000 - 0x00007ff9dcce6000 	C:\Windows\System32\win32u.dll
0x00007ff9de0a0000 - 0x00007ff9de0c9000 	C:\Windows\System32\GDI32.dll
0x00007ff9dcba0000 - 0x00007ff9dccb8000 	C:\Windows\System32\gdi32full.dll
0x00007ff9dccf0000 - 0x00007ff9dcd8a000 	C:\Windows\System32\msvcp_win.dll
0x00007ff9de5e0000 - 0x00007ff9dee38000 	C:\Windows\System32\SHELL32.dll
0x00007ff9dcd90000 - 0x00007ff9dcdfc000 	C:\Windows\System32\WINTRUST.dll
0x00007ff9d7260000 - 0x00007ff9d7269000 	E:\Xilinx\Vivado\2023.2\lib\win64.o\librdi_commonversion.dll
0x00007ff9dd4e0000 - 0x00007ff9dd551000 	C:\Windows\System32\WS2_32.dll
0x00007ff997eb0000 - 0x00007ff998066000 	E:\Xilinx\Vivado\2023.2\lib\win64.o\librdi_commonxillic.dll
0x0000000074470000 - 0x000000007459c000 	E:\Xilinx\Vivado\2023.2\lib\win64.o\tcl85t.dll
0x00007ff9d5110000 - 0x00007ff9d5121000 	E:\Xilinx\Vivado\2023.2\lib\win64.o\libboost_date_time.dll
0x00007ff997680000 - 0x00007ff9979ee000 	E:\Xilinx\Vivado\2023.2\lib\win64.o\libCOIN-all.dll
0x00007ff9d02b0000 - 0x00007ff9d0329000 	E:\Xilinx\Vivado\2023.2\lib\win64.o\libboost_program_options.dll
0x00007ff9c4720000 - 0x00007ff9c4834000 	E:\Xilinx\Vivado\2023.2\lib\win64.o\libboost_regex.dll
0x00007ff9d4d10000 - 0x00007ff9d4d2c000 	E:\Xilinx\Vivado\2023.2\lib\win64.o\libboost_thread.dll
0x00007ff9d4f50000 - 0x00007ff9d4f5c000 	E:\Xilinx\Vivado\2023.2\lib\win64.o\libboost_xilinx.dll
0x00007ff9d0220000 - 0x00007ff9d02a2000 	E:\Xilinx\Vivado\2023.2\lib\win64.o\libhdlpsolve.dll
0x00007ff9c4500000 - 0x00007ff9c45a5000 	E:\Xilinx\Vivado\2023.2\lib\win64.o\libhdxml.dll
0x00007ff993db0000 - 0x00007ff994dd4600 	E:\Xilinx\Vivado\2023.2\lib\win64.o\libisl_iostreams.dll
0x00007ff9d0dd0000 - 0x00007ff9d0dfa000 	E:\Xilinx\Vivado\2023.2\lib\win64.o\libisl_sysinfo.dll
0x00007ff9d01b0000 - 0x00007ff9d0215000 	E:\Xilinx\Vivado\2023.2\lib\win64.o\liblmx6.0.dll
0x00007ff9d0ca0000 - 0x00007ff9d0cba000 	E:\Xilinx\Vivado\2023.2\lib\win64.o\pthreadVC2.dll
0x00007ff9d0c80000 - 0x00007ff9d0c9c000 	E:\Xilinx\Vivado\2023.2\lib\win64.o\librdiconfig.dll
0x00007ff9def50000 - 0x00007ff9defae000 	C:\Windows\System32\SHLWAPI.dll
0x00007ff9d0c20000 - 0x00007ff9d0c41000 	E:\Xilinx\Vivado\2023.2\lib\win64.o\librdizlib.dll
0x00007ff9bf2b0000 - 0x00007ff9bf2c9000 	C:\Windows\SYSTEM32\NETAPI32.dll
0x00007ff9c09d0000 - 0x00007ff9c0ec4000 	C:\Windows\SYSTEM32\WININET.dll
0x00007ff9d6380000 - 0x00007ff9d64b7000 	C:\Windows\SYSTEM32\WINHTTP.dll
0x00007ff9cdc30000 - 0x00007ff9cde20000 	C:\Windows\SYSTEM32\urlmon.dll
0x00007ff9973b0000 - 0x00007ff997671000 	E:\Xilinx\Vivado\2023.2\lib\win64.o\xerces-c_3_2.dll
0x00007ff9bfff0000 - 0x00007ff9bfff9000 	C:\Windows\SYSTEM32\WSOCK32.dll
0x00007ff9dc2d0000 - 0x00007ff9dc2f8000 	C:\Windows\SYSTEM32\bcrypt.dll
0x00007ff98d090000 - 0x00007ff98efa7000 	E:\Xilinx\Vivado\2023.2\lib\win64.o\gurobi90.dll
0x00007ff9dc9b0000 - 0x00007ff9dcb16000 	C:\Windows\System32\CRYPT32.dll
0x00007ff9df1f0000 - 0x00007ff9df252000 	C:\Windows\System32\WLDAP32.dll
0x00007ff9dd610000 - 0x00007ff9dd618000 	C:\Windows\System32\Normaliz.dll
0x00007ff996a00000 - 0x00007ff996d2d000 	E:\Xilinx\Vivado\2023.2\lib\win64.o\libXil_lmgr11.dll
0x00007ff9dee50000 - 0x00007ff9def49000 	C:\Windows\System32\COMDLG32.dll
0x00007ff9de0d0000 - 0x00007ff9de45a000 	C:\Windows\System32\combase.dll
0x00007ff9ddfa0000 - 0x00007ff9de093000 	C:\Windows\System32\shcore.dll
0x00007ff9df500000 - 0x00007ff9df5d7000 	C:\Windows\System32\OLEAUT32.dll
0x00007ff9dde00000 - 0x00007ff9ddf9f000 	C:\Windows\System32\ole32.dll
0x00007ff9d0710000 - 0x00007ff9d0734000 	E:\Xilinx\Vivado\2023.2\lib\win64.o\libisl_iosutils.dll
0x00007ff9d0ba0000 - 0x00007ff9d0bb8000 	E:\Xilinx\Vivado\2023.2\lib\win64.o\libboost_iostreams.dll
0x00007ff9d4010000 - 0x00007ff9d401a000 	C:\Windows\SYSTEM32\VERSION.dll
0x00007ff9d0740000 - 0x00007ff9d0770000 	C:\Windows\SYSTEM32\VCOMP140.DLL
0x00007ff9cf6d0000 - 0x00007ff9cf98c000 	C:\Windows\SYSTEM32\iertutil.dll
0x00007ff9d2b00000 - 0x00007ff9d2b29000 	C:\Windows\SYSTEM32\srvcli.dll
0x00007ff9db410000 - 0x00007ff9db41c000 	C:\Windows\SYSTEM32\netutils.dll
0x00007ff9c0000000 - 0x00007ff9c00b3000 	C:\Windows\WinSxS\amd64_microsoft.windows.common-controls_6595b64144ccf1df_5.82.22621.608_none_fb280a3c7926c2cc\COMCTL32.dll
0x00007ff9d5d90000 - 0x00007ff9d5daf000 	C:\Windows\SYSTEM32\dhcpcsvc.DLL
0x00007ff9dbec0000 - 0x00007ff9dbeec000 	C:\Windows\SYSTEM32\USERENV.dll
0x00007ff9dbe20000 - 0x00007ff9dbe89000 	C:\Windows\SYSTEM32\MSWSOCK.DLL
0x00007ff9dddc0000 - 0x00007ff9dddf1000 	C:\Windows\System32\IMM32.DLL
0x00007ff9dc5d0000 - 0x00007ff9dc5e2000 	C:\Windows\SYSTEM32\MSASN1.dll
0x00007ff9dc140000 - 0x00007ff9dc15b000 	C:\Windows\SYSTEM32\CRYPTSP.dll
0x00007ff9db950000 - 0x00007ff9db968000 	C:\Windows\SYSTEM32\kernel.appcore.dll
0x00007ff9db910000 - 0x00007ff9db945000 	C:\Windows\system32\rsaenh.dll
0x00007ff9dc120000 - 0x00007ff9dc12c000 	C:\Windows\SYSTEM32\CRYPTBASE.dll
0x00007ff9dcb20000 - 0x00007ff9dcb9a000 	C:\Windows\System32\bcryptPrimitives.dll
0x00007ff9df430000 - 0x00007ff9df44f000 	C:\Windows\System32\imagehlp.dll
0x00007ff98cb40000 - 0x00007ff98d08d000 	E:\Xilinx\Vivado\2023.2\lib\win64.o\librdi_commontasks.dll
0x00007ff98add0000 - 0x00007ff98ba18000 	E:\Xilinx\Vivado\2023.2\tps\win64\jre17.0.7_7\bin\server\jvm.dll
0x00007ff98aaa0000 - 0x00007ff98adcb800 	E:\Xilinx\Vivado\2023.2\lib\win64.o\librdi_sio.dll
0x00007ff9d5790000 - 0x00007ff9d57c4000 	C:\Windows\SYSTEM32\WINMM.dll
0x00007ff9db420000 - 0x00007ff9db44d000 	C:\Windows\SYSTEM32\IPHLPAPI.DLL
0x00007ff9dbe90000 - 0x00007ff9dbeb6000 	C:\Windows\SYSTEM32\gpapi.dll
0x00007ff9becb0000 - 0x00007ff9bece2000 	C:\Windows\System32\cryptnet.dll
0x00007ff9dc8e0000 - 0x00007ff9dc906000 	C:\Windows\SYSTEM32\profapi.dll
0x00007ff9d90d0000 - 0x00007ff9d90dd000 	C:\Windows\SYSTEM32\WINNSI.DLL
0x00007ff9df030000 - 0x00007ff9df039000 	C:\Windows\System32\NSI.dll
0x00007ff9dbc10000 - 0x00007ff9dbc52000 	C:\Windows\SYSTEM32\SspiCli.dll
0x00007ff9cb440000 - 0x00007ff9cb48b000 	C:\Program Files (x86)\Sangfor\SSL\ClientComponent\SangforNspX64.dll
0x00007ff9dee40000 - 0x00007ff9dee48000 	C:\Windows\System32\PSAPI.DLL
0x00007ff9bb640000 - 0x00007ff9bb657000 	C:\Windows\system32\napinsp.dll
0x00007ff9bb620000 - 0x00007ff9bb63b000 	C:\Windows\system32\pnrpnsp.dll
0x00007ff9db450000 - 0x00007ff9db549000 	C:\Windows\SYSTEM32\DNSAPI.dll
0x00007ff9bb600000 - 0x00007ff9bb611000 	C:\Windows\System32\winrnr.dll
0x00007ff9bb1c0000 - 0x00007ff9bb1d5000 	C:\Windows\system32\wshbth.dll
0x00007ff9bb170000 - 0x00007ff9bb191000 	C:\Windows\system32\nlansp_c.dll
0x00007ff9da8c0000 - 0x00007ff9db1b2000 	C:\Windows\SYSTEM32\windows.storage.dll
0x00007ff9da780000 - 0x00007ff9da8be000 	C:\Windows\SYSTEM32\wintypes.dll
0x00007ff986030000 - 0x00007ff988df6000 	E:\Xilinx\Vivado\2023.2\lib\win64.o\librdi_tcltasks.dll
0x00007ff9c28e0000 - 0x00007ff9c2963000 	E:\Xilinx\Vivado\2023.2\lib\win64.o\librdi_boarddep.dll
0x00007ff996de0000 - 0x00007ff996fe0000 	E:\Xilinx\Vivado\2023.2\lib\win64.o\librdi_board.dll
0x00007ff98a5b0000 - 0x00007ff98aa91000 	E:\Xilinx\Vivado\2023.2\lib\win64.o\librdi_bitstream.dll
0x00007ff9bef30000 - 0x00007ff9bf05a000 	E:\Xilinx\Vivado\2023.2\lib\win64.o\librdi_chipscope.dll
0x00007ff996520000 - 0x00007ff996727000 	E:\Xilinx\Vivado\2023.2\lib\win64.o\librdi_chipscopeimpl.dll
0x00007ff997d40000 - 0x00007ff997eae000 	E:\Xilinx\Vivado\2023.2\lib\win64.o\librdi_containers.dll
0x00007ff9496d0000 - 0x00007ff94bdc5000 	E:\Xilinx\Vivado\2023.2\lib\win64.o\librdi_constraints.dll
0x00007ff946f90000 - 0x00007ff9496c6000 	E:\Xilinx\Vivado\2023.2\lib\win64.o\librdi_coregen.dll
0x00007ff945180000 - 0x00007ff946f87000 	E:\Xilinx\Vivado\2023.2\lib\win64.o\librdi_designutils.dll
0x00007ff988fa0000 - 0x00007ff98a5a3000 	E:\Xilinx\Vivado\2023.2\lib\win64.o\librdi_device.dll
0x00007ff985c90000 - 0x00007ff98602f000 	E:\Xilinx\Vivado\2023.2\lib\win64.o\librdi_dlyest.dll
0x00007ff985550000 - 0x00007ff985c86000 	E:\Xilinx\Vivado\2023.2\lib\win64.o\librdi_drc.dll
0x00007ff9c25c0000 - 0x00007ff9c2674000 	E:\Xilinx\Vivado\2023.2\lib\win64.o\librdi_dsp.dll
0x00007ff9848d0000 - 0x00007ff98508f000 	E:\Xilinx\Vivado\2023.2\lib\win64.o\librdi_filemgmt.dll
0x00007ff9cfab0000 - 0x00007ff9cfb1b000 	E:\Xilinx\Vivado\2023.2\lib\win64.o\librdi_hdf.dll
0x00007ff985130000 - 0x00007ff985414000 	E:\Xilinx\Vivado\2023.2\lib\win64.o\librdi_hip_devdesign.dll
0x00007ff997260000 - 0x00007ff9973a8000 	E:\Xilinx\Vivado\2023.2\lib\win64.o\librdi_hip_perf_analysis.dll
0x00007ff944030000 - 0x00007ff945173000 	E:\Xilinx\Vivado\2023.2\lib\win64.o\librdi_implflow.dll
0x00007ff93eef0000 - 0x00007ff93fda0000 	E:\Xilinx\Vivado\2023.2\lib\win64.o\librdi_ippcw.dll
0x00007ff984030000 - 0x00007ff9848ca000 	E:\Xilinx\Vivado\2023.2\lib\win64.o\librdi_lopt.dll
0x00007ff9c2860000 - 0x00007ff9c28dd000 	E:\Xilinx\Vivado\2023.2\lib\win64.o\librdi_memoryarray.dll
0x00007ff956190000 - 0x00007ff9567e6000 	E:\Xilinx\Vivado\2023.2\lib\win64.o\librdi_memdata.dll
0x00007ff93e6e0000 - 0x00007ff93eee4000 	E:\Xilinx\Vivado\2023.2\lib\win64.o\librdi_netlist.dll
0x00007ff9bd980000 - 0x00007ff9bd9f2000 	E:\Xilinx\Vivado\2023.2\lib\win64.o\librdi_noc_frameworks.dll
0x00007ff9ce670000 - 0x00007ff9ce6cc000 	E:\Xilinx\Vivado\2023.2\lib\win64.o\librdi_pfi.dll
0x00007ff982830000 - 0x00007ff982cae000 	E:\Xilinx\Vivado\2023.2\lib\win64.o\librdi_platform.dll
0x00007ff93a7f0000 - 0x00007ff93d231000 	E:\Xilinx\Vivado\2023.2\lib\win64.o\librdi_mig.dll
0x00007ff93dde0000 - 0x00007ff93e6d2000 	E:\Xilinx\Vivado\2023.2\lib\win64.o\librdi_power.dll

dbghelp: loaded successfully - version: 4.0.5 - missing functions: none
symbol engine: initialized successfully - sym options: 0x614 - pdb path: .;E:\Xilinx\Vivado\2023.2\bin\unwrapped\win64.o;C:\Windows\SYSTEM32;E:\Xilinx\Vivado\2023.2\lib\win64.o;C:\Windows\WinSxS\amd64_microsoft.windows.common-controls_6595b64144ccf1df_5.82.22621.608_none_fb280a3c7926c2cc;E:\Xilinx\Vivado\2023.2\tps\win64\jre17.0.7_7\bin\server;C:\Program Files (x86)\Sangfor\SSL\ClientComponent;E:\Xilinx\Vivado\2023.2\tps\win64\jre17.0.7_7\bin;C:\Windows\WinSxS\amd64_microsoft.windows.common-controls_6595b64144ccf1df_6.0.22621.2361_none_2712ced57382f843;C:\Program Files (x86)\SogouInput\16.6.0.4385;C:\Program Files (x86)\SogouInput\Components\IChat\1.0.2.3232;C:\Program Files (x86)\SogouInput\Components\isgpet\1.0.2.3152;C:\Program Files (x86)\SogouInput\Components\PicFace\1.1.0.3184;C:\Program Files (x86)\SogouInput\Components\systembeautify\1.0.2.2868;C:\Windows\WinSxS\amd64_microsoft.windows.gdiplus_6595b64144ccf1df_1.1.22621.1778_none_57fe2016ce1542ec

VM Arguments:
jvm_args: -Dsun.java2d.pmoffscreen=false -Dhttps.protocols=TLSv1,TLSv1.1,TLSv1.2 -Dsun.java2d.xrender=false -Dsun.java2d.d3d=false -Dsun.awt.nopixfmt=true -Dsun.java2d.dpiaware=true -Dsun.java2d.uiScale.enabled=false -Dswing.aatext=true -XX:-UsePerfData -Djdk.map.althashing.threshold=512 -XX:StringTableSize=4072 -XX:+UseStringDeduplication -XX:MaxGCPauseMillis=200 -XX:+ParallelRefProcEnabled --add-opens=java.desktop/javax.swing.plaf.synth=ALL-UNNAMED --add-opens=java.base/java.nio=ALL-UNNAMED --add-opens=java.desktop/sun.swing=ALL-UNNAMED --add-opens=java.desktop/javax.swing=ALL-UNNAMED --add-opens=java.desktop/javax.swing.tree=ALL-UNNAMED --add-opens=java.desktop/javax.swing.plaf.basic=ALL-UNNAMED --add-opens=java.desktop/javax.swing.plaf.synth=ALL-UNNAMED --add-opens=java.desktop/javax.swing.plaf.basic=ALL-UNNAMED --add-opens=java.desktop/javax.swing=ALL-UNNAMED --add-opens=java.desktop/javax.swing.tree=ALL-UNNAMED --add-opens=java.desktop/java.awt.event=ALL-UNNAMED --add-exports=java.desktop/javax.swing.plaf.synth=ALL-UNNAMED --add-exports=java.base/java.nio=ALL-UNNAMED --add-exports=java.desktop/sun.swing=ALL-UNNAMED --add-exports=java.desktop/javax.swing=ALL-UNNAMED --add-exports=java.desktop/javax.swing.tree=ALL-UNNAMED --add-exports=java.desktop/javax.swing.plaf.basic=ALL-UNNAMED --add-exports=java.desktop/sun.swing=ALL-UNNAMED --add-exports=java.desktop/sun.swing.table=ALL-UNNAMED --add-exports=java.desktop/sun.swing.plaf.synth=ALL-UNNAMED --add-exports=java.desktop/sun.awt.shell=ALL-UNNAMED --add-exports=java.base/sun.security.action=ALL-UNNAMED --add-exports=java.desktop/sun.font=ALL-UNNAMED -XX:NewSize=80m -XX:MaxNewSize=80m -Xms512m -Xmx4072m -Xss10m 
java_command: <unknown>
java_class_path (initial): E:/Xilinx/Vivado/2023.2\lib\classes\alloy.jar;E:/Xilinx/Vivado/2023.2\lib\classes\asm-9.3.jar;E:/Xilinx/Vivado/2023.2\lib\classes\asm-analysis-9.3.jar;E:/Xilinx/Vivado/2023.2\lib\classes\asm-commons-9.3.jar;E:/Xilinx/Vivado/2023.2\lib\classes\asm-tree-9.3.jar;E:/Xilinx/Vivado/2023.2\lib\classes\autoesl-models.jar;E:/Xilinx/Vivado/2023.2\lib\classes\batik-anim.jar;E:/Xilinx/Vivado/2023.2\lib\classes\batik-awt-util.jar;E:/Xilinx/Vivado/2023.2\lib\classes\batik-bridge.jar;E:/Xilinx/Vivado/2023.2\lib\classes\batik-codec.jar;E:/Xilinx/Vivado/2023.2\lib\classes\batik-constants.jar;E:/Xilinx/Vivado/2023.2\lib\classes\batik-css.jar;E:/Xilinx/Vivado/2023.2\lib\classes\batik-dom.jar;E:/Xilinx/Vivado/2023.2\lib\classes\batik-ext.jar;E:/Xilinx/Vivado/2023.2\lib\classes\batik-gui-util.jar;E:/Xilinx/Vivado/2023.2\lib\classes\batik-gvt.jar;E:/Xilinx/Vivado/2023.2\lib\classes\batik-i18n.jar;E:/Xilinx/Vivado/2023.2\lib\classes\batik-parser.jar;E:/Xilinx/Vivado/2023.2\lib\classes\batik-script.jar;E:/Xilinx/Vivado/2023.2\lib\classes\batik-svg-dom.jar;E:/Xilinx/Vivado/2023.2\lib\classes\batik-svggen.jar;E:/Xilinx/Vivado/2023.2\lib\classes\batik-swing.jar;E:/Xilinx/Vivado/2023.2\lib\classes\batik-transcoder.jar;E:/Xilinx/Vivado/2023.2\lib\classes\batik-util.jar;E:/Xilinx/Vivado/2023.2\lib\classes\batik-xml.jar;E:/Xilinx/Vivado/2023.2\lib\classes\com.fasterxml.jackson.core.jackson-annotations_2.12.1.v20210128-1726.jar;E:/Xilinx/Vivado/2023.2\lib\classes\com.fasterxml.jackson.core.jackson-core_2.12.1.v20210128-1726.jar;E:/Xilinx/Vivado/2023.2\lib\classes\com.fasterxml.jackson.core.jackson-databind_2.12.1.v20210128-1726.jar;E:/Xilinx/Vivado/2023.2\lib\classes\com.google.gson_2.8.9.v20220111-1409.jar;E:/Xilinx/Vivado/2023.2\lib\classes\com.google.guava_30.1.0.v20210127-2300.jar;E:/Xilinx/Vivado/2023.2\lib\classes\com.sigasi.hdt.connection_4.17.2.202304211001.jar;E:/Xilinx/Vivado/2023.2\lib\classes\com.sigasi.hdt.epl_4.17.2.202304211001.jar;E:/Xilinx/Vivado/2023.
Launcher Type: generic

[Global flags]
     intx CICompilerCount                          = 12                                        {product} {ergonomic}
     uint ConcGCThreads                            = 3                                         {product} {ergonomic}
     uint G1ConcRefinementThreads                  = 13                                        {product} {ergonomic}
   size_t G1HeapRegionSize                         = 2097152                                   {product} {ergonomic}
    uintx GCDrainStackTargetSize                   = 64                                        {product} {ergonomic}
   size_t InitialHeapSize                          = 536870912                                 {product} {command line}
   size_t MarkStackSize                            = 4194304                                   {product} {ergonomic}
    uintx MaxGCPauseMillis                         = 200                                       {product} {command line}
   size_t MaxHeapSize                              = 4269801472                                {product} {command line}
   size_t MaxNewSize                               = 83886080                                  {product} {command line}
   size_t MinHeapDeltaBytes                        = 2097152                                   {product} {ergonomic}
   size_t MinHeapSize                              = 536870912                                 {product} {command line}
   size_t NewSize                                  = 83886080                                  {product} {command line}
    uintx NonNMethodCodeHeapSize                   = 7602480                                {pd product} {ergonomic}
    uintx NonProfiledCodeHeapSize                  = 122027880                              {pd product} {ergonomic}
     bool ParallelRefProcEnabled                   = true                                      {product} {command line}
    uintx ProfiledCodeHeapSize                     = 122027880                              {pd product} {ergonomic}
    uintx ReservedCodeCacheSize                    = 251658240                              {pd product} {ergonomic}
     bool SegmentedCodeCache                       = true                                      {product} {ergonomic}
   size_t SoftMaxHeapSize                          = 4269801472                             {manageable} {ergonomic}
    uintx StringTableSize                          = 4072                                      {product} {command line}
     intx ThreadStackSize                          = 10240                                  {pd product} {command line}
     bool UseCompressedClassPointers               = true                           {product lp64_product} {ergonomic}
     bool UseCompressedOops                        = true                           {product lp64_product} {ergonomic}
     bool UseG1GC                                  = true                                      {product} {ergonomic}
     bool UseLargePagesIndividualAllocation        = false                                  {pd product} {ergonomic}
     bool UsePerfData                              = false                                     {product} {command line}
     bool UseStringDeduplication                   = true                                      {product} {command line}

Logging:
Log output configuration:
 #0: stdout all=warning uptime,level,tags
 #1: stderr all=off uptime,level,tags

Environment Variables:
JAVA_HOME=C:\Program Files\Java\jdk-1.8
CLASSPATH=E:\LINGO64_18\Lingo18.jar
PATH=E:/Xilinx/Vivado/2023.2/bin;E:/Xilinx/Vivado/2023.2/tps/win64/java-cef-95.0.4638.69/bin/lib/win64;E:/Xilinx/Vivado/2023.2/tps/win64/javafx-sdk-17.0.1/lib;E:/Xilinx/Vivado/2023.2/tps/win64/javafx-sdk-17.0.1/bin;E:/Xilinx/Vivado/2023.2/lib/win64.o;E:/Xilinx/Vivado/2023.2/tps/win64/jre17.0.7_7/bin/server;E:/Xilinx/Vivado/2023.2/tps/win64/jre17.0.7_7/bin;E:/Xilinx/Vivado/2023.2/ids_lite/ISE/bin/nt64;E:/Xilinx/Vivado/2023.2/ids_lite/ISE/lib/nt64;E:/Xilinx/Vitis_HLS/2023.2/bin;C:\Users\Administrator\anaconda3\condabin;E:\ImageMagick\ImageMagick-7.1.2-Q16-HDRI;C:\Users\Administrator\Downloads\ZenTao\zbox\nssm\win64;C:\Program Files\Common Files\Oracle\Java\javapath;C:\Program Files (x86)\Common Files\Oracle\Java\java8path;C:\Program Files (x86)\Common Files\Oracle\Java\javapath;C:\Program Files\NVIDIA GPU Computing Toolkit\CUDA\v11.8\bin;C:\Program Files\NVIDIA GPU Computing Toolkit\CUDA\v11.8\libnvvp;E:\VMware\bin\;C:\Windows\system32;C:\Windows;C:\Windows\System32\Wbem;C:\Windows\System32\WindowsPowerShell\v1.0\;C:\Windows\System32\OpenSSH\;C:\Program Files (x86)\NVIDIA Corporation\PhysX\Common;C:\Program Files\NVIDIA Corporation\NVIDIA NvDLISR;C:\texlive\2024\bin\windows;C:\Program Files\MATLAB\R2024b\bin;C:\Program Files\dotnet\;C:\Program Files\NVIDIA GPU Computing Toolkit\CUDA\v11.8\lib;E:\Git\cmd;E:\COLMAP;E:\ImageMagick\;E:\FFmpeg\ffmpeg-7.1-essentials_build\bin;C:\Program Files\NVIDIA Corporation\Nsight Compute 2022.3.0\;E:\Visual Studio\2019\Community\VC\Tools\MSVC\14.29.30133\bin\Hostx64\x64\;C:\Program Files\NVI;C:\Program Files\MySQL\MySQL Server 8.0\bin;E:\Bandizip;C:\Program Files (x86)\NetSarang\Xftp 8\;C:\Program Files\mingw64\bin;C:\ProgramData\chocolatey\bin;C:\Program Files\Java\jdk-1.8\bin;C:\Program Files\Java\apache-maven-3.9.11\bin;C:\Program Files (x86)\ZeroTier\One\;;C:\Program Files\Docker\Docker\resources\bin;c:\Users\Administrator\AppData\Local\Programs\Trae CN\bin;C:\Program Files\MySQL\MySQL Shell 8.0\bin\;C:\Users\Administrator\AppData\Loc
USERNAME=Administrator
OS=Windows_NT
PROCESSOR_IDENTIFIER=AMD64 Family 25 Model 68 Stepping 1, AuthenticAMD
TMP=C:\Users\ADMINI~1\AppData\Local\Temp
TEMP=C:\Users\ADMINI~1\AppData\Local\Temp



---------------  S Y S T E M  ---------------

OS:
 Windows 11 , 64 bit Build 22621 (10.0.22621.2428)
OS uptime: 0 days 5:43 hours
Hyper-V role detected

CPU: total 16 (initial active 16) (16 cores per cpu, 2 threads per core) family 25 model 68 stepping 1 microcode 0x0, cx8, cmov, fxsr, ht, mmx, 3dnowpref, sse, sse2, sse3, ssse3, sse4a, sse4.1, sse4.2, popcnt, lzcnt, tsc, tscinvbit, avx, avx2, aes, erms, clmul, bmi1, bmi2, adx, sha, fma, vzeroupper, clflush, clflushopt, hv

Memory: 4k page, system-wide physical 15608M (3325M free)
TotalPageFile size 33973M (AvailPageFile size 3687M)
current process WorkingSet (physical memory assigned to process): 3147M, peak: 3302M
current process commit charge ("private bytes"): 4859M, peak: 4862M

vm_info: OpenJDK 64-Bit Server VM (17.0.7+7) for windows-amd64 JRE (17.0.7+7), built on Apr 18 2023 22:10:42 by "temurin" with MS VC++ 16.7 (VS2019)

END.
