Copyright 1986-2022 Xilinx, Inc. All Rights Reserved. Copyright 2022-2023 Advanced Micro Devices, Inc. All Rights Reserved.
---------------------------------------------------------------------------------------------------------------------------------------------
| Tool Version : Vivado v.2023.2 (win64) Build 4029153 Fri Oct 13 20:14:34 MDT 2023
| Date         : Tue Aug  4 04:17:37 2026
| Host         : SKY-20240816EVR running 64-bit major release  (build 9200)
| Command      : report_timing_summary -delay_type max -report_unconstrained -check_timing_verbose -file impl_summary_age_matrix.rpt
| Design       : soc_top
| Device       : 7a200t-fbg676
| Speed File   : -2  PRODUCTION 1.23 2018-06-13
| Design State : Routed
---------------------------------------------------------------------------------------------------------------------------------------------

Timing Summary Report

------------------------------------------------------------------------------------------------
| Timer Settings
| --------------
------------------------------------------------------------------------------------------------

  Enable Multi Corner Analysis               :  Yes
  Enable Pessimism Removal                   :  Yes
  Pessimism Removal Resolution               :  Nearest Common Node
  Enable Input Delay Default Clock           :  No
  Enable Preset / Clear Arcs                 :  No
  Disable Flight Delays                      :  No
  Ignore I/O Paths                           :  No
  Timing Early Launch at Borrowing Latches   :  No
  Borrow Time for Max Delay Exceptions       :  Yes
  Merge Timing Exceptions                    :  Yes
  Inter-SLR Compensation                     :  Conservative

  Corner  Analyze    Analyze    
  Name    Max Paths  Min Paths  
  ------  ---------  ---------  
  Slow    Yes        Yes        
  Fast    Yes        Yes        


------------------------------------------------------------------------------------------------
| Report Methodology
| ------------------
------------------------------------------------------------------------------------------------

Rule       Severity  Description                                                Violations  
---------  --------  ---------------------------------------------------------  ----------  
DPIR-1     Warning   Asynchronous driver check                                  280         
LUTAR-1    Warning   LUT drives async reset alert                               7           
SYNTH-5    Warning   Mapped onto distributed RAM because of timing constraints  64          
SYNTH-10   Warning   Wide multiplier                                            8           
TIMING-9   Warning   Unknown CDC Logic                                          1           
TIMING-10  Warning   Missing property on synchronizer                           1           
TIMING-18  Warning   Missing input or output delay                              59          
TIMING-24  Warning   Overridden Max delay datapath only                         8           
TIMING-47  Warning   False path                                                 5           
XDCB-5     Warning   Runtime inefficient way to find pin objects                1           
REQP-1959  Advisory  connects_SERDES_RST_driver_not_FF                          16          

Note: This report is based on the most recent report_methodology run and may not be up-to-date. Run report_methodology on the current design for the latest report.



check_timing report

Table of Contents
-----------------
1. checking no_clock (0)
2. checking constant_clock (0)
3. checking pulse_width_clock (0)
4. checking unconstrained_internal_endpoints (0)
5. checking no_input_delay (17)
6. checking no_output_delay (42)
7. checking multiple_clock (0)
8. checking generated_clocks (0)
9. checking loops (0)
10. checking partial_input_delay (0)
11. checking partial_output_delay (0)
12. checking latch_loops (0)

1. checking no_clock (0)
------------------------
 There are 0 register/latch pins with no clock.


2. checking constant_clock (0)
------------------------------
 There are 0 register/latch pins with constant_clock.


3. checking pulse_width_clock (0)
---------------------------------
 There are 0 register/latch pins which need pulse_width check


4. checking unconstrained_internal_endpoints (0)
------------------------------------------------
 There are 0 pins that are not constrained for maximum delay.

 There are 0 pins that are not constrained for maximum delay due to constant clock.


5. checking no_input_delay (17)
-------------------------------
 There are 17 input ports with no input delay specified. (HIGH)

UART_RX
UART_TX
btn_key_row[0]
btn_key_row[1]
btn_key_row[2]
btn_key_row[3]
btn_step_fpga[0]
btn_step_fpga[1]
resetn_fpga
switch_fpga[0]
switch_fpga[1]
switch_fpga[2]
switch_fpga[3]
switch_fpga[4]
switch_fpga[5]
switch_fpga[6]
switch_fpga[7]

 There are 0 input ports with no input delay but user has a false path constraint.


6. checking no_output_delay (42)
--------------------------------
 There are 42 ports with no output delay specified. (HIGH)

UART_RX
UART_TX
btn_key_col[0]
btn_key_col[1]
btn_key_col[2]
btn_key_col[3]
ddr3_reset_n
led[0]
led[10]
led[11]
led[12]
led[13]
led[14]
led[15]
led[1]
led[2]
led[3]
led[4]
led[5]
led[6]
led[7]
led[8]
led[9]
led_rg0[0]
led_rg0[1]
led_rg1[0]
led_rg1[1]
num_a_g[0]
num_a_g[1]
num_a_g[2]
num_a_g[3]
num_a_g[4]
num_a_g[5]
num_a_g[6]
num_csn[0]
num_csn[1]
num_csn[2]
num_csn[3]
num_csn[4]
num_csn[5]
num_csn[6]
num_csn[7]

 There are 0 ports with no output delay but user has a false path constraint

 There are 0 ports with no output delay but with a timing clock defined on it or propagating through it


7. checking multiple_clock (0)
------------------------------
 There are 0 register/latch pins with multiple clocks.


8. checking generated_clocks (0)
--------------------------------
 There are 0 generated clocks that are not connected to a clock source.


9. checking loops (0)
---------------------
 There are 0 combinational loops in the design.


10. checking partial_input_delay (0)
------------------------------------
 There are 0 input ports with partial input delay specified.


11. checking partial_output_delay (0)
-------------------------------------
 There are 0 ports with partial output delay specified.


12. checking latch_loops (0)
----------------------------
 There are 0 combinational latch loops in the design through latch input



------------------------------------------------------------------------------------------------
| Design Timing Summary
| ---------------------
------------------------------------------------------------------------------------------------

    WNS(ns)      TNS(ns)  TNS Failing Endpoints  TNS Total Endpoints     WPWS(ns)     TPWS(ns)  TPWS Failing Endpoints  TPWS Total Endpoints  
    -------      -------  ---------------------  -------------------     --------     --------  ----------------------  --------------------  
     -0.039       -0.039                      1               169730        0.000        0.000                       0                 73129  


Timing constraints are not met.


------------------------------------------------------------------------------------------------
| Clock Summary
| -------------
------------------------------------------------------------------------------------------------

Clock                                                                                                                                                          Waveform(ns)         Period(ns)      Frequency(MHz)
-----                                                                                                                                                          ------------         ----------      --------------
clk                                                                                                                                                            {0.000 5.000}        10.000          100.000         
  clkfbout_clk_pll                                                                                                                                             {0.000 5.000}        10.000          100.000         
  clkfbout_clk_pll_ddr                                                                                                                                         {0.000 5.000}        10.000          100.000         
  cpu_clk                                                                                                                                                      {0.000 15.278}       30.556          32.727          
  ddr_clk                                                                                                                                                      {0.000 2.500}        5.000           200.000         
  freq_refclk                                                                                                                                                  {0.000 0.625}        1.250           800.000         
    u_memc_ui_top_axi/mem_intfc0/ddr_phy_top0/u_ddr_mc_phy_wrapper/u_ddr_mc_phy/ddr_phy_4lanes_0.u_ddr_phy_4lanes/ddr_byte_lane_A.ddr_byte_lane_A/iserdes_clk  {0.000 1.250}        2.500           400.000         
      iserdes_clkdiv                                                                                                                                           {0.000 5.000}        10.000          100.000         
    u_memc_ui_top_axi/mem_intfc0/ddr_phy_top0/u_ddr_mc_phy_wrapper/u_ddr_mc_phy/ddr_phy_4lanes_0.u_ddr_phy_4lanes/ddr_byte_lane_B.ddr_byte_lane_B/iserdes_clk  {0.000 1.250}        2.500           400.000         
      iserdes_clkdiv_1                                                                                                                                         {0.000 5.000}        10.000          100.000         
  mem_refclk                                                                                                                                                   {0.000 1.250}        2.500           400.000         
    oserdes_clk                                                                                                                                                {0.000 1.250}        2.500           400.000         
      oserdes_clkdiv                                                                                                                                           {0.000 2.500}        5.000           200.000         
    oserdes_clk_1                                                                                                                                              {0.000 1.250}        2.500           400.000         
      oserdes_clkdiv_1                                                                                                                                         {0.000 2.500}        5.000           200.000         
    oserdes_clk_2                                                                                                                                              {0.000 1.250}        2.500           400.000         
      oserdes_clkdiv_2                                                                                                                                         {0.000 5.000}        10.000          100.000         
    oserdes_clk_3                                                                                                                                              {0.000 1.250}        2.500           400.000         
      oserdes_clkdiv_3                                                                                                                                         {0.000 5.000}        10.000          100.000         
  pll_clk3_out                                                                                                                                                 {0.000 5.000}        10.000          100.000         
    clk_pll_i                                                                                                                                                  {0.000 5.000}        10.000          100.000         
  pll_clkfbout                                                                                                                                                 {0.000 5.000}        10.000          100.000         
  sync_pulse                                                                                                                                                   {1.094 3.594}        40.000          25.000          
  sys_clk                                                                                                                                                      {0.000 5.000}        10.000          100.000         
dbg_hub/inst/BSCANID.u_xsdbm_id/SWITCH_N_EXT_BSCAN.bscan_inst/SERIES7_BSCAN.bscan_inst/TCK                                                                     {0.000 16.500}       33.000          30.303          


------------------------------------------------------------------------------------------------
| Intra Clock Table
| -----------------
------------------------------------------------------------------------------------------------

Clock                                                                                                                                                              WNS(ns)      TNS(ns)  TNS Failing Endpoints  TNS Total Endpoints     WPWS(ns)     TPWS(ns)  TPWS Failing Endpoints  TPWS Total Endpoints  
-----                                                                                                                                                              -------      -------  ---------------------  -------------------     --------     --------  ----------------------  --------------------  
clk                                                                                                                                                                  1.104        0.000                      0                 4437        3.000        0.000                       0                  2001  
  clkfbout_clk_pll                                                                                                                                                                                                                         8.408        0.000                       0                     3  
  clkfbout_clk_pll_ddr                                                                                                                                                                                                                     8.408        0.000                       0                     3  
  cpu_clk                                                                                                                                                           -0.039       -0.039                      1               124494       14.148        0.000                       0                 59804  
  ddr_clk                                                                                                                                                            2.355        0.000                      0                  126        0.264        0.000                       0                    64  
  freq_refclk                                                                                                                                                                                                                              0.001        0.000                       0                     8  
    u_memc_ui_top_axi/mem_intfc0/ddr_phy_top0/u_ddr_mc_phy_wrapper/u_ddr_mc_phy/ddr_phy_4lanes_0.u_ddr_phy_4lanes/ddr_byte_lane_A.ddr_byte_lane_A/iserdes_clk                                                                              1.029        0.000                       0                    16  
      iserdes_clkdiv                                                                                                                                                 8.285        0.000                      0                   33        2.850        0.000                       0                     9  
    u_memc_ui_top_axi/mem_intfc0/ddr_phy_top0/u_ddr_mc_phy_wrapper/u_ddr_mc_phy/ddr_phy_4lanes_0.u_ddr_phy_4lanes/ddr_byte_lane_B.ddr_byte_lane_B/iserdes_clk                                                                              1.029        0.000                       0                    16  
      iserdes_clkdiv_1                                                                                                                                               8.068        0.000                      0                   33        2.850        0.000                       0                     9  
  mem_refclk                                                                                                                                                         1.407        0.000                      0                    1        0.715        0.000                       0                     8  
    oserdes_clk                                                                                                                                                      1.190        0.000                      0                    4        1.026        0.000                       0                    12  
      oserdes_clkdiv                                                                                                                                                 3.750        0.000                      0                   36        0.000        0.000                       0                    11  
    oserdes_clk_1                                                                                                                                                    1.175        0.000                      0                    4        1.026        0.000                       0                    12  
      oserdes_clkdiv_1                                                                                                                                               3.718        0.000                      0                   36        0.000        0.000                       0                    11  
    oserdes_clk_2                                                                                                                                                                                                                          1.026        0.000                       0                    10  
      oserdes_clkdiv_2                                                                                                                                               8.726        0.000                      0                   36        2.850        0.000                       0                    10  
    oserdes_clk_3                                                                                                                                                                                                                          1.029        0.000                       0                    12  
      oserdes_clkdiv_3                                                                                                                                               8.872        0.000                      0                   48        2.850        0.000                       0                    13  
  pll_clk3_out                                                                                                                                                                                                                             3.000        0.000                       0                     3  
    clk_pll_i                                                                                                                                                        2.163        0.000                      0                16577        2.850        0.000                       0                  7007  
  pll_clkfbout                                                                                                                                                                                                                             8.751        0.000                       0                     2  
  sync_pulse                                                                                                                                                                                                                               1.428        0.000                       0                     8  
  sys_clk                                                                                                                                                            0.873        0.000                      0                 8407        3.870        0.000                       0                  3590  
dbg_hub/inst/BSCANID.u_xsdbm_id/SWITCH_N_EXT_BSCAN.bscan_inst/SERIES7_BSCAN.bscan_inst/TCK                                                                          27.290        0.000                      0                  933       15.370        0.000                       0                   487  


------------------------------------------------------------------------------------------------
| Inter Clock Table
| -----------------
------------------------------------------------------------------------------------------------

From Clock                                                                                  To Clock                                                                                        WNS(ns)      TNS(ns)  TNS Failing Endpoints  TNS Total Endpoints  
----------                                                                                  --------                                                                                        -------      -------  ---------------------  -------------------  
dbg_hub/inst/BSCANID.u_xsdbm_id/SWITCH_N_EXT_BSCAN.bscan_inst/SERIES7_BSCAN.bscan_inst/TCK  clk                                                                                              31.619        0.000                      0                    8  
clk_pll_i                                                                                   ddr_clk                                                                                          14.778        0.000                      0                    1  
sync_pulse                                                                                  mem_refclk                                                                                        0.978        0.000                      0                    1  
oserdes_clk                                                                                 oserdes_clkdiv                                                                                    1.694        0.000                      0                   15  
oserdes_clk_1                                                                               oserdes_clkdiv_1                                                                                  1.694        0.000                      0                   15  
oserdes_clk_2                                                                               oserdes_clkdiv_2                                                                                  1.694        0.000                      0                   10  
oserdes_clk_3                                                                               oserdes_clkdiv_3                                                                                  1.694        0.000                      0                   13  
ddr_clk                                                                                     clk_pll_i                                                                                        17.303        0.000                      0                   12  
sys_clk                                                                                     clk_pll_i                                                                                         5.416        0.000                      0                  142  
clk_pll_i                                                                                   sys_clk                                                                                           5.269        0.000                      0                   62  
clk                                                                                         dbg_hub/inst/BSCANID.u_xsdbm_id/SWITCH_N_EXT_BSCAN.bscan_inst/SERIES7_BSCAN.bscan_inst/TCK        8.562        0.000                      0                    8  


------------------------------------------------------------------------------------------------
| Other Path Groups Table
| -----------------------
------------------------------------------------------------------------------------------------

Path Group                                                                                  From Clock                                                                                  To Clock                                                                                        WNS(ns)      TNS(ns)  TNS Failing Endpoints  TNS Total Endpoints  
----------                                                                                  ----------                                                                                  --------                                                                                        -------      -------  ---------------------  -------------------  
**async_default**                                                                           clk                                                                                         clk                                                                                               7.348        0.000                      0                  111  
**async_default**                                                                           clk_pll_i                                                                                   clk_pll_i                                                                                         5.898        0.000                      0                   73  
**async_default**                                                                           sys_clk                                                                                     clk_pll_i                                                                                         5.640        0.000                      0                    2  
**async_default**                                                                           cpu_clk                                                                                     cpu_clk                                                                                          11.185        0.000                      0                13635  
**async_default**                                                                           dbg_hub/inst/BSCANID.u_xsdbm_id/SWITCH_N_EXT_BSCAN.bscan_inst/SERIES7_BSCAN.bscan_inst/TCK  dbg_hub/inst/BSCANID.u_xsdbm_id/SWITCH_N_EXT_BSCAN.bscan_inst/SERIES7_BSCAN.bscan_inst/TCK       28.799        0.000                      0                  100  
**async_default**                                                                           clk_pll_i                                                                                   sys_clk                                                                                           3.555        0.000                      0                    4  
**async_default**                                                                           sys_clk                                                                                     sys_clk                                                                                           2.466        0.000                      0                  482  
**default**                                                                                 clk_pll_i                                                                                                                                                                                     2.277        0.000                      0                    1  


------------------------------------------------------------------------------------------------
| User Ignored Path Table
| -----------------------
------------------------------------------------------------------------------------------------

Path Group                                                                                  From Clock                                                                                  To Clock                                                                                  
----------                                                                                  ----------                                                                                  --------                                                                                  
(none)                                                                                      clk                                                                                         clk                                                                                         
(none)                                                                                      dbg_hub/inst/BSCANID.u_xsdbm_id/SWITCH_N_EXT_BSCAN.bscan_inst/SERIES7_BSCAN.bscan_inst/TCK  clk                                                                                         
(none)                                                                                      sys_clk                                                                                     clk                                                                                         
(none)                                                                                                                                                                                  clk_pll_i                                                                                   
(none)                                                                                      clk                                                                                         clk_pll_i                                                                                   
(none)                                                                                      mem_refclk                                                                                  clk_pll_i                                                                                   
(none)                                                                                      sys_clk                                                                                     cpu_clk                                                                                     
(none)                                                                                      clk                                                                                         dbg_hub/inst/BSCANID.u_xsdbm_id/SWITCH_N_EXT_BSCAN.bscan_inst/SERIES7_BSCAN.bscan_inst/TCK  
(none)                                                                                                                                                                                  ddr_clk                                                                                     
(none)                                                                                      clk                                                                                         ddr_clk                                                                                     
(none)                                                                                      clk                                                                                         sys_clk                                                                                     
(none)                                                                                      cpu_clk                                                                                     sys_clk                                                                                     


------------------------------------------------------------------------------------------------
| Unconstrained Path Table
| ------------------------
------------------------------------------------------------------------------------------------

Path Group                                                                                  From Clock                                                                                  To Clock                                                                                  
----------                                                                                  ----------                                                                                  --------                                                                                  
(none)                                                                                      clk_pll_i                                                                                                                                                                               
(none)                                                                                      clkfbout_clk_pll                                                                                                                                                                        
(none)                                                                                      clkfbout_clk_pll_ddr                                                                                                                                                                    
(none)                                                                                      ddr_clk                                                                                                                                                                                 
(none)                                                                                      freq_refclk                                                                                                                                                                             
(none)                                                                                      pll_clkfbout                                                                                                                                                                            
(none)                                                                                      sys_clk                                                                                                                                                                                 
(none)                                                                                                                                                                                  clk                                                                                         
(none)                                                                                                                                                                                  clk_pll_i                                                                                   
(none)                                                                                                                                                                                  dbg_hub/inst/BSCANID.u_xsdbm_id/SWITCH_N_EXT_BSCAN.bscan_inst/SERIES7_BSCAN.bscan_inst/TCK  
(none)                                                                                                                                                                                  sys_clk                                                                                     


------------------------------------------------------------------------------------------------
| Timing Details
| --------------
------------------------------------------------------------------------------------------------


---------------------------------------------------------------------------------------------------
From Clock:  clk
  To Clock:  clk

Setup :            0  Failing Endpoints,  Worst Slack        1.104ns,  Total Violation        0.000ns
Hold  :           NA  Failing Endpoints,  Worst Slack           NA  ,  Total Violation           NA
PW    :            0  Failing Endpoints,  Worst Slack        3.000ns,  Total Violation        0.000ns
---------------------------------------------------------------------------------------------------


Max Delay Paths
--------------------------------------------------------------------------------------
Slack (MET) :             1.104ns  (required time - arrival time)
  Source:                 dbg_hub/inst/BSCANID.u_xsdbm_id/CORE_XSDB.UUT_MASTER/U_XSDB_ADDRESS_CONTROLLER/addr_reg[0]/C
                            (rising edge-triggered cell FDRE clocked by clk  {rise@0.000ns fall@5.000ns period=10.000ns})
  Destination:            u_jtag_axi_wrap/u_jtag_axi/inst/jtag_axi_engine_u/U_XSDB_SLAVE/reg_do_reg[5]/D
                            (rising edge-triggered cell FDRE clocked by clk  {rise@0.000ns fall@5.000ns period=10.000ns})
  Path Group:             clk
  Path Type:              Setup (Max at Slow Process Corner)
  Requirement:            10.000ns  (clk rise@10.000ns - clk rise@0.000ns)
  Data Path Delay:        8.947ns  (logic 0.694ns (7.756%)  route 8.253ns (92.244%))
  Logic Levels:           3  (LUT6=3)
  Clock Path Skew:        0.054ns (DCD - SCD + CPR)
    Destination Clock Delay (DCD):    5.336ns = ( 15.336 - 10.000 ) 
    Source Clock Delay      (SCD):    5.490ns
    Clock Pessimism Removal (CPR):    0.208ns
  Clock Uncertainty:      0.035ns  ((TSJ^2 + TIJ^2)^1/2 + DJ) / 2 + PE
    Total System Jitter     (TSJ):    0.071ns
    Total Input Jitter      (TIJ):    0.000ns
    Discrete Jitter          (DJ):    0.000ns
    Phase Error              (PE):    0.000ns

    Location             Delay type                Incr(ns)  Path(ns)    Netlist Resource(s)
  -------------------------------------------------------------------    -------------------
                         (clock clk rise edge)        0.000     0.000 r  
    AC19                                              0.000     0.000 r  clk (IN)
                         net (fo=0)                   0.000     0.000    clk
    AC19                 IBUF (Prop_ibuf_I_O)         1.416     1.416 r  clk_IBUF_inst/O
                         net (fo=1, routed)           2.602     4.018    clk_IBUF
    BUFGCTRL_X0Y0        BUFG (Prop_bufg_I_O)         0.081     4.099 r  clk_IBUF_BUFG_inst/O
                         net (fo=2000, routed)        1.391     5.490    dbg_hub/inst/BSCANID.u_xsdbm_id/CORE_XSDB.UUT_MASTER/U_XSDB_ADDRESS_CONTROLLER/clk
    SLICE_X65Y195        FDRE                                         r  dbg_hub/inst/BSCANID.u_xsdbm_id/CORE_XSDB.UUT_MASTER/U_XSDB_ADDRESS_CONTROLLER/addr_reg[0]/C
  -------------------------------------------------------------------    -------------------
    SLICE_X65Y195        FDRE (Prop_fdre_C_Q)         0.379     5.869 r  dbg_hub/inst/BSCANID.u_xsdbm_id/CORE_XSDB.UUT_MASTER/U_XSDB_ADDRESS_CONTROLLER/addr_reg[0]/Q
                         net (fo=96, routed)          3.771     9.640    u_jtag_axi_wrap/u_jtag_axi/inst/jtag_axi_engine_u/U_XSDB_SLAVE/sl_iport_i[4]
    SLICE_X114Y234       LUT6 (Prop_lut6_I4_O)        0.105     9.745 r  u_jtag_axi_wrap/u_jtag_axi/inst/jtag_axi_engine_u/U_XSDB_SLAVE/reg_do[5]_i_4/O
                         net (fo=1, routed)           3.927    13.672    u_jtag_axi_wrap/u_jtag_axi/inst/jtag_axi_engine_u/U_XSDB_SLAVE/reg_do[5]_i_4_n_0
    SLICE_X51Y234        LUT6 (Prop_lut6_I5_O)        0.105    13.777 r  u_jtag_axi_wrap/u_jtag_axi/inst/jtag_axi_engine_u/U_XSDB_SLAVE/reg_do[5]_i_2/O
                         net (fo=1, routed)           0.556    14.333    u_jtag_axi_wrap/u_jtag_axi/inst/jtag_axi_engine_u/U_XSDB_SLAVE/reg_do[5]_i_2_n_0
    SLICE_X51Y224        LUT6 (Prop_lut6_I0_O)        0.105    14.438 r  u_jtag_axi_wrap/u_jtag_axi/inst/jtag_axi_engine_u/U_XSDB_SLAVE/reg_do[5]_i_1/O
                         net (fo=1, routed)           0.000    14.438    u_jtag_axi_wrap/u_jtag_axi/inst/jtag_axi_engine_u/U_XSDB_SLAVE/reg_do[5]
    SLICE_X51Y224        FDRE                                         r  u_jtag_axi_wrap/u_jtag_axi/inst/jtag_axi_engine_u/U_XSDB_SLAVE/reg_do_reg[5]/D
  -------------------------------------------------------------------    -------------------

                         (clock clk rise edge)       10.000    10.000 r  
    AC19                                              0.000    10.000 r  clk (IN)
                         net (fo=0)                   0.000    10.000    clk
    AC19                 IBUF (Prop_ibuf_I_O)         1.350    11.350 r  clk_IBUF_inst/O
                         net (fo=1, routed)           2.471    13.821    clk_IBUF
    BUFGCTRL_X0Y0        BUFG (Prop_bufg_I_O)         0.077    13.898 r  clk_IBUF_BUFG_inst/O
                         net (fo=2000, routed)        1.438    15.336    u_jtag_axi_wrap/u_jtag_axi/inst/jtag_axi_engine_u/U_XSDB_SLAVE/sl_iport_i[1]
    SLICE_X51Y224        FDRE                                         r  u_jtag_axi_wrap/u_jtag_axi/inst/jtag_axi_engine_u/U_XSDB_SLAVE/reg_do_reg[5]/C
                         clock pessimism              0.208    15.544    
                         clock uncertainty           -0.035    15.508    
    SLICE_X51Y224        FDRE (Setup_fdre_C_D)        0.033    15.541    u_jtag_axi_wrap/u_jtag_axi/inst/jtag_axi_engine_u/U_XSDB_SLAVE/reg_do_reg[5]
  -------------------------------------------------------------------
                         required time                         15.541    
                         arrival time                         -14.438    
  -------------------------------------------------------------------
                         slack                                  1.104    





Pulse Width Checks
--------------------------------------------------------------------------------------
Clock Name:         clk
Waveform(ns):       { 0.000 5.000 }
Period(ns):         10.000
Sources:            { clk }

Check Type        Corner  Lib Pin             Reference Pin  Required(ns)  Actual(ns)  Slack(ns)  Location        Pin
Min Period        n/a     RAMB36E1/CLKBWRCLK  n/a            2.170         10.000      7.830      RAMB36_X2Y49    u_jtag_axi_wrap/u_jtag_axi/inst/jtag_axi_engine_u/rd_cmd_fifo_i/inst_fifo_gen/gconvfifo.rf/grf.rf/gntv_or_sync_fifo.mem/gbm.gbmg.gbmga.ngecc.bmg/inst_blk_mem_gen/gnbram.gnativebmg.native_blk_mem_gen/valid.cstr/ramloop[0].ram.r/prim_noinit.ram/DEVICE_7SERIES.NO_BMM_INFO.SDP.WIDE_PRIM36_NO_ECC.ram/CLKBWRCLK
Max Period        n/a     PLLE2_ADV/CLKIN1    n/a            52.633        10.000      42.633     PLLE2_ADV_X0Y4  ddr3.u_axi_wrap_ddr/mig_axi/u_mig_axi_32_mig/u_ddr3_infrastructure/plle2_i/CLKIN1
Low Pulse Width   Slow    PLLE2_ADV/CLKIN1    n/a            2.000         5.000       3.000      PLLE2_ADV_X0Y4  ddr3.u_axi_wrap_ddr/mig_axi/u_mig_axi_32_mig/u_ddr3_infrastructure/plle2_i/CLKIN1
High Pulse Width  Slow    PLLE2_ADV/CLKIN1    n/a            2.000         5.000       3.000      PLLE2_ADV_X0Y4  ddr3.u_axi_wrap_ddr/mig_axi/u_mig_axi_32_mig/u_ddr3_infrastructure/plle2_i/CLKIN1



---------------------------------------------------------------------------------------------------
From Clock:  clkfbout_clk_pll
  To Clock:  clkfbout_clk_pll

Setup :           NA  Failing Endpoints,  Worst Slack           NA  ,  Total Violation           NA
Hold  :           NA  Failing Endpoints,  Worst Slack           NA  ,  Total Violation           NA
PW    :            0  Failing Endpoints,  Worst Slack        8.408ns,  Total Violation        0.000ns
---------------------------------------------------------------------------------------------------


Pulse Width Checks
--------------------------------------------------------------------------------------
Clock Name:         clkfbout_clk_pll
Waveform(ns):       { 0.000 5.000 }
Period(ns):         10.000
Sources:            { fpga_pll.u_clk_pll/inst/plle2_adv_inst/CLKFBOUT }

Check Type  Corner  Lib Pin            Reference Pin  Required(ns)  Actual(ns)  Slack(ns)  Location        Pin
Min Period  n/a     BUFG/I             n/a            1.592         10.000      8.408      BUFGCTRL_X0Y5   fpga_pll.u_clk_pll/inst/clkf_buf/I
Max Period  n/a     PLLE2_ADV/CLKFBIN  n/a            52.633        10.000      42.633     PLLE2_ADV_X0Y2  fpga_pll.u_clk_pll/inst/plle2_adv_inst/CLKFBIN



---------------------------------------------------------------------------------------------------
From Clock:  clkfbout_clk_pll_ddr
  To Clock:  clkfbout_clk_pll_ddr

Setup :           NA  Failing Endpoints,  Worst Slack           NA  ,  Total Violation           NA
Hold  :           NA  Failing Endpoints,  Worst Slack           NA  ,  Total Violation           NA
PW    :            0  Failing Endpoints,  Worst Slack        8.408ns,  Total Violation        0.000ns
---------------------------------------------------------------------------------------------------


Pulse Width Checks
--------------------------------------------------------------------------------------
Clock Name:         clkfbout_clk_pll_ddr
Waveform(ns):       { 0.000 5.000 }
Period(ns):         10.000
Sources:            { fpga_pll.u_clk_pll_ddr/inst/plle2_adv_inst/CLKFBOUT }

Check Type  Corner  Lib Pin            Reference Pin  Required(ns)  Actual(ns)  Slack(ns)  Location        Pin
Min Period  n/a     BUFG/I             n/a            1.592         10.000      8.408      BUFGCTRL_X0Y6   fpga_pll.u_clk_pll_ddr/inst/clkf_buf/I
Max Period  n/a     PLLE2_ADV/CLKFBIN  n/a            52.633        10.000      42.633     PLLE2_ADV_X1Y0  fpga_pll.u_clk_pll_ddr/inst/plle2_adv_inst/CLKFBIN



---------------------------------------------------------------------------------------------------
From Clock:  cpu_clk
  To Clock:  cpu_clk

Setup :            1  Failing Endpoint ,  Worst Slack       -0.039ns,  Total Violation       -0.039ns
Hold  :           NA  Failing Endpoints,  Worst Slack           NA  ,  Total Violation           NA
PW    :            0  Failing Endpoints,  Worst Slack       14.148ns,  Total Violation        0.000ns
---------------------------------------------------------------------------------------------------


Max Delay Paths
--------------------------------------------------------------------------------------
Slack (VIOLATED) :        -0.039ns  (required time - arrival time)
  Source:                 u_cpu/core_inst/rename/freelist/free_vec_reg[5]/C
                            (rising edge-triggered cell FDCE clocked by cpu_clk  {rise@0.000ns fall@15.278ns period=30.556ns})
  Destination:            u_cpu/core_inst/alu_iq/slot_uop_reg[10][psrc2_busy]/D
                            (rising edge-triggered cell FDRE clocked by cpu_clk  {rise@0.000ns fall@15.278ns period=30.556ns})
  Path Group:             cpu_clk
  Path Type:              Setup (Max at Slow Process Corner)
  Requirement:            30.556ns  (cpu_clk rise@30.556ns - cpu_clk rise@0.000ns)
  Data Path Delay:        30.428ns  (logic 5.790ns (19.028%)  route 24.638ns (80.972%))
  Logic Levels:           48  (LUT2=4 LUT3=1 LUT4=6 LUT5=8 LUT6=29)
  Clock Path Skew:        -0.136ns (DCD - SCD + CPR)
    Destination Clock Delay (DCD):    5.305ns = ( 35.860 - 30.556 ) 
    Source Clock Delay      (SCD):    5.655ns
    Clock Pessimism Removal (CPR):    0.214ns
  Clock Uncertainty:      0.060ns  ((TSJ^2 + DJ^2)^1/2) / 2 + PE
    Total System Jitter     (TSJ):    0.071ns
    Discrete Jitter          (DJ):    0.097ns
    Phase Error              (PE):    0.000ns

    Location             Delay type                Incr(ns)  Path(ns)    Netlist Resource(s)
  -------------------------------------------------------------------    -------------------
                         (clock cpu_clk rise edge)    0.000     0.000 r  
    AC19                                              0.000     0.000 r  clk (IN)
                         net (fo=0)                   0.000     0.000    clk
    AC19                 IBUF (Prop_ibuf_I_O)         1.416     1.416 r  clk_IBUF_inst/O
                         net (fo=1, routed)           2.602     4.018    clk_IBUF
    BUFGCTRL_X0Y0        BUFG (Prop_bufg_I_O)         0.081     4.099 r  clk_IBUF_BUFG_inst/O
                         net (fo=2000, routed)        1.536     5.635    fpga_pll.u_clk_pll/inst/clk_in1
    PLLE2_ADV_X0Y2       PLLE2_ADV (Prop_plle2_adv_CLKIN1_CLKOUT0)
                                                     -3.173     2.461 r  fpga_pll.u_clk_pll/inst/plle2_adv_inst/CLKOUT0
                         net (fo=1, routed)           1.557     4.018    fpga_pll.u_clk_pll/inst/cpu_clk_clk_pll
    BUFGCTRL_X0Y2        BUFG (Prop_bufg_I_O)         0.081     4.099 r  fpga_pll.u_clk_pll/inst/clkout1_buf/O
                         net (fo=59802, routed)       1.556     5.655    u_cpu/core_inst/rename/freelist/cpu_clk
    SLICE_X118Y71        FDCE                                         r  u_cpu/core_inst/rename/freelist/free_vec_reg[5]/C
  -------------------------------------------------------------------    -------------------
    SLICE_X118Y71        FDCE (Prop_fdce_C_Q)         0.379     6.034 r  u_cpu/core_inst/rename/freelist/free_vec_reg[5]/Q
                         net (fo=17, routed)          0.762     6.796    u_cpu/core_inst/rename/freelist/p_45_in
    SLICE_X121Y71        LUT6 (Prop_lut6_I2_O)        0.105     6.901 r  u_cpu/core_inst/rename/freelist/rob_tail[4]_i_227/O
                         net (fo=7, routed)           0.518     7.419    u_cpu/core_inst/rename/freelist/rob_tail[4]_i_227_n_0
    SLICE_X119Y71        LUT6 (Prop_lut6_I5_O)        0.105     7.524 r  u_cpu/core_inst/rename/freelist/rob_tail[4]_i_231/O
                         net (fo=4, routed)           0.472     7.996    u_cpu/core_inst/rename/freelist/rob_tail[4]_i_231_n_0
    SLICE_X120Y70        LUT3 (Prop_lut3_I0_O)        0.105     8.101 r  u_cpu/core_inst/rename/freelist/rob_tail[4]_i_213/O
                         net (fo=1, routed)           0.671     8.771    u_cpu/core_inst/rename/freelist/rob_tail[4]_i_213_n_0
    SLICE_X119Y70        LUT6 (Prop_lut6_I5_O)        0.105     8.876 r  u_cpu/core_inst/rename/freelist/rob_tail[4]_i_184/O
                         net (fo=2, routed)           0.477     9.353    u_cpu/core_inst/rename/freelist/rob_tail[4]_i_184_n_0
    SLICE_X119Y72        LUT6 (Prop_lut6_I3_O)        0.105     9.458 f  u_cpu/core_inst/rename/freelist/rob_tail[4]_i_182/O
                         net (fo=3, routed)           0.332     9.790    u_cpu/core_inst/rename/freelist/rob_tail[4]_i_182_n_0
    SLICE_X119Y72        LUT5 (Prop_lut5_I3_O)        0.105     9.895 f  u_cpu/core_inst/rename/freelist/rob_tail[4]_i_204/O
                         net (fo=4, routed)           0.528    10.423    u_cpu/core_inst/rename/freelist/rob_tail[4]_i_204_n_0
    SLICE_X117Y72        LUT6 (Prop_lut6_I3_O)        0.105    10.528 f  u_cpu/core_inst/rename/freelist/rob_tail[4]_i_176/O
                         net (fo=13, routed)          0.397    10.925    u_cpu/core_inst/rename/freelist/rob_tail[4]_i_176_n_0
    SLICE_X122Y72        LUT5 (Prop_lut5_I2_O)        0.105    11.030 f  u_cpu/core_inst/rename/freelist/rob_tail[4]_i_216/O
                         net (fo=4, routed)           0.569    11.599    u_cpu/core_inst/rename/freelist/rob_tail[4]_i_216_n_0
    SLICE_X124Y72        LUT4 (Prop_lut4_I0_O)        0.105    11.704 r  u_cpu/core_inst/rename/freelist/rob_tail[4]_i_194/O
                         net (fo=3, routed)           0.536    12.240    u_cpu/core_inst/rename/freelist/rob_tail[4]_i_194_n_0
    SLICE_X124Y71        LUT6 (Prop_lut6_I1_O)        0.105    12.345 f  u_cpu/core_inst/rename/freelist/rob_tail[4]_i_175/O
                         net (fo=3, routed)           0.648    12.993    u_cpu/core_inst/rename/freelist/rob_tail[4]_i_175_n_0
    SLICE_X122Y70        LUT5 (Prop_lut5_I4_O)        0.105    13.098 r  u_cpu/core_inst/rename/freelist/rob_tail[4]_i_153/O
                         net (fo=3, routed)           0.547    13.646    u_cpu/core_inst/rename/freelist/rob_tail[4]_i_153_n_0
    SLICE_X122Y75        LUT4 (Prop_lut4_I1_O)        0.105    13.751 r  u_cpu/core_inst/rename/freelist/rob_tail[4]_i_122/O
                         net (fo=4, routed)           0.538    14.289    u_cpu/core_inst/rename/freelist/rob_tail[4]_i_122_n_0
    SLICE_X120Y75        LUT6 (Prop_lut6_I4_O)        0.105    14.394 r  u_cpu/core_inst/rename/freelist/rob_tail[4]_i_145/O
                         net (fo=2, routed)           0.697    15.091    u_cpu/core_inst/rename/freelist/rob_tail[4]_i_145_n_0
    SLICE_X121Y74        LUT6 (Prop_lut6_I4_O)        0.105    15.196 f  u_cpu/core_inst/rename/freelist/rob_tail[4]_i_106/O
                         net (fo=11, routed)          0.422    15.619    u_cpu/core_inst/rename/freelist/rob_tail[4]_i_106_n_0
    SLICE_X120Y75        LUT2 (Prop_lut2_I1_O)        0.105    15.724 f  u_cpu/core_inst/rename/freelist/rob_tail[4]_i_158/O
                         net (fo=5, routed)           0.726    16.449    u_cpu/core_inst/rename/freelist/rob_tail[4]_i_158_n_0
    SLICE_X123Y74        LUT6 (Prop_lut6_I5_O)        0.105    16.554 r  u_cpu/core_inst/rename/freelist/rob_tail[4]_i_111/O
                         net (fo=9, routed)           0.648    17.203    u_cpu/core_inst/rename/freelist/rob_tail[4]_i_111_n_0
    SLICE_X120Y76        LUT6 (Prop_lut6_I2_O)        0.105    17.308 r  u_cpu/core_inst/rename/freelist/rob_tail[4]_i_102/O
                         net (fo=3, routed)           0.501    17.809    u_cpu/core_inst/rename/freelist/rob_tail[4]_i_102_n_0
    SLICE_X118Y76        LUT6 (Prop_lut6_I3_O)        0.105    17.914 r  u_cpu/core_inst/rename/freelist/rob_tail[4]_i_124/O
                         net (fo=3, routed)           0.397    18.311    u_cpu/core_inst/rename/freelist/rob_tail[4]_i_124_n_0
    SLICE_X119Y78        LUT6 (Prop_lut6_I5_O)        0.105    18.416 f  u_cpu/core_inst/rename/freelist/rob_tail[4]_i_90/O
                         net (fo=8, routed)           0.451    18.867    u_cpu/core_inst/rename/freelist/rob_tail[4]_i_90_n_0
    SLICE_X118Y78        LUT6 (Prop_lut6_I2_O)        0.105    18.972 f  u_cpu/core_inst/rename/freelist/rob_tail[4]_i_136/O
                         net (fo=5, routed)           0.377    19.350    u_cpu/core_inst/rename/freelist/rob_tail[4]_i_136_n_0
    SLICE_X118Y78        LUT6 (Prop_lut6_I5_O)        0.105    19.455 f  u_cpu/core_inst/rename/freelist/rob_tail[4]_i_96/O
                         net (fo=3, routed)           0.525    19.980    u_cpu/core_inst/rename/freelist/rob_tail[4]_i_96_n_0
    SLICE_X117Y78        LUT6 (Prop_lut6_I0_O)        0.105    20.085 r  u_cpu/core_inst/rename/freelist/rob_tail[4]_i_75/O
                         net (fo=9, routed)           0.539    20.624    u_cpu/core_inst/rename/freelist/rob_tail[4]_i_75_n_0
    SLICE_X116Y79        LUT5 (Prop_lut5_I3_O)        0.105    20.729 r  u_cpu/core_inst/rename/freelist/rob_tail[4]_i_128/O
                         net (fo=3, routed)           0.364    21.092    u_cpu/core_inst/rename/freelist/rob_tail[4]_i_128_n_0
    SLICE_X114Y79        LUT5 (Prop_lut5_I4_O)        0.105    21.197 r  u_cpu/core_inst/rename/freelist/rob_tail[4]_i_95/O
                         net (fo=1, routed)           0.651    21.848    u_cpu/core_inst/rename/freelist/rob_tail[4]_i_95_n_0
    SLICE_X113Y79        LUT6 (Prop_lut6_I5_O)        0.105    21.953 f  u_cpu/core_inst/rename/freelist/rob_tail[4]_i_73/O
                         net (fo=2, routed)           0.385    22.338    u_cpu/core_inst/rename/freelist/rob_tail[4]_i_73_n_0
    SLICE_X108Y77        LUT4 (Prop_lut4_I0_O)        0.105    22.443 r  u_cpu/core_inst/rename/freelist/rob_tail[4]_i_40/O
                         net (fo=2, routed)           0.343    22.787    u_cpu/core_inst/rename/freelist/rob_tail[4]_i_40_n_0
    SLICE_X108Y76        LUT5 (Prop_lut5_I0_O)        0.105    22.892 r  u_cpu/core_inst/rename/freelist/rob_tail[4]_i_49/O
                         net (fo=2, routed)           0.367    23.259    u_cpu/core_inst/rename/freelist/rob_tail[4]_i_49_n_0
    SLICE_X107Y77        LUT6 (Prop_lut6_I3_O)        0.105    23.364 r  u_cpu/core_inst/rename/freelist/rob_tail[4]_i_50/O
                         net (fo=9, routed)           0.469    23.833    u_cpu/core_inst/rename/freelist/rob_tail[4]_i_50_n_0
    SLICE_X107Y75        LUT6 (Prop_lut6_I3_O)        0.105    23.938 r  u_cpu/core_inst/rename/freelist/rob_tail[4]_i_46/O
                         net (fo=2, routed)           0.663    24.602    u_cpu/core_inst/rename/freelist/rob_tail[4]_i_46_n_0
    SLICE_X105Y75        LUT6 (Prop_lut6_I1_O)        0.105    24.707 f  u_cpu/core_inst/rename/freelist/rob_tail[4]_i_29/O
                         net (fo=2, routed)           0.464    25.170    u_cpu/core_inst/rename/freelist/rob_tail[4]_i_29_n_0
    SLICE_X105Y76        LUT6 (Prop_lut6_I1_O)        0.105    25.275 f  u_cpu/core_inst/rename/freelist/rob_tail[4]_i_17/O
                         net (fo=1, routed)           0.403    25.679    u_cpu/core_inst/rename/freelist/rob_tail[4]_i_17_n_0
    SLICE_X103Y76        LUT6 (Prop_lut6_I3_O)        0.105    25.784 r  u_cpu/core_inst/rename/freelist/rob_tail[4]_i_10/O
                         net (fo=1, routed)           0.243    26.027    u_cpu/core_inst/rename/freelist/rob_tail[4]_i_10_n_0
    SLICE_X101Y76        LUT6 (Prop_lut6_I2_O)        0.105    26.132 f  u_cpu/core_inst/rename/freelist/rob_tail[4]_i_7/O
                         net (fo=4, routed)           0.498    26.629    u_cpu/core_inst/rename/freelist/dispatch_enable
    SLICE_X94Y76         LUT6 (Prop_lut6_I2_O)        0.105    26.734 f  u_cpu/core_inst/rename/freelist/br_alloc_q[0][7]_i_6/O
                         net (fo=57, routed)          0.434    27.168    u_cpu/core_inst/rename/freelist/fl_alloc_en[0]
    SLICE_X97Y75         LUT4 (Prop_lut4_I3_O)        0.105    27.273 r  u_cpu/core_inst/rename/freelist/free_vec[55]_i_4/O
                         net (fo=37, routed)          0.584    27.858    u_cpu/core_inst/rename/freelist/free_vec[55]_i_4_n_0
    SLICE_X100Y74        LUT5 (Prop_lut5_I3_O)        0.105    27.963 r  u_cpu/core_inst/rename/freelist/slot_uop[15][pdst][5]_i_38/O
                         net (fo=3, routed)           0.392    28.354    u_cpu/core_inst/rename/freelist/slot_uop[15][pdst][5]_i_38_n_0
    SLICE_X97Y73         LUT6 (Prop_lut6_I5_O)        0.105    28.459 r  u_cpu/core_inst/rename/freelist/slot_uop[15][pdst][5]_i_20/O
                         net (fo=3, routed)           0.551    29.011    u_cpu/core_inst/rename/freelist/slot_uop[15][pdst][5]_i_20_n_0
    SLICE_X96Y73         LUT2 (Prop_lut2_I0_O)        0.127    29.138 r  u_cpu/core_inst/rename/freelist/slot_uop[15][pdst][5]_i_7/O
                         net (fo=5, routed)           0.940    30.077    u_cpu/core_inst/rename/freelist/slot_uop[15][pdst][5]_i_7_n_0
    SLICE_X91Y70         LUT6 (Prop_lut6_I3_O)        0.286    30.363 r  u_cpu/core_inst/rename/freelist/slot_uop[15][pdst][5]_i_3/O
                         net (fo=89, routed)          0.638    31.001    u_cpu/core_inst/rename/freelist/mt_write_preg[5]
    SLICE_X85Y72         LUT4 (Prop_lut4_I2_O)        0.105    31.106 r  u_cpu/core_inst/rename/freelist/slot_uop[6][psrc2_busy]_i_89/O
                         net (fo=1, routed)           0.456    31.563    u_cpu/core_inst/rename/freelist/slot_uop[6][psrc2_busy]_i_89_n_0
    SLICE_X86Y72         LUT5 (Prop_lut5_I0_O)        0.105    31.668 r  u_cpu/core_inst/rename/freelist/slot_uop[6][psrc2_busy]_i_56/O
                         net (fo=1, routed)           0.227    31.894    u_cpu/core_inst/rename/freelist/slot_uop[6][psrc2_busy]_i_56_n_0
    SLICE_X85Y72         LUT6 (Prop_lut6_I0_O)        0.105    31.999 r  u_cpu/core_inst/rename/freelist/slot_uop[6][psrc2_busy]_i_31/O
                         net (fo=1, routed)           0.643    32.642    u_cpu/core_inst/rename/freelist/slot_uop[6][psrc2_busy]_i_31_n_0
    SLICE_X84Y74         LUT6 (Prop_lut6_I4_O)        0.105    32.747 r  u_cpu/core_inst/rename/freelist/slot_uop[6][psrc2_busy]_i_13__1/O
                         net (fo=8, routed)           0.663    33.410    u_cpu/core_inst/rename/freelist/rn2_mask_q_reg[1]_0
    SLICE_X83Y72         LUT4 (Prop_lut4_I3_O)        0.105    33.515 r  u_cpu/core_inst/rename/freelist/slot_uop[15][psrc2_busy]_i_11__0/O
                         net (fo=6, routed)           0.690    34.205    u_cpu/core_inst/gen_alu[0].alu_inst/iq_alu_dis_uop[0][psrc2_busy]
    SLICE_X85Y77         LUT2 (Prop_lut2_I1_O)        0.105    34.310 f  u_cpu/core_inst/gen_alu[0].alu_inst/slot_uop[12][psrc2_busy]_i_6/O
                         net (fo=3, routed)           0.216    34.527    u_cpu/core_inst/rename/freelist/slot_uop_reg[0][psrc2_busy]
    SLICE_X85Y77         LUT2 (Prop_lut2_I1_O)        0.110    34.637 r  u_cpu/core_inst/rename/freelist/slot_uop[0][psrc2_busy]_i_2/O
                         net (fo=7, routed)           0.678    35.314    u_cpu/core_inst/alu_iq/slot_uop_reg[0][psrc2_busy]_0
    SLICE_X83Y84         LUT6 (Prop_lut6_I5_O)        0.268    35.582 r  u_cpu/core_inst/alu_iq/slot_uop[10][psrc2_busy]_i_2/O
                         net (fo=1, routed)           0.396    35.978    u_cpu/core_inst/alu_iq/slot_uop[10][psrc2_busy]_i_2_n_0
    SLICE_X81Y84         LUT6 (Prop_lut6_I0_O)        0.105    36.083 r  u_cpu/core_inst/alu_iq/slot_uop[10][psrc2_busy]_i_1/O
                         net (fo=1, routed)           0.000    36.083    u_cpu/core_inst/alu_iq/slot_uop[10][psrc2_busy]_i_1_n_0
    SLICE_X81Y84         FDRE                                         r  u_cpu/core_inst/alu_iq/slot_uop_reg[10][psrc2_busy]/D
  -------------------------------------------------------------------    -------------------

                         (clock cpu_clk rise edge)   30.556    30.556 r  
    AC19                                              0.000    30.556 r  clk (IN)
                         net (fo=0)                   0.000    30.556    clk
    AC19                 IBUF (Prop_ibuf_I_O)         1.350    31.906 r  clk_IBUF_inst/O
                         net (fo=1, routed)           2.471    34.376    clk_IBUF
    BUFGCTRL_X0Y0        BUFG (Prop_bufg_I_O)         0.077    34.453 r  clk_IBUF_BUFG_inst/O
                         net (fo=2000, routed)        1.434    35.887    fpga_pll.u_clk_pll/inst/clk_in1
    PLLE2_ADV_X0Y2       PLLE2_ADV (Prop_plle2_adv_CLKIN1_CLKOUT0)
                                                     -2.995    32.892 r  fpga_pll.u_clk_pll/inst/plle2_adv_inst/CLKOUT0
                         net (fo=1, routed)           1.484    34.376    fpga_pll.u_clk_pll/inst/cpu_clk_clk_pll
    BUFGCTRL_X0Y2        BUFG (Prop_bufg_I_O)         0.077    34.453 r  fpga_pll.u_clk_pll/inst/clkout1_buf/O
                         net (fo=59802, routed)       1.407    35.860    u_cpu/core_inst/alu_iq/cpu_clk
    SLICE_X81Y84         FDRE                                         r  u_cpu/core_inst/alu_iq/slot_uop_reg[10][psrc2_busy]/C
                         clock pessimism              0.214    36.074    
                         clock uncertainty           -0.060    36.014    
    SLICE_X81Y84         FDRE (Setup_fdre_C_D)        0.030    36.044    u_cpu/core_inst/alu_iq/slot_uop_reg[10][psrc2_busy]
  -------------------------------------------------------------------
                         required time                         36.044    
                         arrival time                         -36.083    
  -------------------------------------------------------------------
                         slack                                 -0.039    





Pulse Width Checks
--------------------------------------------------------------------------------------
Clock Name:         cpu_clk
Waveform(ns):       { 0.000 15.278 }
Period(ns):         30.556
Sources:            { fpga_pll.u_clk_pll/inst/plle2_adv_inst/CLKOUT0 }

Check Type        Corner  Lib Pin             Reference Pin  Required(ns)  Actual(ns)  Slack(ns)  Location        Pin
Min Period        n/a     RAMB18E1/CLKARDCLK  n/a            2.472         30.556      28.084     RAMB18_X0Y54    u_cpu/dcache_inst/gen_data_way[0].mem_reg/CLKARDCLK
Max Period        n/a     PLLE2_ADV/CLKOUT0   n/a            160.000       30.556      129.444    PLLE2_ADV_X0Y2  fpga_pll.u_clk_pll/inst/plle2_adv_inst/CLKOUT0
Low Pulse Width   Slow    RAMD32/CLK          n/a            1.130         15.278      14.148     SLICE_X36Y184   u_axi_clock_sync/arFifo/ram_reg_0_3_0_5/RAMA/CLK
High Pulse Width  Slow    RAMD32/CLK          n/a            1.130         15.278      14.148     SLICE_X36Y184   u_axi_clock_sync/arFifo/ram_reg_0_3_0_5/RAMA/CLK



---------------------------------------------------------------------------------------------------
From Clock:  ddr_clk
  To Clock:  ddr_clk

Setup :            0  Failing Endpoints,  Worst Slack        2.355ns,  Total Violation        0.000ns
Hold  :           NA  Failing Endpoints,  Worst Slack           NA  ,  Total Violation           NA
PW    :            0  Failing Endpoints,  Worst Slack        0.264ns,  Total Violation        0.000ns
---------------------------------------------------------------------------------------------------


Max Delay Paths
--------------------------------------------------------------------------------------
Slack (MET) :             2.355ns  (required time - arrival time)
  Source:                 ddr3.u_axi_wrap_ddr/mig_axi/u_mig_axi_32_mig/temp_mon_enabled.u_tempmon/xadc_supplied_temperature.rst_r2_reg/C
                            (rising edge-triggered cell FDRE clocked by ddr_clk  {rise@0.000ns fall@2.500ns period=5.000ns})
  Destination:            ddr3.u_axi_wrap_ddr/mig_axi/u_mig_axi_32_mig/temp_mon_enabled.u_tempmon/xadc_supplied_temperature.sample_timer_reg[1]/R
                            (rising edge-triggered cell FDRE clocked by ddr_clk  {rise@0.000ns fall@2.500ns period=5.000ns})
  Path Group:             ddr_clk
  Path Type:              Setup (Max at Slow Process Corner)
  Requirement:            5.000ns  (ddr_clk rise@5.000ns - ddr_clk rise@0.000ns)
  Data Path Delay:        2.191ns  (logic 0.590ns (26.928%)  route 1.601ns (73.072%))
  Logic Levels:           1  (LUT2=1)
  Clock Path Skew:        -0.035ns (DCD - SCD + CPR)
    Destination Clock Delay (DCD):    5.267ns = ( 10.267 - 5.000 ) 
    Source Clock Delay      (SCD):    5.569ns
    Clock Pessimism Removal (CPR):    0.267ns
  Clock Uncertainty:      0.067ns  ((TSJ^2 + DJ^2)^1/2) / 2 + PE
    Total System Jitter     (TSJ):    0.071ns
    Discrete Jitter          (DJ):    0.113ns
    Phase Error              (PE):    0.000ns

    Location             Delay type                Incr(ns)  Path(ns)    Netlist Resource(s)
  -------------------------------------------------------------------    -------------------
                         (clock ddr_clk rise edge)    0.000     0.000 r  
    AC19                                              0.000     0.000 r  clk (IN)
                         net (fo=0)                   0.000     0.000    clk
    AC19                 IBUF (Prop_ibuf_I_O)         1.416     1.416 r  clk_IBUF_inst/O
                         net (fo=1, routed)           2.602     4.018    clk_IBUF
    BUFGCTRL_X0Y0        BUFG (Prop_bufg_I_O)         0.081     4.099 r  clk_IBUF_BUFG_inst/O
                         net (fo=2000, routed)        1.823     5.922    fpga_pll.u_clk_pll_ddr/inst/clk_in1
    PLLE2_ADV_X1Y0       PLLE2_ADV (Prop_plle2_adv_CLKIN1_CLKOUT0)
                                                     -4.192     1.730 r  fpga_pll.u_clk_pll_ddr/inst/plle2_adv_inst/CLKOUT0
                         net (fo=1, routed)           2.288     4.018    fpga_pll.u_clk_pll_ddr/inst/ddr_clk_clk_pll_ddr
    BUFGCTRL_X0Y1        BUFG (Prop_bufg_I_O)         0.081     4.099 r  fpga_pll.u_clk_pll_ddr/inst/clkout1_buf/O
                         net (fo=62, routed)          1.470     5.569    ddr3.u_axi_wrap_ddr/mig_axi/u_mig_axi_32_mig/temp_mon_enabled.u_tempmon/clk_ref_i
    SLICE_X38Y194        FDRE                                         r  ddr3.u_axi_wrap_ddr/mig_axi/u_mig_axi_32_mig/temp_mon_enabled.u_tempmon/xadc_supplied_temperature.rst_r2_reg/C
  -------------------------------------------------------------------    -------------------
    SLICE_X38Y194        FDRE (Prop_fdre_C_Q)         0.348     5.917 r  ddr3.u_axi_wrap_ddr/mig_axi/u_mig_axi_32_mig/temp_mon_enabled.u_tempmon/xadc_supplied_temperature.rst_r2_reg/Q
                         net (fo=32, routed)          0.980     6.897    ddr3.u_axi_wrap_ddr/mig_axi/u_mig_axi_32_mig/temp_mon_enabled.u_tempmon/xadc_supplied_temperature.rst_r2
    SLICE_X37Y184        LUT2 (Prop_lut2_I0_O)        0.242     7.139 r  ddr3.u_axi_wrap_ddr/mig_axi/u_mig_axi_32_mig/temp_mon_enabled.u_tempmon/xadc_supplied_temperature.sample_timer[10]_i_1/O
                         net (fo=11, routed)          0.621     7.760    ddr3.u_axi_wrap_ddr/mig_axi/u_mig_axi_32_mig/temp_mon_enabled.u_tempmon/xadc_supplied_temperature.sample_timer0
    SLICE_X23Y185        FDRE                                         r  ddr3.u_axi_wrap_ddr/mig_axi/u_mig_axi_32_mig/temp_mon_enabled.u_tempmon/xadc_supplied_temperature.sample_timer_reg[1]/R
  -------------------------------------------------------------------    -------------------

                         (clock ddr_clk rise edge)    5.000     5.000 r  
    AC19                                              0.000     5.000 r  clk (IN)
                         net (fo=0)                   0.000     5.000    clk
    AC19                 IBUF (Prop_ibuf_I_O)         1.350     6.350 r  clk_IBUF_inst/O
                         net (fo=1, routed)           2.471     8.821    clk_IBUF
    BUFGCTRL_X0Y0        BUFG (Prop_bufg_I_O)         0.077     8.898 r  clk_IBUF_BUFG_inst/O
                         net (fo=2000, routed)        1.706    10.604    fpga_pll.u_clk_pll_ddr/inst/clk_in1
    PLLE2_ADV_X1Y0       PLLE2_ADV (Prop_plle2_adv_CLKIN1_CLKOUT0)
                                                     -3.960     6.644 r  fpga_pll.u_clk_pll_ddr/inst/plle2_adv_inst/CLKOUT0
                         net (fo=1, routed)           2.177     8.821    fpga_pll.u_clk_pll_ddr/inst/ddr_clk_clk_pll_ddr
    BUFGCTRL_X0Y1        BUFG (Prop_bufg_I_O)         0.077     8.898 r  fpga_pll.u_clk_pll_ddr/inst/clkout1_buf/O
                         net (fo=62, routed)          1.369    10.267    ddr3.u_axi_wrap_ddr/mig_axi/u_mig_axi_32_mig/temp_mon_enabled.u_tempmon/clk_ref_i
    SLICE_X23Y185        FDRE                                         r  ddr3.u_axi_wrap_ddr/mig_axi/u_mig_axi_32_mig/temp_mon_enabled.u_tempmon/xadc_supplied_temperature.sample_timer_reg[1]/C
                         clock pessimism              0.267    10.534    
                         clock uncertainty           -0.067    10.467    
    SLICE_X23Y185        FDRE (Setup_fdre_C_R)       -0.352    10.115    ddr3.u_axi_wrap_ddr/mig_axi/u_mig_axi_32_mig/temp_mon_enabled.u_tempmon/xadc_supplied_temperature.sample_timer_reg[1]
  -------------------------------------------------------------------
                         required time                         10.115    
                         arrival time                          -7.760    
  -------------------------------------------------------------------
                         slack                                  2.355    





Pulse Width Checks
--------------------------------------------------------------------------------------
Clock Name:         ddr_clk
Waveform(ns):       { 0.000 2.500 }
Period(ns):         5.000
Sources:            { fpga_pll.u_clk_pll_ddr/inst/plle2_adv_inst/CLKOUT0 }

Check Type        Corner  Lib Pin            Reference Pin  Required(ns)  Actual(ns)  Slack(ns)  Location         Pin
Min Period        n/a     XADC/DCLK          n/a            4.000         5.000       1.000      XADC_X0Y0        ddr3.u_axi_wrap_ddr/mig_axi/u_mig_axi_32_mig/temp_mon_enabled.u_tempmon/xadc_supplied_temperature.XADC_inst/DCLK
Max Period        n/a     IDELAYCTRL/REFCLK  n/a            5.264         5.000       0.264      IDELAYCTRL_X0Y4  ddr3.u_axi_wrap_ddr/mig_axi/u_mig_axi_32_mig/u_iodelay_ctrl/u_idelayctrl_200/REFCLK
Low Pulse Width   Slow    FDSE/C             n/a            0.500         2.500       2.000      SLICE_X36Y194    ddr3.u_axi_wrap_ddr/mig_axi/u_mig_axi_32_mig/temp_mon_enabled.u_tempmon/FSM_onehot_xadc_supplied_temperature.tempmon_state_reg[0]/C
High Pulse Width  Slow    FDSE/C             n/a            0.500         2.500       2.000      SLICE_X36Y194    ddr3.u_axi_wrap_ddr/mig_axi/u_mig_axi_32_mig/temp_mon_enabled.u_tempmon/FSM_onehot_xadc_supplied_temperature.tempmon_state_reg[0]/C



---------------------------------------------------------------------------------------------------
From Clock:  freq_refclk
  To Clock:  freq_refclk

Setup :           NA  Failing Endpoints,  Worst Slack           NA  ,  Total Violation           NA
Hold  :           NA  Failing Endpoints,  Worst Slack           NA  ,  Total Violation           NA
PW    :            0  Failing Endpoints,  Worst Slack        0.001ns,  Total Violation        0.000ns
---------------------------------------------------------------------------------------------------


Pulse Width Checks
--------------------------------------------------------------------------------------
Clock Name:         freq_refclk
Waveform(ns):       { 0.000 0.625 }
Period(ns):         1.250
Sources:            { ddr3.u_axi_wrap_ddr/mig_axi/u_mig_axi_32_mig/u_ddr3_infrastructure/plle2_i/CLKOUT0 }

Check Type        Corner  Lib Pin                    Reference Pin  Required(ns)  Actual(ns)  Slack(ns)  Location              Pin
Min Period        n/a     PLLE2_ADV/CLKOUT0          n/a            1.249         1.250       0.001      PLLE2_ADV_X0Y4        ddr3.u_axi_wrap_ddr/mig_axi/u_mig_axi_32_mig/u_ddr3_infrastructure/plle2_i/CLKOUT0
Max Period        n/a     PHASER_OUT_PHY/FREQREFCLK  n/a            2.500         1.250       1.250      PHASER_OUT_PHY_X0Y16  ddr3.u_axi_wrap_ddr/mig_axi/u_mig_axi_32_mig/u_memc_ui_top_axi/mem_intfc0/ddr_phy_top0/u_ddr_mc_phy_wrapper/u_ddr_mc_phy/ddr_phy_4lanes_0.u_ddr_phy_4lanes/ddr_byte_lane_A.ddr_byte_lane_A/phaser_out/FREQREFCLK
Low Pulse Width   Slow    PHASER_REF/CLKIN           n/a            0.482         0.625       0.143      PHASER_REF_X0Y4       ddr3.u_axi_wrap_ddr/mig_axi/u_mig_axi_32_mig/u_memc_ui_top_axi/mem_intfc0/ddr_phy_top0/u_ddr_mc_phy_wrapper/u_ddr_mc_phy/ddr_phy_4lanes_0.u_ddr_phy_4lanes/phaser_ref_i/CLKIN
High Pulse Width  Slow    PHASER_IN_PHY/FREQREFCLK   n/a            0.482         0.625       0.143      PHASER_IN_PHY_X0Y16   ddr3.u_axi_wrap_ddr/mig_axi/u_mig_axi_32_mig/u_memc_ui_top_axi/mem_intfc0/ddr_phy_top0/u_ddr_mc_phy_wrapper/u_ddr_mc_phy/ddr_phy_4lanes_0.u_ddr_phy_4lanes/ddr_byte_lane_A.ddr_byte_lane_A/phaser_in_gen.phaser_in/FREQREFCLK



---------------------------------------------------------------------------------------------------
From Clock:  u_memc_ui_top_axi/mem_intfc0/ddr_phy_top0/u_ddr_mc_phy_wrapper/u_ddr_mc_phy/ddr_phy_4lanes_0.u_ddr_phy_4lanes/ddr_byte_lane_A.ddr_byte_lane_A/iserdes_clk
  To Clock:  u_memc_ui_top_axi/mem_intfc0/ddr_phy_top0/u_ddr_mc_phy_wrapper/u_ddr_mc_phy/ddr_phy_4lanes_0.u_ddr_phy_4lanes/ddr_byte_lane_A.ddr_byte_lane_A/iserdes_clk

Setup :           NA  Failing Endpoints,  Worst Slack           NA  ,  Total Violation           NA
Hold  :           NA  Failing Endpoints,  Worst Slack           NA  ,  Total Violation           NA
PW    :            0  Failing Endpoints,  Worst Slack        1.029ns,  Total Violation        0.000ns
---------------------------------------------------------------------------------------------------


Pulse Width Checks
--------------------------------------------------------------------------------------
Clock Name:         u_memc_ui_top_axi/mem_intfc0/ddr_phy_top0/u_ddr_mc_phy_wrapper/u_ddr_mc_phy/ddr_phy_4lanes_0.u_ddr_phy_4lanes/ddr_byte_lane_A.ddr_byte_lane_A/iserdes_clk
Waveform(ns):       { 0.000 1.250 }
Period(ns):         2.500
Sources:            { ddr3.u_axi_wrap_ddr/mig_axi/u_mig_axi_32_mig/u_memc_ui_top_axi/mem_intfc0/ddr_phy_top0/u_ddr_mc_phy_wrapper/u_ddr_mc_phy/ddr_phy_4lanes_0.u_ddr_phy_4lanes/ddr_byte_lane_A.ddr_byte_lane_A/phaser_in_gen.phaser_in/ICLK }

Check Type  Corner  Lib Pin        Reference Pin  Required(ns)  Actual(ns)  Slack(ns)  Location       Pin
Min Period  n/a     ISERDESE2/CLK  n/a            1.471         2.500       1.029      ILOGIC_X0Y203  ddr3.u_axi_wrap_ddr/mig_axi/u_mig_axi_32_mig/u_memc_ui_top_axi/mem_intfc0/ddr_phy_top0/u_ddr_mc_phy_wrapper/u_ddr_mc_phy/ddr_phy_4lanes_0.u_ddr_phy_4lanes/ddr_byte_lane_A.ddr_byte_lane_A/ddr_byte_group_io/input_[2].iserdes_dq_.iserdesdq/CLK



---------------------------------------------------------------------------------------------------
From Clock:  iserdes_clkdiv
  To Clock:  iserdes_clkdiv

Setup :            0  Failing Endpoints,  Worst Slack        8.285ns,  Total Violation        0.000ns
Hold  :           NA  Failing Endpoints,  Worst Slack           NA  ,  Total Violation           NA
PW    :            0  Failing Endpoints,  Worst Slack        2.850ns,  Total Violation        0.000ns
---------------------------------------------------------------------------------------------------


Max Delay Paths
--------------------------------------------------------------------------------------
Slack (MET) :             8.285ns  (required time - arrival time)
  Source:                 ddr3.u_axi_wrap_ddr/mig_axi/u_mig_axi_32_mig/u_memc_ui_top_axi/mem_intfc0/ddr_phy_top0/u_ddr_mc_phy_wrapper/u_ddr_mc_phy/ddr_phy_4lanes_0.u_ddr_phy_4lanes/ddr_byte_lane_A.ddr_byte_lane_A/ddr_byte_group_io/input_[2].iserdes_dq_.iserdesdq/CLKDIVP
                            (rising edge-triggered cell ISERDESE2 clocked by iserdes_clkdiv  {rise@0.000ns fall@5.000ns period=10.000ns})
  Destination:            ddr3.u_axi_wrap_ddr/mig_axi/u_mig_axi_32_mig/u_memc_ui_top_axi/mem_intfc0/ddr_phy_top0/u_ddr_mc_phy_wrapper/u_ddr_mc_phy/ddr_phy_4lanes_0.u_ddr_phy_4lanes/ddr_byte_lane_A.ddr_byte_lane_A/in_fifo_gen.in_fifo/D2[0]
                            (rising edge-triggered cell IN_FIFO clocked by iserdes_clkdiv  {rise@0.000ns fall@5.000ns period=10.000ns})
  Path Group:             iserdes_clkdiv
  Path Type:              Setup (Max at Slow Process Corner)
  Requirement:            10.000ns  (iserdes_clkdiv rise@10.000ns - iserdes_clkdiv rise@0.000ns)
  Data Path Delay:        0.793ns  (logic 0.372ns (46.908%)  route 0.421ns (53.092%))
  Logic Levels:           0  
  Clock Path Skew:        -0.397ns (DCD - SCD + CPR)
    Destination Clock Delay (DCD):    7.598ns = ( 17.598 - 10.000 ) 
    Source Clock Delay      (SCD):    8.380ns
    Clock Pessimism Removal (CPR):    0.385ns
  Clock Uncertainty:      0.059ns  ((TSJ^2 + DJ^2)^1/2) / 2 + PE
    Total System Jitter     (TSJ):    0.071ns
    Discrete Jitter          (DJ):    0.096ns
    Phase Error              (PE):    0.000ns

    Location             Delay type                Incr(ns)  Path(ns)    Netlist Resource(s)
  -------------------------------------------------------------------    -------------------
                         (clock iserdes_clkdiv rise edge)
                                                      0.000     0.000 r  
    AC19                                              0.000     0.000 r  clk (IN)
                         net (fo=0)                   0.000     0.000    clk
    AC19                 IBUF (Prop_ibuf_I_O)         1.416     1.416 r  clk_IBUF_inst/O
                         net (fo=1, routed)           2.602     4.018    clk_IBUF
    BUFGCTRL_X0Y0        BUFG (Prop_bufg_I_O)         0.081     4.099 r  clk_IBUF_BUFG_inst/O
                         net (fo=2000, routed)        1.696     5.795    ddr3.u_axi_wrap_ddr/mig_axi/u_mig_axi_32_mig/u_ddr3_infrastructure/mmcm_clk
    PLLE2_ADV_X0Y4       PLLE2_ADV (Prop_plle2_adv_CLKIN1_CLKOUT0)
                                                      0.077     5.872 r  ddr3.u_axi_wrap_ddr/mig_axi/u_mig_axi_32_mig/u_ddr3_infrastructure/plle2_i/CLKOUT0
                         net (fo=7, routed)           0.529     6.401    ddr3.u_axi_wrap_ddr/mig_axi/u_mig_axi_32_mig/u_memc_ui_top_axi/mem_intfc0/ddr_phy_top0/u_ddr_mc_phy_wrapper/u_ddr_mc_phy/ddr_phy_4lanes_0.u_ddr_phy_4lanes/ddr_byte_lane_A.ddr_byte_lane_A/freq_refclk
    PHASER_IN_PHY_X0Y16  PHASER_IN_PHY (Prop_phaser_in_phy_FREQREFCLK_ICLK)
                                                      1.428     7.829 r  ddr3.u_axi_wrap_ddr/mig_axi/u_mig_axi_32_mig/u_memc_ui_top_axi/mem_intfc0/ddr_phy_top0/u_ddr_mc_phy_wrapper/u_ddr_mc_phy/ddr_phy_4lanes_0.u_ddr_phy_4lanes/ddr_byte_lane_A.ddr_byte_lane_A/phaser_in_gen.phaser_in/ICLK
    PHASER_IN_PHY_X0Y16  PHASER_IN_PHY (Prop_phaser_in_phy_ICLK_ICLKDIV)
                                                      0.154     7.983 r  ddr3.u_axi_wrap_ddr/mig_axi/u_mig_axi_32_mig/u_memc_ui_top_axi/mem_intfc0/ddr_phy_top0/u_ddr_mc_phy_wrapper/u_ddr_mc_phy/ddr_phy_4lanes_0.u_ddr_phy_4lanes/ddr_byte_lane_A.ddr_byte_lane_A/phaser_in_gen.phaser_in/ICLKDIV
                         net (fo=9, routed)           0.397     8.380    ddr3.u_axi_wrap_ddr/mig_axi/u_mig_axi_32_mig/u_memc_ui_top_axi/mem_intfc0/ddr_phy_top0/u_ddr_mc_phy_wrapper/u_ddr_mc_phy/ddr_phy_4lanes_0.u_ddr_phy_4lanes/ddr_byte_lane_A.ddr_byte_lane_A/ddr_byte_group_io/iserdes_clkdiv
    ILOGIC_X0Y203        ISERDESE2                                    r  ddr3.u_axi_wrap_ddr/mig_axi/u_mig_axi_32_mig/u_memc_ui_top_axi/mem_intfc0/ddr_phy_top0/u_ddr_mc_phy_wrapper/u_ddr_mc_phy/ddr_phy_4lanes_0.u_ddr_phy_4lanes/ddr_byte_lane_A.ddr_byte_lane_A/ddr_byte_group_io/input_[2].iserdes_dq_.iserdesdq/CLKDIVP
  -------------------------------------------------------------------    -------------------
    ILOGIC_X0Y203        ISERDESE2 (Prop_iserdese2_CLKDIVP_Q4)
                                                      0.372     8.752 r  ddr3.u_axi_wrap_ddr/mig_axi/u_mig_axi_32_mig/u_memc_ui_top_axi/mem_intfc0/ddr_phy_top0/u_ddr_mc_phy_wrapper/u_ddr_mc_phy/ddr_phy_4lanes_0.u_ddr_phy_4lanes/ddr_byte_lane_A.ddr_byte_lane_A/ddr_byte_group_io/input_[2].iserdes_dq_.iserdesdq/Q4
                         net (fo=1, routed)           0.421     9.173    ddr3.u_axi_wrap_ddr/mig_axi/u_mig_axi_32_mig/u_memc_ui_top_axi/mem_intfc0/ddr_phy_top0/u_ddr_mc_phy_wrapper/u_ddr_mc_phy/ddr_phy_4lanes_0.u_ddr_phy_4lanes/ddr_byte_lane_A.ddr_byte_lane_A/if_d2[0]
    IN_FIFO_X0Y16        IN_FIFO                                      r  ddr3.u_axi_wrap_ddr/mig_axi/u_mig_axi_32_mig/u_memc_ui_top_axi/mem_intfc0/ddr_phy_top0/u_ddr_mc_phy_wrapper/u_ddr_mc_phy/ddr_phy_4lanes_0.u_ddr_phy_4lanes/ddr_byte_lane_A.ddr_byte_lane_A/in_fifo_gen.in_fifo/D2[0]
  -------------------------------------------------------------------    -------------------

                         (clock iserdes_clkdiv rise edge)
                                                     10.000    10.000 r  
    AC19                                              0.000    10.000 r  clk (IN)
                         net (fo=0)                   0.000    10.000    clk
    AC19                 IBUF (Prop_ibuf_I_O)         1.350    11.350 r  clk_IBUF_inst/O
                         net (fo=1, routed)           2.471    13.821    clk_IBUF
    BUFGCTRL_X0Y0        BUFG (Prop_bufg_I_O)         0.077    13.898 r  clk_IBUF_BUFG_inst/O
                         net (fo=2000, routed)        1.586    15.484    ddr3.u_axi_wrap_ddr/mig_axi/u_mig_axi_32_mig/u_ddr3_infrastructure/mmcm_clk
    PLLE2_ADV_X0Y4       PLLE2_ADV (Prop_plle2_adv_CLKIN1_CLKOUT0)
                                                      0.073    15.557 r  ddr3.u_axi_wrap_ddr/mig_axi/u_mig_axi_32_mig/u_ddr3_infrastructure/plle2_i/CLKOUT0
                         net (fo=7, routed)           0.502    16.059    ddr3.u_axi_wrap_ddr/mig_axi/u_mig_axi_32_mig/u_memc_ui_top_axi/mem_intfc0/ddr_phy_top0/u_ddr_mc_phy_wrapper/u_ddr_mc_phy/ddr_phy_4lanes_0.u_ddr_phy_4lanes/ddr_byte_lane_A.ddr_byte_lane_A/freq_refclk
    PHASER_IN_PHY_X0Y16  PHASER_IN_PHY (Prop_phaser_in_phy_FREQREFCLK_ICLK)
                                                      1.394    17.453 r  ddr3.u_axi_wrap_ddr/mig_axi/u_mig_axi_32_mig/u_memc_ui_top_axi/mem_intfc0/ddr_phy_top0/u_ddr_mc_phy_wrapper/u_ddr_mc_phy/ddr_phy_4lanes_0.u_ddr_phy_4lanes/ddr_byte_lane_A.ddr_byte_lane_A/phaser_in_gen.phaser_in/ICLK
    PHASER_IN_PHY_X0Y16  PHASER_IN_PHY (Prop_phaser_in_phy_ICLK_ICLKDIV)
                                                      0.145    17.598 r  ddr3.u_axi_wrap_ddr/mig_axi/u_mig_axi_32_mig/u_memc_ui_top_axi/mem_intfc0/ddr_phy_top0/u_ddr_mc_phy_wrapper/u_ddr_mc_phy/ddr_phy_4lanes_0.u_ddr_phy_4lanes/ddr_byte_lane_A.ddr_byte_lane_A/phaser_in_gen.phaser_in/ICLKDIV
                         net (fo=9, routed)           0.000    17.598    ddr3.u_axi_wrap_ddr/mig_axi/u_mig_axi_32_mig/u_memc_ui_top_axi/mem_intfc0/ddr_phy_top0/u_ddr_mc_phy_wrapper/u_ddr_mc_phy/ddr_phy_4lanes_0.u_ddr_phy_4lanes/ddr_byte_lane_A.ddr_byte_lane_A/iserdes_clkdiv
    IN_FIFO_X0Y16        IN_FIFO                                      r  ddr3.u_axi_wrap_ddr/mig_axi/u_mig_axi_32_mig/u_memc_ui_top_axi/mem_intfc0/ddr_phy_top0/u_ddr_mc_phy_wrapper/u_ddr_mc_phy/ddr_phy_4lanes_0.u_ddr_phy_4lanes/ddr_byte_lane_A.ddr_byte_lane_A/in_fifo_gen.in_fifo/WRCLK
                         clock pessimism              0.385    17.983    
                         clock uncertainty           -0.059    17.924    
    IN_FIFO_X0Y16        IN_FIFO (Setup_in_fifo_WRCLK_D2[0])
                                                     -0.466    17.458    ddr3.u_axi_wrap_ddr/mig_axi/u_mig_axi_32_mig/u_memc_ui_top_axi/mem_intfc0/ddr_phy_top0/u_ddr_mc_phy_wrapper/u_ddr_mc_phy/ddr_phy_4lanes_0.u_ddr_phy_4lanes/ddr_byte_lane_A.ddr_byte_lane_A/in_fifo_gen.in_fifo
  -------------------------------------------------------------------
                         required time                         17.458    
                         arrival time                          -9.173    
  -------------------------------------------------------------------
                         slack                                  8.285    





Pulse Width Checks
--------------------------------------------------------------------------------------
Clock Name:         iserdes_clkdiv
Waveform(ns):       { 0.000 5.000 }
Period(ns):         10.000
Sources:            { ddr3.u_axi_wrap_ddr/mig_axi/u_mig_axi_32_mig/u_memc_ui_top_axi/mem_intfc0/ddr_phy_top0/u_ddr_mc_phy_wrapper/u_ddr_mc_phy/ddr_phy_4lanes_0.u_ddr_phy_4lanes/ddr_byte_lane_A.ddr_byte_lane_A/phaser_in_gen.phaser_in/ICLKDIV }

Check Type        Corner  Lib Pin        Reference Pin  Required(ns)  Actual(ns)  Slack(ns)  Location       Pin
Min Period        n/a     IN_FIFO/WRCLK  n/a            5.000         10.000      5.000      IN_FIFO_X0Y16  ddr3.u_axi_wrap_ddr/mig_axi/u_mig_axi_32_mig/u_memc_ui_top_axi/mem_intfc0/ddr_phy_top0/u_ddr_mc_phy_wrapper/u_ddr_mc_phy/ddr_phy_4lanes_0.u_ddr_phy_4lanes/ddr_byte_lane_A.ddr_byte_lane_A/in_fifo_gen.in_fifo/WRCLK
Low Pulse Width   Slow    IN_FIFO/WRCLK  n/a            2.150         5.000       2.850      IN_FIFO_X0Y16  ddr3.u_axi_wrap_ddr/mig_axi/u_mig_axi_32_mig/u_memc_ui_top_axi/mem_intfc0/ddr_phy_top0/u_ddr_mc_phy_wrapper/u_ddr_mc_phy/ddr_phy_4lanes_0.u_ddr_phy_4lanes/ddr_byte_lane_A.ddr_byte_lane_A/in_fifo_gen.in_fifo/WRCLK
High Pulse Width  Slow    IN_FIFO/WRCLK  n/a            2.150         5.000       2.850      IN_FIFO_X0Y16  ddr3.u_axi_wrap_ddr/mig_axi/u_mig_axi_32_mig/u_memc_ui_top_axi/mem_intfc0/ddr_phy_top0/u_ddr_mc_phy_wrapper/u_ddr_mc_phy/ddr_phy_4lanes_0.u_ddr_phy_4lanes/ddr_byte_lane_A.ddr_byte_lane_A/in_fifo_gen.in_fifo/WRCLK



---------------------------------------------------------------------------------------------------
From Clock:  u_memc_ui_top_axi/mem_intfc0/ddr_phy_top0/u_ddr_mc_phy_wrapper/u_ddr_mc_phy/ddr_phy_4lanes_0.u_ddr_phy_4lanes/ddr_byte_lane_B.ddr_byte_lane_B/iserdes_clk
  To Clock:  u_memc_ui_top_axi/mem_intfc0/ddr_phy_top0/u_ddr_mc_phy_wrapper/u_ddr_mc_phy/ddr_phy_4lanes_0.u_ddr_phy_4lanes/ddr_byte_lane_B.ddr_byte_lane_B/iserdes_clk

Setup :           NA  Failing Endpoints,  Worst Slack           NA  ,  Total Violation           NA
Hold  :           NA  Failing Endpoints,  Worst Slack           NA  ,  Total Violation           NA
PW    :            0  Failing Endpoints,  Worst Slack        1.029ns,  Total Violation        0.000ns
---------------------------------------------------------------------------------------------------


Pulse Width Checks
--------------------------------------------------------------------------------------
Clock Name:         u_memc_ui_top_axi/mem_intfc0/ddr_phy_top0/u_ddr_mc_phy_wrapper/u_ddr_mc_phy/ddr_phy_4lanes_0.u_ddr_phy_4lanes/ddr_byte_lane_B.ddr_byte_lane_B/iserdes_clk
Waveform(ns):       { 0.000 1.250 }
Period(ns):         2.500
Sources:            { ddr3.u_axi_wrap_ddr/mig_axi/u_mig_axi_32_mig/u_memc_ui_top_axi/mem_intfc0/ddr_phy_top0/u_ddr_mc_phy_wrapper/u_ddr_mc_phy/ddr_phy_4lanes_0.u_ddr_phy_4lanes/ddr_byte_lane_B.ddr_byte_lane_B/phaser_in_gen.phaser_in/ICLK }

Check Type  Corner  Lib Pin        Reference Pin  Required(ns)  Actual(ns)  Slack(ns)  Location       Pin
Min Period  n/a     ISERDESE2/CLK  n/a            1.471         2.500       1.029      ILOGIC_X0Y215  ddr3.u_axi_wrap_ddr/mig_axi/u_mig_axi_32_mig/u_memc_ui_top_axi/mem_intfc0/ddr_phy_top0/u_ddr_mc_phy_wrapper/u_ddr_mc_phy/ddr_phy_4lanes_0.u_ddr_phy_4lanes/ddr_byte_lane_B.ddr_byte_lane_B/ddr_byte_group_io/input_[2].iserdes_dq_.iserdesdq/CLK



---------------------------------------------------------------------------------------------------
From Clock:  iserdes_clkdiv_1
  To Clock:  iserdes_clkdiv_1

Setup :            0  Failing Endpoints,  Worst Slack        8.068ns,  Total Violation        0.000ns
Hold  :           NA  Failing Endpoints,  Worst Slack           NA  ,  Total Violation           NA
PW    :            0  Failing Endpoints,  Worst Slack        2.850ns,  Total Violation        0.000ns
---------------------------------------------------------------------------------------------------


Max Delay Paths
--------------------------------------------------------------------------------------
Slack (MET) :             8.068ns  (required time - arrival time)
  Source:                 ddr3.u_axi_wrap_ddr/mig_axi/u_mig_axi_32_mig/u_memc_ui_top_axi/mem_intfc0/ddr_phy_top0/u_ddr_mc_phy_wrapper/u_ddr_mc_phy/ddr_phy_4lanes_0.u_ddr_phy_4lanes/ddr_byte_lane_B.ddr_byte_lane_B/ddr_byte_group_io/input_[6].iserdes_dq_.iserdesdq/CLKDIVP
                            (rising edge-triggered cell ISERDESE2 clocked by iserdes_clkdiv_1  {rise@0.000ns fall@5.000ns period=10.000ns})
  Destination:            ddr3.u_axi_wrap_ddr/mig_axi/u_mig_axi_32_mig/u_memc_ui_top_axi/mem_intfc0/ddr_phy_top0/u_ddr_mc_phy_wrapper/u_ddr_mc_phy/ddr_phy_4lanes_0.u_ddr_phy_4lanes/ddr_byte_lane_B.ddr_byte_lane_B/in_fifo_gen.in_fifo/D6[2]
                            (rising edge-triggered cell IN_FIFO clocked by iserdes_clkdiv_1  {rise@0.000ns fall@5.000ns period=10.000ns})
  Path Group:             iserdes_clkdiv_1
  Path Type:              Setup (Max at Slow Process Corner)
  Requirement:            10.000ns  (iserdes_clkdiv_1 rise@10.000ns - iserdes_clkdiv_1 rise@0.000ns)
  Data Path Delay:        1.060ns  (logic 0.372ns (35.083%)  route 0.688ns (64.917%))
  Logic Levels:           0  
  Clock Path Skew:        -0.388ns (DCD - SCD + CPR)
    Destination Clock Delay (DCD):    7.597ns = ( 17.597 - 10.000 ) 
    Source Clock Delay      (SCD):    8.370ns
    Clock Pessimism Removal (CPR):    0.385ns
  Clock Uncertainty:      0.059ns  ((TSJ^2 + DJ^2)^1/2) / 2 + PE
    Total System Jitter     (TSJ):    0.071ns
    Discrete Jitter          (DJ):    0.096ns
    Phase Error              (PE):    0.000ns

    Location             Delay type                Incr(ns)  Path(ns)    Netlist Resource(s)
  -------------------------------------------------------------------    -------------------
                         (clock iserdes_clkdiv_1 rise edge)
                                                      0.000     0.000 r  
    AC19                                              0.000     0.000 r  clk (IN)
                         net (fo=0)                   0.000     0.000    clk
    AC19                 IBUF (Prop_ibuf_I_O)         1.416     1.416 r  clk_IBUF_inst/O
                         net (fo=1, routed)           2.602     4.018    clk_IBUF
    BUFGCTRL_X0Y0        BUFG (Prop_bufg_I_O)         0.081     4.099 r  clk_IBUF_BUFG_inst/O
                         net (fo=2000, routed)        1.696     5.795    ddr3.u_axi_wrap_ddr/mig_axi/u_mig_axi_32_mig/u_ddr3_infrastructure/mmcm_clk
    PLLE2_ADV_X0Y4       PLLE2_ADV (Prop_plle2_adv_CLKIN1_CLKOUT0)
                                                      0.077     5.872 r  ddr3.u_axi_wrap_ddr/mig_axi/u_mig_axi_32_mig/u_ddr3_infrastructure/plle2_i/CLKOUT0
                         net (fo=7, routed)           0.528     6.400    ddr3.u_axi_wrap_ddr/mig_axi/u_mig_axi_32_mig/u_memc_ui_top_axi/mem_intfc0/ddr_phy_top0/u_ddr_mc_phy_wrapper/u_ddr_mc_phy/ddr_phy_4lanes_0.u_ddr_phy_4lanes/ddr_byte_lane_B.ddr_byte_lane_B/freq_refclk
    PHASER_IN_PHY_X0Y17  PHASER_IN_PHY (Prop_phaser_in_phy_FREQREFCLK_ICLK)
                                                      1.428     7.828 r  ddr3.u_axi_wrap_ddr/mig_axi/u_mig_axi_32_mig/u_memc_ui_top_axi/mem_intfc0/ddr_phy_top0/u_ddr_mc_phy_wrapper/u_ddr_mc_phy/ddr_phy_4lanes_0.u_ddr_phy_4lanes/ddr_byte_lane_B.ddr_byte_lane_B/phaser_in_gen.phaser_in/ICLK
    PHASER_IN_PHY_X0Y17  PHASER_IN_PHY (Prop_phaser_in_phy_ICLK_ICLKDIV)
                                                      0.154     7.982 r  ddr3.u_axi_wrap_ddr/mig_axi/u_mig_axi_32_mig/u_memc_ui_top_axi/mem_intfc0/ddr_phy_top0/u_ddr_mc_phy_wrapper/u_ddr_mc_phy/ddr_phy_4lanes_0.u_ddr_phy_4lanes/ddr_byte_lane_B.ddr_byte_lane_B/phaser_in_gen.phaser_in/ICLKDIV
                         net (fo=9, routed)           0.388     8.370    ddr3.u_axi_wrap_ddr/mig_axi/u_mig_axi_32_mig/u_memc_ui_top_axi/mem_intfc0/ddr_phy_top0/u_ddr_mc_phy_wrapper/u_ddr_mc_phy/ddr_phy_4lanes_0.u_ddr_phy_4lanes/ddr_byte_lane_B.ddr_byte_lane_B/ddr_byte_group_io/iserdes_clkdiv
    ILOGIC_X0Y221        ISERDESE2                                    r  ddr3.u_axi_wrap_ddr/mig_axi/u_mig_axi_32_mig/u_memc_ui_top_axi/mem_intfc0/ddr_phy_top0/u_ddr_mc_phy_wrapper/u_ddr_mc_phy/ddr_phy_4lanes_0.u_ddr_phy_4lanes/ddr_byte_lane_B.ddr_byte_lane_B/ddr_byte_group_io/input_[6].iserdes_dq_.iserdesdq/CLKDIVP
  -------------------------------------------------------------------    -------------------
    ILOGIC_X0Y221        ISERDESE2 (Prop_iserdese2_CLKDIVP_Q2)
                                                      0.372     8.742 r  ddr3.u_axi_wrap_ddr/mig_axi/u_mig_axi_32_mig/u_memc_ui_top_axi/mem_intfc0/ddr_phy_top0/u_ddr_mc_phy_wrapper/u_ddr_mc_phy/ddr_phy_4lanes_0.u_ddr_phy_4lanes/ddr_byte_lane_B.ddr_byte_lane_B/ddr_byte_group_io/input_[6].iserdes_dq_.iserdesdq/Q2
                         net (fo=1, routed)           0.688     9.430    ddr3.u_axi_wrap_ddr/mig_axi/u_mig_axi_32_mig/u_memc_ui_top_axi/mem_intfc0/ddr_phy_top0/u_ddr_mc_phy_wrapper/u_ddr_mc_phy/ddr_phy_4lanes_0.u_ddr_phy_4lanes/ddr_byte_lane_B.ddr_byte_lane_B/if_d6[2]
    IN_FIFO_X0Y17        IN_FIFO                                      r  ddr3.u_axi_wrap_ddr/mig_axi/u_mig_axi_32_mig/u_memc_ui_top_axi/mem_intfc0/ddr_phy_top0/u_ddr_mc_phy_wrapper/u_ddr_mc_phy/ddr_phy_4lanes_0.u_ddr_phy_4lanes/ddr_byte_lane_B.ddr_byte_lane_B/in_fifo_gen.in_fifo/D6[2]
  -------------------------------------------------------------------    -------------------

                         (clock iserdes_clkdiv_1 rise edge)
                                                     10.000    10.000 r  
    AC19                                              0.000    10.000 r  clk (IN)
                         net (fo=0)                   0.000    10.000    clk
    AC19                 IBUF (Prop_ibuf_I_O)         1.350    11.350 r  clk_IBUF_inst/O
                         net (fo=1, routed)           2.471    13.821    clk_IBUF
    BUFGCTRL_X0Y0        BUFG (Prop_bufg_I_O)         0.077    13.898 r  clk_IBUF_BUFG_inst/O
                         net (fo=2000, routed)        1.586    15.484    ddr3.u_axi_wrap_ddr/mig_axi/u_mig_axi_32_mig/u_ddr3_infrastructure/mmcm_clk
    PLLE2_ADV_X0Y4       PLLE2_ADV (Prop_plle2_adv_CLKIN1_CLKOUT0)
                                                      0.073    15.557 r  ddr3.u_axi_wrap_ddr/mig_axi/u_mig_axi_32_mig/u_ddr3_infrastructure/plle2_i/CLKOUT0
                         net (fo=7, routed)           0.501    16.058    ddr3.u_axi_wrap_ddr/mig_axi/u_mig_axi_32_mig/u_memc_ui_top_axi/mem_intfc0/ddr_phy_top0/u_ddr_mc_phy_wrapper/u_ddr_mc_phy/ddr_phy_4lanes_0.u_ddr_phy_4lanes/ddr_byte_lane_B.ddr_byte_lane_B/freq_refclk
    PHASER_IN_PHY_X0Y17  PHASER_IN_PHY (Prop_phaser_in_phy_FREQREFCLK_ICLK)
                                                      1.394    17.452 r  ddr3.u_axi_wrap_ddr/mig_axi/u_mig_axi_32_mig/u_memc_ui_top_axi/mem_intfc0/ddr_phy_top0/u_ddr_mc_phy_wrapper/u_ddr_mc_phy/ddr_phy_4lanes_0.u_ddr_phy_4lanes/ddr_byte_lane_B.ddr_byte_lane_B/phaser_in_gen.phaser_in/ICLK
    PHASER_IN_PHY_X0Y17  PHASER_IN_PHY (Prop_phaser_in_phy_ICLK_ICLKDIV)
                                                      0.145    17.597 r  ddr3.u_axi_wrap_ddr/mig_axi/u_mig_axi_32_mig/u_memc_ui_top_axi/mem_intfc0/ddr_phy_top0/u_ddr_mc_phy_wrapper/u_ddr_mc_phy/ddr_phy_4lanes_0.u_ddr_phy_4lanes/ddr_byte_lane_B.ddr_byte_lane_B/phaser_in_gen.phaser_in/ICLKDIV
                         net (fo=9, routed)           0.000    17.597    ddr3.u_axi_wrap_ddr/mig_axi/u_mig_axi_32_mig/u_memc_ui_top_axi/mem_intfc0/ddr_phy_top0/u_ddr_mc_phy_wrapper/u_ddr_mc_phy/ddr_phy_4lanes_0.u_ddr_phy_4lanes/ddr_byte_lane_B.ddr_byte_lane_B/iserdes_clkdiv
    IN_FIFO_X0Y17        IN_FIFO                                      r  ddr3.u_axi_wrap_ddr/mig_axi/u_mig_axi_32_mig/u_memc_ui_top_axi/mem_intfc0/ddr_phy_top0/u_ddr_mc_phy_wrapper/u_ddr_mc_phy/ddr_phy_4lanes_0.u_ddr_phy_4lanes/ddr_byte_lane_B.ddr_byte_lane_B/in_fifo_gen.in_fifo/WRCLK
                         clock pessimism              0.385    17.982    
                         clock uncertainty           -0.059    17.923    
    IN_FIFO_X0Y17        IN_FIFO (Setup_in_fifo_WRCLK_D6[2])
                                                     -0.424    17.499    ddr3.u_axi_wrap_ddr/mig_axi/u_mig_axi_32_mig/u_memc_ui_top_axi/mem_intfc0/ddr_phy_top0/u_ddr_mc_phy_wrapper/u_ddr_mc_phy/ddr_phy_4lanes_0.u_ddr_phy_4lanes/ddr_byte_lane_B.ddr_byte_lane_B/in_fifo_gen.in_fifo
  -------------------------------------------------------------------
                         required time                         17.499    
                         arrival time                          -9.430    
  -------------------------------------------------------------------
                         slack                                  8.068    





Pulse Width Checks
--------------------------------------------------------------------------------------
Clock Name:         iserdes_clkdiv_1
Waveform(ns):       { 0.000 5.000 }
Period(ns):         10.000
Sources:            { ddr3.u_axi_wrap_ddr/mig_axi/u_mig_axi_32_mig/u_memc_ui_top_axi/mem_intfc0/ddr_phy_top0/u_ddr_mc_phy_wrapper/u_ddr_mc_phy/ddr_phy_4lanes_0.u_ddr_phy_4lanes/ddr_byte_lane_B.ddr_byte_lane_B/phaser_in_gen.phaser_in/ICLKDIV }

Check Type        Corner  Lib Pin        Reference Pin  Required(ns)  Actual(ns)  Slack(ns)  Location       Pin
Min Period        n/a     IN_FIFO/WRCLK  n/a            5.000         10.000      5.000      IN_FIFO_X0Y17  ddr3.u_axi_wrap_ddr/mig_axi/u_mig_axi_32_mig/u_memc_ui_top_axi/mem_intfc0/ddr_phy_top0/u_ddr_mc_phy_wrapper/u_ddr_mc_phy/ddr_phy_4lanes_0.u_ddr_phy_4lanes/ddr_byte_lane_B.ddr_byte_lane_B/in_fifo_gen.in_fifo/WRCLK
Low Pulse Width   Slow    IN_FIFO/WRCLK  n/a            2.150         5.000       2.850      IN_FIFO_X0Y17  ddr3.u_axi_wrap_ddr/mig_axi/u_mig_axi_32_mig/u_memc_ui_top_axi/mem_intfc0/ddr_phy_top0/u_ddr_mc_phy_wrapper/u_ddr_mc_phy/ddr_phy_4lanes_0.u_ddr_phy_4lanes/ddr_byte_lane_B.ddr_byte_lane_B/in_fifo_gen.in_fifo/WRCLK
High Pulse Width  Slow    IN_FIFO/WRCLK  n/a            2.150         5.000       2.850      IN_FIFO_X0Y17  ddr3.u_axi_wrap_ddr/mig_axi/u_mig_axi_32_mig/u_memc_ui_top_axi/mem_intfc0/ddr_phy_top0/u_ddr_mc_phy_wrapper/u_ddr_mc_phy/ddr_phy_4lanes_0.u_ddr_phy_4lanes/ddr_byte_lane_B.ddr_byte_lane_B/in_fifo_gen.in_fifo/WRCLK



---------------------------------------------------------------------------------------------------
From Clock:  mem_refclk
  To Clock:  mem_refclk

Setup :            0  Failing Endpoints,  Worst Slack        1.407ns,  Total Violation        0.000ns
Hold  :           NA  Failing Endpoints,  Worst Slack           NA  ,  Total Violation           NA
PW    :            0  Failing Endpoints,  Worst Slack        0.715ns,  Total Violation        0.000ns
---------------------------------------------------------------------------------------------------


Max Delay Paths
--------------------------------------------------------------------------------------
Slack (MET) :             1.407ns  (required time - arrival time)
  Source:                 ddr3.u_axi_wrap_ddr/mig_axi/u_mig_axi_32_mig/u_memc_ui_top_axi/mem_intfc0/ddr_phy_top0/u_ddr_mc_phy_wrapper/u_ddr_mc_phy/ddr_phy_4lanes_0.u_ddr_phy_4lanes/phy_control_i/MEMREFCLK
                            (rising edge-triggered cell PHY_CONTROL clocked by mem_refclk  {rise@0.000ns fall@1.250ns period=2.500ns})
  Destination:            ddr3.u_axi_wrap_ddr/mig_axi/u_mig_axi_32_mig/u_memc_ui_top_axi/mem_intfc0/ddr_phy_top0/u_ddr_mc_phy_wrapper/u_ddr_mc_phy/ddr_phy_4lanes_0.u_ddr_phy_4lanes/phy_control_i/PHYCTLMSTREMPTY
                            (rising edge-triggered cell PHY_CONTROL clocked by mem_refclk  {rise@0.000ns fall@1.250ns period=2.500ns})
  Path Group:             mem_refclk
  Path Type:              Setup (Max at Slow Process Corner)
  Requirement:            2.500ns  (mem_refclk rise@2.500ns - mem_refclk rise@0.000ns)
  Data Path Delay:        1.019ns  (logic 0.622ns (61.040%)  route 0.397ns (38.960%))
  Logic Levels:           0  
  Clock Path Skew:        0.000ns (DCD - SCD + CPR)
    Destination Clock Delay (DCD):    6.058ns = ( 8.558 - 2.500 ) 
    Source Clock Delay      (SCD):    6.400ns
    Clock Pessimism Removal (CPR):    0.342ns
  Clock Uncertainty:      0.065ns  ((TSJ^2 + DJ^2)^1/2) / 2 + PE
    Total System Jitter     (TSJ):    0.071ns
    Discrete Jitter          (DJ):    0.109ns
    Phase Error              (PE):    0.000ns

    Location             Delay type                Incr(ns)  Path(ns)    Netlist Resource(s)
  -------------------------------------------------------------------    -------------------
                         (clock mem_refclk rise edge)
                                                      0.000     0.000 r  
    AC19                                              0.000     0.000 r  clk (IN)
                         net (fo=0)                   0.000     0.000    clk
    AC19                 IBUF (Prop_ibuf_I_O)         1.416     1.416 r  clk_IBUF_inst/O
                         net (fo=1, routed)           2.602     4.018    clk_IBUF
    BUFGCTRL_X0Y0        BUFG (Prop_bufg_I_O)         0.081     4.099 r  clk_IBUF_BUFG_inst/O
                         net (fo=2000, routed)        1.696     5.795    ddr3.u_axi_wrap_ddr/mig_axi/u_mig_axi_32_mig/u_ddr3_infrastructure/mmcm_clk
    PLLE2_ADV_X0Y4       PLLE2_ADV (Prop_plle2_adv_CLKIN1_CLKOUT1)
                                                      0.077     5.872 r  ddr3.u_axi_wrap_ddr/mig_axi/u_mig_axi_32_mig/u_ddr3_infrastructure/plle2_i/CLKOUT1
                         net (fo=7, routed)           0.528     6.400    ddr3.u_axi_wrap_ddr/mig_axi/u_mig_axi_32_mig/u_memc_ui_top_axi/mem_intfc0/ddr_phy_top0/u_ddr_mc_phy_wrapper/u_ddr_mc_phy/ddr_phy_4lanes_0.u_ddr_phy_4lanes/mem_refclk
    PHY_CONTROL_X0Y4     PHY_CONTROL                                  r  ddr3.u_axi_wrap_ddr/mig_axi/u_mig_axi_32_mig/u_memc_ui_top_axi/mem_intfc0/ddr_phy_top0/u_ddr_mc_phy_wrapper/u_ddr_mc_phy/ddr_phy_4lanes_0.u_ddr_phy_4lanes/phy_control_i/MEMREFCLK
  -------------------------------------------------------------------    -------------------
    PHY_CONTROL_X0Y4     PHY_CONTROL (Prop_phy_control_MEMREFCLK_PHYCTLEMPTY)
                                                      0.622     7.022 r  ddr3.u_axi_wrap_ddr/mig_axi/u_mig_axi_32_mig/u_memc_ui_top_axi/mem_intfc0/ddr_phy_top0/u_ddr_mc_phy_wrapper/u_ddr_mc_phy/ddr_phy_4lanes_0.u_ddr_phy_4lanes/phy_control_i/PHYCTLEMPTY
                         net (fo=1, routed)           0.397     7.419    ddr3.u_axi_wrap_ddr/mig_axi/u_mig_axi_32_mig/u_memc_ui_top_axi/mem_intfc0/ddr_phy_top0/u_ddr_mc_phy_wrapper/u_ddr_mc_phy/ddr_phy_4lanes_0.u_ddr_phy_4lanes/phy_control_i_n_1
    PHY_CONTROL_X0Y4     PHY_CONTROL                                  r  ddr3.u_axi_wrap_ddr/mig_axi/u_mig_axi_32_mig/u_memc_ui_top_axi/mem_intfc0/ddr_phy_top0/u_ddr_mc_phy_wrapper/u_ddr_mc_phy/ddr_phy_4lanes_0.u_ddr_phy_4lanes/phy_control_i/PHYCTLMSTREMPTY
  -------------------------------------------------------------------    -------------------

                         (clock mem_refclk rise edge)
                                                      2.500     2.500 r  
    AC19                                              0.000     2.500 r  clk (IN)
                         net (fo=0)                   0.000     2.500    clk
    AC19                 IBUF (Prop_ibuf_I_O)         1.350     3.850 r  clk_IBUF_inst/O
                         net (fo=1, routed)           2.471     6.321    clk_IBUF
    BUFGCTRL_X0Y0        BUFG (Prop_bufg_I_O)         0.077     6.398 r  clk_IBUF_BUFG_inst/O
                         net (fo=2000, routed)        1.586     7.984    ddr3.u_axi_wrap_ddr/mig_axi/u_mig_axi_32_mig/u_ddr3_infrastructure/mmcm_clk
    PLLE2_ADV_X0Y4       PLLE2_ADV (Prop_plle2_adv_CLKIN1_CLKOUT1)
                                                      0.073     8.057 r  ddr3.u_axi_wrap_ddr/mig_axi/u_mig_axi_32_mig/u_ddr3_infrastructure/plle2_i/CLKOUT1
                         net (fo=7, routed)           0.501     8.558    ddr3.u_axi_wrap_ddr/mig_axi/u_mig_axi_32_mig/u_memc_ui_top_axi/mem_intfc0/ddr_phy_top0/u_ddr_mc_phy_wrapper/u_ddr_mc_phy/ddr_phy_4lanes_0.u_ddr_phy_4lanes/mem_refclk
    PHY_CONTROL_X0Y4     PHY_CONTROL                                  r  ddr3.u_axi_wrap_ddr/mig_axi/u_mig_axi_32_mig/u_memc_ui_top_axi/mem_intfc0/ddr_phy_top0/u_ddr_mc_phy_wrapper/u_ddr_mc_phy/ddr_phy_4lanes_0.u_ddr_phy_4lanes/phy_control_i/MEMREFCLK
                         clock pessimism              0.342     8.900    
                         clock uncertainty           -0.065     8.835    
    PHY_CONTROL_X0Y4     PHY_CONTROL (Setup_phy_control_MEMREFCLK_PHYCTLMSTREMPTY)
                                                     -0.009     8.826    ddr3.u_axi_wrap_ddr/mig_axi/u_mig_axi_32_mig/u_memc_ui_top_axi/mem_intfc0/ddr_phy_top0/u_ddr_mc_phy_wrapper/u_ddr_mc_phy/ddr_phy_4lanes_0.u_ddr_phy_4lanes/phy_control_i
  -------------------------------------------------------------------
                         required time                          8.826    
                         arrival time                          -7.419    
  -------------------------------------------------------------------
                         slack                                  1.407    





Pulse Width Checks
--------------------------------------------------------------------------------------
Clock Name:         mem_refclk
Waveform(ns):       { 0.000 1.250 }
Period(ns):         2.500
Sources:            { ddr3.u_axi_wrap_ddr/mig_axi/u_mig_axi_32_mig/u_ddr3_infrastructure/plle2_i/CLKOUT1 }

Check Type        Corner  Lib Pin                Reference Pin  Required(ns)  Actual(ns)  Slack(ns)  Location          Pin
Min Period        n/a     PHY_CONTROL/MEMREFCLK  n/a            1.475         2.500       1.025      PHY_CONTROL_X0Y4  ddr3.u_axi_wrap_ddr/mig_axi/u_mig_axi_32_mig/u_memc_ui_top_axi/mem_intfc0/ddr_phy_top0/u_ddr_mc_phy_wrapper/u_ddr_mc_phy/ddr_phy_4lanes_0.u_ddr_phy_4lanes/phy_control_i/MEMREFCLK
Max Period        n/a     PLLE2_ADV/CLKOUT1      n/a            160.000       2.500       157.500    PLLE2_ADV_X0Y4    ddr3.u_axi_wrap_ddr/mig_axi/u_mig_axi_32_mig/u_ddr3_infrastructure/plle2_i/CLKOUT1
Low Pulse Width   Slow    PHY_CONTROL/MEMREFCLK  n/a            0.535         1.250       0.715      PHY_CONTROL_X0Y4  ddr3.u_axi_wrap_ddr/mig_axi/u_mig_axi_32_mig/u_memc_ui_top_axi/mem_intfc0/ddr_phy_top0/u_ddr_mc_phy_wrapper/u_ddr_mc_phy/ddr_phy_4lanes_0.u_ddr_phy_4lanes/phy_control_i/MEMREFCLK
High Pulse Width  Slow    PHY_CONTROL/MEMREFCLK  n/a            0.535         1.250       0.715      PHY_CONTROL_X0Y4  ddr3.u_axi_wrap_ddr/mig_axi/u_mig_axi_32_mig/u_memc_ui_top_axi/mem_intfc0/ddr_phy_top0/u_ddr_mc_phy_wrapper/u_ddr_mc_phy/ddr_phy_4lanes_0.u_ddr_phy_4lanes/phy_control_i/MEMREFCLK



---------------------------------------------------------------------------------------------------
From Clock:  oserdes_clk
  To Clock:  oserdes_clk

Setup :            0  Failing Endpoints,  Worst Slack        1.190ns,  Total Violation        0.000ns
Hold  :           NA  Failing Endpoints,  Worst Slack           NA  ,  Total Violation           NA
PW    :            0  Failing Endpoints,  Worst Slack        1.026ns,  Total Violation        0.000ns
---------------------------------------------------------------------------------------------------


Max Delay Paths
--------------------------------------------------------------------------------------
Slack (MET) :             1.190ns  (required time - arrival time)
  Source:                 ddr3.u_axi_wrap_ddr/mig_axi/u_mig_axi_32_mig/u_memc_ui_top_axi/mem_intfc0/ddr_phy_top0/u_ddr_mc_phy_wrapper/u_ddr_mc_phy/ddr_phy_4lanes_0.u_ddr_phy_4lanes/ddr_byte_lane_A.ddr_byte_lane_A/phaser_out/OCLKDELAYED
                            (rising edge-triggered cell PHASER_OUT_PHY clocked by oserdes_clk  {rise@0.000ns fall@1.250ns period=2.500ns})
  Destination:            ddr3.u_axi_wrap_ddr/mig_axi/u_mig_axi_32_mig/u_memc_ui_top_axi/mem_intfc0/ddr_phy_top0/u_ddr_mc_phy_wrapper/u_ddr_mc_phy/ddr_phy_4lanes_0.u_ddr_phy_4lanes/ddr_byte_lane_A.ddr_byte_lane_A/ddr_byte_group_io/dqs_gen.oddr_dqsts/D1
                            (rising edge-triggered cell ODDR clocked by oserdes_clk  {rise@0.000ns fall@1.250ns period=2.500ns})
  Path Group:             oserdes_clk
  Path Type:              Setup (Max at Slow Process Corner)
  Requirement:            2.500ns  (oserdes_clk rise@2.500ns - oserdes_clk rise@0.000ns)
  Data Path Delay:        0.864ns  (logic 0.489ns (56.594%)  route 0.375ns (43.406%))
  Logic Levels:           0  
  Clock Path Skew:        0.342ns (DCD - SCD + CPR)
    Destination Clock Delay (DCD):    9.046ns = ( 11.546 - 2.500 ) 
    Source Clock Delay      (SCD):    9.139ns
    Clock Pessimism Removal (CPR):    0.436ns
  Clock Uncertainty:      0.065ns  ((TSJ^2 + DJ^2)^1/2) / 2 + PE
    Total System Jitter     (TSJ):    0.071ns
    Discrete Jitter          (DJ):    0.109ns
    Phase Error              (PE):    0.000ns

    Location             Delay type                Incr(ns)  Path(ns)    Netlist Resource(s)
  -------------------------------------------------------------------    -------------------
                         (clock oserdes_clk rise edge)
                                                      0.000     0.000 r  
    AC19                                              0.000     0.000 r  clk (IN)
                         net (fo=0)                   0.000     0.000    clk
    AC19                 IBUF (Prop_ibuf_I_O)         1.416     1.416 r  clk_IBUF_inst/O
                         net (fo=1, routed)           2.602     4.018    clk_IBUF
    BUFGCTRL_X0Y0        BUFG (Prop_bufg_I_O)         0.081     4.099 r  clk_IBUF_BUFG_inst/O
                         net (fo=2000, routed)        1.696     5.795    ddr3.u_axi_wrap_ddr/mig_axi/u_mig_axi_32_mig/u_ddr3_infrastructure/mmcm_clk
    PLLE2_ADV_X0Y4       PLLE2_ADV (Prop_plle2_adv_CLKIN1_CLKOUT1)
                                                      0.077     5.872 r  ddr3.u_axi_wrap_ddr/mig_axi/u_mig_axi_32_mig/u_ddr3_infrastructure/plle2_i/CLKOUT1
                         net (fo=7, routed)           0.522     6.394    ddr3.u_axi_wrap_ddr/mig_axi/u_mig_axi_32_mig/u_memc_ui_top_axi/mem_intfc0/ddr_phy_top0/u_ddr_mc_phy_wrapper/u_ddr_mc_phy/ddr_phy_4lanes_0.u_ddr_phy_4lanes/ddr_byte_lane_A.ddr_byte_lane_A/mem_refclk
    PHASER_OUT_PHY_X0Y16 PHASER_OUT_PHY (Prop_phaser_out_phy_MEMREFCLK_OCLK)
                                                      2.083     8.477 r  ddr3.u_axi_wrap_ddr/mig_axi/u_mig_axi_32_mig/u_memc_ui_top_axi/mem_intfc0/ddr_phy_top0/u_ddr_mc_phy_wrapper/u_ddr_mc_phy/ddr_phy_4lanes_0.u_ddr_phy_4lanes/ddr_byte_lane_A.ddr_byte_lane_A/phaser_out/OCLK
    PHASER_OUT_PHY_X0Y16 PHASER_OUT_PHY (Prop_phaser_out_phy_OCLK_OCLKDELAYED)
                                                      0.662     9.139 r  ddr3.u_axi_wrap_ddr/mig_axi/u_mig_axi_32_mig/u_memc_ui_top_axi/mem_intfc0/ddr_phy_top0/u_ddr_mc_phy_wrapper/u_ddr_mc_phy/ddr_phy_4lanes_0.u_ddr_phy_4lanes/ddr_byte_lane_A.ddr_byte_lane_A/phaser_out/OCLKDELAYED
  -------------------------------------------------------------------    -------------------
    PHASER_OUT_PHY_X0Y16 PHASER_OUT_PHY (Prop_phaser_out_phy_OCLKDELAYED_CTSBUS[0])
                                                      0.489     9.628 r  ddr3.u_axi_wrap_ddr/mig_axi/u_mig_axi_32_mig/u_memc_ui_top_axi/mem_intfc0/ddr_phy_top0/u_ddr_mc_phy_wrapper/u_ddr_mc_phy/ddr_phy_4lanes_0.u_ddr_phy_4lanes/ddr_byte_lane_A.ddr_byte_lane_A/phaser_out/CTSBUS[0]
                         net (fo=2, routed)           0.375    10.003    ddr3.u_axi_wrap_ddr/mig_axi/u_mig_axi_32_mig/u_memc_ui_top_axi/mem_intfc0/ddr_phy_top0/u_ddr_mc_phy_wrapper/u_ddr_mc_phy/ddr_phy_4lanes_0.u_ddr_phy_4lanes/ddr_byte_lane_A.ddr_byte_lane_A/ddr_byte_group_io/CTSBUS[0]
    OLOGIC_X0Y208        ODDR                                         r  ddr3.u_axi_wrap_ddr/mig_axi/u_mig_axi_32_mig/u_memc_ui_top_axi/mem_intfc0/ddr_phy_top0/u_ddr_mc_phy_wrapper/u_ddr_mc_phy/ddr_phy_4lanes_0.u_ddr_phy_4lanes/ddr_byte_lane_A.ddr_byte_lane_A/ddr_byte_group_io/dqs_gen.oddr_dqsts/D1
  -------------------------------------------------------------------    -------------------

                         (clock oserdes_clk rise edge)
                                                      2.500     2.500 r  
    AC19                                              0.000     2.500 r  clk (IN)
                         net (fo=0)                   0.000     2.500    clk
    AC19                 IBUF (Prop_ibuf_I_O)         1.350     3.850 r  clk_IBUF_inst/O
                         net (fo=1, routed)           2.471     6.321    clk_IBUF
    BUFGCTRL_X0Y0        BUFG (Prop_bufg_I_O)         0.077     6.398 r  clk_IBUF_BUFG_inst/O
                         net (fo=2000, routed)        1.586     7.984    ddr3.u_axi_wrap_ddr/mig_axi/u_mig_axi_32_mig/u_ddr3_infrastructure/mmcm_clk
    PLLE2_ADV_X0Y4       PLLE2_ADV (Prop_plle2_adv_CLKIN1_CLKOUT1)
                                                      0.073     8.057 r  ddr3.u_axi_wrap_ddr/mig_axi/u_mig_axi_32_mig/u_ddr3_infrastructure/plle2_i/CLKOUT1
                         net (fo=7, routed)           0.496     8.553    ddr3.u_axi_wrap_ddr/mig_axi/u_mig_axi_32_mig/u_memc_ui_top_axi/mem_intfc0/ddr_phy_top0/u_ddr_mc_phy_wrapper/u_ddr_mc_phy/ddr_phy_4lanes_0.u_ddr_phy_4lanes/ddr_byte_lane_A.ddr_byte_lane_A/mem_refclk
    PHASER_OUT_PHY_X0Y16 PHASER_OUT_PHY (Prop_phaser_out_phy_MEMREFCLK_OCLK)
                                                      2.027    10.580 r  ddr3.u_axi_wrap_ddr/mig_axi/u_mig_axi_32_mig/u_memc_ui_top_axi/mem_intfc0/ddr_phy_top0/u_ddr_mc_phy_wrapper/u_ddr_mc_phy/ddr_phy_4lanes_0.u_ddr_phy_4lanes/ddr_byte_lane_A.ddr_byte_lane_A/phaser_out/OCLK
    PHASER_OUT_PHY_X0Y16 PHASER_OUT_PHY (Prop_phaser_out_phy_OCLK_OCLKDELAYED)
                                                      0.624    11.204 r  ddr3.u_axi_wrap_ddr/mig_axi/u_mig_axi_32_mig/u_memc_ui_top_axi/mem_intfc0/ddr_phy_top0/u_ddr_mc_phy_wrapper/u_ddr_mc_phy/ddr_phy_4lanes_0.u_ddr_phy_4lanes/ddr_byte_lane_A.ddr_byte_lane_A/phaser_out/OCLKDELAYED
                         net (fo=2, routed)           0.342    11.546    ddr3.u_axi_wrap_ddr/mig_axi/u_mig_axi_32_mig/u_memc_ui_top_axi/mem_intfc0/ddr_phy_top0/u_ddr_mc_phy_wrapper/u_ddr_mc_phy/ddr_phy_4lanes_0.u_ddr_phy_4lanes/ddr_byte_lane_A.ddr_byte_lane_A/ddr_byte_group_io/oserdes_clk_delayed
    OLOGIC_X0Y208        ODDR                                         r  ddr3.u_axi_wrap_ddr/mig_axi/u_mig_axi_32_mig/u_memc_ui_top_axi/mem_intfc0/ddr_phy_top0/u_ddr_mc_phy_wrapper/u_ddr_mc_phy/ddr_phy_4lanes_0.u_ddr_phy_4lanes/ddr_byte_lane_A.ddr_byte_lane_A/ddr_byte_group_io/dqs_gen.oddr_dqsts/C
                         clock pessimism              0.436    11.981    
                         clock uncertainty           -0.065    11.916    
    OLOGIC_X0Y208        ODDR (Setup_oddr_C_D1)      -0.723    11.193    ddr3.u_axi_wrap_ddr/mig_axi/u_mig_axi_32_mig/u_memc_ui_top_axi/mem_intfc0/ddr_phy_top0/u_ddr_mc_phy_wrapper/u_ddr_mc_phy/ddr_phy_4lanes_0.u_ddr_phy_4lanes/ddr_byte_lane_A.ddr_byte_lane_A/ddr_byte_group_io/dqs_gen.oddr_dqsts
  -------------------------------------------------------------------
                         required time                         11.193    
                         arrival time                         -10.003    
  -------------------------------------------------------------------
                         slack                                  1.190    





Pulse Width Checks
--------------------------------------------------------------------------------------
Clock Name:         oserdes_clk
Waveform(ns):       { 0.000 1.250 }
Period(ns):         2.500
Sources:            { ddr3.u_axi_wrap_ddr/mig_axi/u_mig_axi_32_mig/u_memc_ui_top_axi/mem_intfc0/ddr_phy_top0/u_ddr_mc_phy_wrapper/u_ddr_mc_phy/ddr_phy_4lanes_0.u_ddr_phy_4lanes/ddr_byte_lane_A.ddr_byte_lane_A/phaser_out/OCLK }

Check Type  Corner  Lib Pin  Reference Pin  Required(ns)  Actual(ns)  Slack(ns)  Location       Pin
Min Period  n/a     ODDR/C   n/a            1.474         2.500       1.026      OLOGIC_X0Y208  ddr3.u_axi_wrap_ddr/mig_axi/u_mig_axi_32_mig/u_memc_ui_top_axi/mem_intfc0/ddr_phy_top0/u_ddr_mc_phy_wrapper/u_ddr_mc_phy/ddr_phy_4lanes_0.u_ddr_phy_4lanes/ddr_byte_lane_A.ddr_byte_lane_A/ddr_byte_group_io/dqs_gen.oddr_dqs/C



---------------------------------------------------------------------------------------------------
From Clock:  oserdes_clkdiv
  To Clock:  oserdes_clkdiv

Setup :            0  Failing Endpoints,  Worst Slack        3.750ns,  Total Violation        0.000ns
Hold  :           NA  Failing Endpoints,  Worst Slack           NA  ,  Total Violation           NA
PW    :            0  Failing Endpoints,  Worst Slack        0.000ns,  Total Violation        0.000ns
---------------------------------------------------------------------------------------------------


Max Delay Paths
--------------------------------------------------------------------------------------
Slack (MET) :             3.750ns  (required time - arrival time)
  Source:                 ddr3.u_axi_wrap_ddr/mig_axi/u_mig_axi_32_mig/u_memc_ui_top_axi/mem_intfc0/ddr_phy_top0/u_ddr_mc_phy_wrapper/u_ddr_mc_phy/ddr_phy_4lanes_0.u_ddr_phy_4lanes/ddr_byte_lane_A.ddr_byte_lane_A/out_fifo/RDCLK
                            (rising edge-triggered cell OUT_FIFO clocked by oserdes_clkdiv  {rise@0.000ns fall@2.500ns period=5.000ns})
  Destination:            ddr3.u_axi_wrap_ddr/mig_axi/u_mig_axi_32_mig/u_memc_ui_top_axi/mem_intfc0/ddr_phy_top0/u_ddr_mc_phy_wrapper/u_ddr_mc_phy/ddr_phy_4lanes_0.u_ddr_phy_4lanes/ddr_byte_lane_A.ddr_byte_lane_A/ddr_byte_group_io/output_[9].oserdes_dq_.ddr.oserdes_dq_i/D1
                            (rising edge-triggered cell OSERDESE2 clocked by oserdes_clkdiv  {rise@0.000ns fall@2.500ns period=5.000ns})
  Path Group:             oserdes_clkdiv
  Path Type:              Setup (Max at Slow Process Corner)
  Requirement:            5.000ns  (oserdes_clkdiv rise@5.000ns - oserdes_clkdiv rise@0.000ns)
  Data Path Delay:        1.079ns  (logic 0.596ns (55.238%)  route 0.483ns (44.762%))
  Logic Levels:           0  
  Clock Path Skew:        0.343ns (DCD - SCD + CPR)
    Destination Clock Delay (DCD):    8.556ns = ( 13.556 - 5.000 ) 
    Source Clock Delay      (SCD):    8.618ns
    Clock Pessimism Removal (CPR):    0.406ns
  Clock Uncertainty:      0.065ns  ((TSJ^2 + DJ^2)^1/2) / 2 + PE
    Total System Jitter     (TSJ):    0.071ns
    Discrete Jitter          (DJ):    0.109ns
    Phase Error              (PE):    0.000ns

    Location             Delay type                Incr(ns)  Path(ns)    Netlist Resource(s)
  -------------------------------------------------------------------    -------------------
                         (clock oserdes_clkdiv rise edge)
                                                      0.000     0.000 r  
    AC19                                              0.000     0.000 r  clk (IN)
                         net (fo=0)                   0.000     0.000    clk
    AC19                 IBUF (Prop_ibuf_I_O)         1.416     1.416 r  clk_IBUF_inst/O
                         net (fo=1, routed)           2.602     4.018    clk_IBUF
    BUFGCTRL_X0Y0        BUFG (Prop_bufg_I_O)         0.081     4.099 r  clk_IBUF_BUFG_inst/O
                         net (fo=2000, routed)        1.696     5.795    ddr3.u_axi_wrap_ddr/mig_axi/u_mig_axi_32_mig/u_ddr3_infrastructure/mmcm_clk
    PLLE2_ADV_X0Y4       PLLE2_ADV (Prop_plle2_adv_CLKIN1_CLKOUT1)
                                                      0.077     5.872 r  ddr3.u_axi_wrap_ddr/mig_axi/u_mig_axi_32_mig/u_ddr3_infrastructure/plle2_i/CLKOUT1
                         net (fo=7, routed)           0.522     6.394    ddr3.u_axi_wrap_ddr/mig_axi/u_mig_axi_32_mig/u_memc_ui_top_axi/mem_intfc0/ddr_phy_top0/u_ddr_mc_phy_wrapper/u_ddr_mc_phy/ddr_phy_4lanes_0.u_ddr_phy_4lanes/ddr_byte_lane_A.ddr_byte_lane_A/mem_refclk
    PHASER_OUT_PHY_X0Y16 PHASER_OUT_PHY (Prop_phaser_out_phy_MEMREFCLK_OCLK)
                                                      2.083     8.477 r  ddr3.u_axi_wrap_ddr/mig_axi/u_mig_axi_32_mig/u_memc_ui_top_axi/mem_intfc0/ddr_phy_top0/u_ddr_mc_phy_wrapper/u_ddr_mc_phy/ddr_phy_4lanes_0.u_ddr_phy_4lanes/ddr_byte_lane_A.ddr_byte_lane_A/phaser_out/OCLK
    PHASER_OUT_PHY_X0Y16 PHASER_OUT_PHY (Prop_phaser_out_phy_OCLK_OCLKDIV)
                                                      0.141     8.618 r  ddr3.u_axi_wrap_ddr/mig_axi/u_mig_axi_32_mig/u_memc_ui_top_axi/mem_intfc0/ddr_phy_top0/u_ddr_mc_phy_wrapper/u_ddr_mc_phy/ddr_phy_4lanes_0.u_ddr_phy_4lanes/ddr_byte_lane_A.ddr_byte_lane_A/phaser_out/OCLKDIV
                         net (fo=11, routed)          0.000     8.618    ddr3.u_axi_wrap_ddr/mig_axi/u_mig_axi_32_mig/u_memc_ui_top_axi/mem_intfc0/ddr_phy_top0/u_ddr_mc_phy_wrapper/u_ddr_mc_phy/ddr_phy_4lanes_0.u_ddr_phy_4lanes/ddr_byte_lane_A.ddr_byte_lane_A/oserdes_clkdiv
    OUT_FIFO_X0Y16       OUT_FIFO                                     r  ddr3.u_axi_wrap_ddr/mig_axi/u_mig_axi_32_mig/u_memc_ui_top_axi/mem_intfc0/ddr_phy_top0/u_ddr_mc_phy_wrapper/u_ddr_mc_phy/ddr_phy_4lanes_0.u_ddr_phy_4lanes/ddr_byte_lane_A.ddr_byte_lane_A/out_fifo/RDCLK
  -------------------------------------------------------------------    -------------------
    OUT_FIFO_X0Y16       OUT_FIFO (Prop_out_fifo_RDCLK_Q9[0])
                                                      0.596     9.214 r  ddr3.u_axi_wrap_ddr/mig_axi/u_mig_axi_32_mig/u_memc_ui_top_axi/mem_intfc0/ddr_phy_top0/u_ddr_mc_phy_wrapper/u_ddr_mc_phy/ddr_phy_4lanes_0.u_ddr_phy_4lanes/ddr_byte_lane_A.ddr_byte_lane_A/out_fifo/Q9[0]
                         net (fo=1, routed)           0.483     9.697    ddr3.u_axi_wrap_ddr/mig_axi/u_mig_axi_32_mig/u_memc_ui_top_axi/mem_intfc0/ddr_phy_top0/u_ddr_mc_phy_wrapper/u_ddr_mc_phy/ddr_phy_4lanes_0.u_ddr_phy_4lanes/ddr_byte_lane_A.ddr_byte_lane_A/ddr_byte_group_io/of_dqbus[32]
    OLOGIC_X0Y212        OSERDESE2                                    r  ddr3.u_axi_wrap_ddr/mig_axi/u_mig_axi_32_mig/u_memc_ui_top_axi/mem_intfc0/ddr_phy_top0/u_ddr_mc_phy_wrapper/u_ddr_mc_phy/ddr_phy_4lanes_0.u_ddr_phy_4lanes/ddr_byte_lane_A.ddr_byte_lane_A/ddr_byte_group_io/output_[9].oserdes_dq_.ddr.oserdes_dq_i/D1
  -------------------------------------------------------------------    -------------------

                         (clock oserdes_clkdiv rise edge)
                                                      5.000     5.000 r  
    AC19                                              0.000     5.000 r  clk (IN)
                         net (fo=0)                   0.000     5.000    clk
    AC19                 IBUF (Prop_ibuf_I_O)         1.350     6.350 r  clk_IBUF_inst/O
                         net (fo=1, routed)           2.471     8.821    clk_IBUF
    BUFGCTRL_X0Y0        BUFG (Prop_bufg_I_O)         0.077     8.898 r  clk_IBUF_BUFG_inst/O
                         net (fo=2000, routed)        1.586    10.484    ddr3.u_axi_wrap_ddr/mig_axi/u_mig_axi_32_mig/u_ddr3_infrastructure/mmcm_clk
    PLLE2_ADV_X0Y4       PLLE2_ADV (Prop_plle2_adv_CLKIN1_CLKOUT1)
                                                      0.073    10.557 r  ddr3.u_axi_wrap_ddr/mig_axi/u_mig_axi_32_mig/u_ddr3_infrastructure/plle2_i/CLKOUT1
                         net (fo=7, routed)           0.496    11.053    ddr3.u_axi_wrap_ddr/mig_axi/u_mig_axi_32_mig/u_memc_ui_top_axi/mem_intfc0/ddr_phy_top0/u_ddr_mc_phy_wrapper/u_ddr_mc_phy/ddr_phy_4lanes_0.u_ddr_phy_4lanes/ddr_byte_lane_A.ddr_byte_lane_A/mem_refclk
    PHASER_OUT_PHY_X0Y16 PHASER_OUT_PHY (Prop_phaser_out_phy_MEMREFCLK_OCLK)
                                                      2.027    13.080 r  ddr3.u_axi_wrap_ddr/mig_axi/u_mig_axi_32_mig/u_memc_ui_top_axi/mem_intfc0/ddr_phy_top0/u_ddr_mc_phy_wrapper/u_ddr_mc_phy/ddr_phy_4lanes_0.u_ddr_phy_4lanes/ddr_byte_lane_A.ddr_byte_lane_A/phaser_out/OCLK
    PHASER_OUT_PHY_X0Y16 PHASER_OUT_PHY (Prop_phaser_out_phy_OCLK_OCLKDIV)
                                                      0.133    13.213 r  ddr3.u_axi_wrap_ddr/mig_axi/u_mig_axi_32_mig/u_memc_ui_top_axi/mem_intfc0/ddr_phy_top0/u_ddr_mc_phy_wrapper/u_ddr_mc_phy/ddr_phy_4lanes_0.u_ddr_phy_4lanes/ddr_byte_lane_A.ddr_byte_lane_A/phaser_out/OCLKDIV
                         net (fo=11, routed)          0.343    13.556    ddr3.u_axi_wrap_ddr/mig_axi/u_mig_axi_32_mig/u_memc_ui_top_axi/mem_intfc0/ddr_phy_top0/u_ddr_mc_phy_wrapper/u_ddr_mc_phy/ddr_phy_4lanes_0.u_ddr_phy_4lanes/ddr_byte_lane_A.ddr_byte_lane_A/ddr_byte_group_io/oserdes_clkdiv
    OLOGIC_X0Y212        OSERDESE2                                    r  ddr3.u_axi_wrap_ddr/mig_axi/u_mig_axi_32_mig/u_memc_ui_top_axi/mem_intfc0/ddr_phy_top0/u_ddr_mc_phy_wrapper/u_ddr_mc_phy/ddr_phy_4lanes_0.u_ddr_phy_4lanes/ddr_byte_lane_A.ddr_byte_lane_A/ddr_byte_group_io/output_[9].oserdes_dq_.ddr.oserdes_dq_i/CLKDIV
                         clock pessimism              0.406    13.961    
                         clock uncertainty           -0.065    13.896    
    OLOGIC_X0Y212        OSERDESE2 (Setup_oserdese2_CLKDIV_D1)
                                                     -0.449    13.447    ddr3.u_axi_wrap_ddr/mig_axi/u_mig_axi_32_mig/u_memc_ui_top_axi/mem_intfc0/ddr_phy_top0/u_ddr_mc_phy_wrapper/u_ddr_mc_phy/ddr_phy_4lanes_0.u_ddr_phy_4lanes/ddr_byte_lane_A.ddr_byte_lane_A/ddr_byte_group_io/output_[9].oserdes_dq_.ddr.oserdes_dq_i
  -------------------------------------------------------------------
                         required time                         13.447    
                         arrival time                          -9.697    
  -------------------------------------------------------------------
                         slack                                  3.750    





Pulse Width Checks
--------------------------------------------------------------------------------------
Clock Name:         oserdes_clkdiv
Waveform(ns):       { 0.000 2.500 }
Period(ns):         5.000
Sources:            { ddr3.u_axi_wrap_ddr/mig_axi/u_mig_axi_32_mig/u_memc_ui_top_axi/mem_intfc0/ddr_phy_top0/u_ddr_mc_phy_wrapper/u_ddr_mc_phy/ddr_phy_4lanes_0.u_ddr_phy_4lanes/ddr_byte_lane_A.ddr_byte_lane_A/phaser_out/OCLKDIV }

Check Type        Corner  Lib Pin         Reference Pin  Required(ns)  Actual(ns)  Slack(ns)  Location        Pin
Min Period        n/a     OUT_FIFO/RDCLK  n/a            5.000         5.000       0.000      OUT_FIFO_X0Y16  ddr3.u_axi_wrap_ddr/mig_axi/u_mig_axi_32_mig/u_memc_ui_top_axi/mem_intfc0/ddr_phy_top0/u_ddr_mc_phy_wrapper/u_ddr_mc_phy/ddr_phy_4lanes_0.u_ddr_phy_4lanes/ddr_byte_lane_A.ddr_byte_lane_A/out_fifo/RDCLK
Low Pulse Width   Slow    OUT_FIFO/RDCLK  n/a            2.150         2.500       0.350      OUT_FIFO_X0Y16  ddr3.u_axi_wrap_ddr/mig_axi/u_mig_axi_32_mig/u_memc_ui_top_axi/mem_intfc0/ddr_phy_top0/u_ddr_mc_phy_wrapper/u_ddr_mc_phy/ddr_phy_4lanes_0.u_ddr_phy_4lanes/ddr_byte_lane_A.ddr_byte_lane_A/out_fifo/RDCLK
High Pulse Width  Slow    OUT_FIFO/RDCLK  n/a            2.150         2.500       0.350      OUT_FIFO_X0Y16  ddr3.u_axi_wrap_ddr/mig_axi/u_mig_axi_32_mig/u_memc_ui_top_axi/mem_intfc0/ddr_phy_top0/u_ddr_mc_phy_wrapper/u_ddr_mc_phy/ddr_phy_4lanes_0.u_ddr_phy_4lanes/ddr_byte_lane_A.ddr_byte_lane_A/out_fifo/RDCLK



---------------------------------------------------------------------------------------------------
From Clock:  oserdes_clk_1
  To Clock:  oserdes_clk_1

Setup :            0  Failing Endpoints,  Worst Slack        1.175ns,  Total Violation        0.000ns
Hold  :           NA  Failing Endpoints,  Worst Slack           NA  ,  Total Violation           NA
PW    :            0  Failing Endpoints,  Worst Slack        1.026ns,  Total Violation        0.000ns
---------------------------------------------------------------------------------------------------


Max Delay Paths
--------------------------------------------------------------------------------------
Slack (MET) :             1.175ns  (required time - arrival time)
  Source:                 ddr3.u_axi_wrap_ddr/mig_axi/u_mig_axi_32_mig/u_memc_ui_top_axi/mem_intfc0/ddr_phy_top0/u_ddr_mc_phy_wrapper/u_ddr_mc_phy/ddr_phy_4lanes_0.u_ddr_phy_4lanes/ddr_byte_lane_B.ddr_byte_lane_B/phaser_out/OCLKDELAYED
                            (rising edge-triggered cell PHASER_OUT_PHY clocked by oserdes_clk_1  {rise@0.000ns fall@1.250ns period=2.500ns})
  Destination:            ddr3.u_axi_wrap_ddr/mig_axi/u_mig_axi_32_mig/u_memc_ui_top_axi/mem_intfc0/ddr_phy_top0/u_ddr_mc_phy_wrapper/u_ddr_mc_phy/ddr_phy_4lanes_0.u_ddr_phy_4lanes/ddr_byte_lane_B.ddr_byte_lane_B/ddr_byte_group_io/dqs_gen.oddr_dqsts/D1
                            (rising edge-triggered cell ODDR clocked by oserdes_clk_1  {rise@0.000ns fall@1.250ns period=2.500ns})
  Path Group:             oserdes_clk_1
  Path Type:              Setup (Max at Slow Process Corner)
  Requirement:            2.500ns  (oserdes_clk_1 rise@2.500ns - oserdes_clk_1 rise@0.000ns)
  Data Path Delay:        0.864ns  (logic 0.489ns (56.594%)  route 0.375ns (43.406%))
  Logic Levels:           0  
  Clock Path Skew:        0.327ns (DCD - SCD + CPR)
    Destination Clock Delay (DCD):    9.021ns = ( 11.521 - 2.500 ) 
    Source Clock Delay      (SCD):    9.128ns
    Clock Pessimism Removal (CPR):    0.435ns
  Clock Uncertainty:      0.065ns  ((TSJ^2 + DJ^2)^1/2) / 2 + PE
    Total System Jitter     (TSJ):    0.071ns
    Discrete Jitter          (DJ):    0.109ns
    Phase Error              (PE):    0.000ns

    Location             Delay type                Incr(ns)  Path(ns)    Netlist Resource(s)
  -------------------------------------------------------------------    -------------------
                         (clock oserdes_clk_1 rise edge)
                                                      0.000     0.000 r  
    AC19                                              0.000     0.000 r  clk (IN)
                         net (fo=0)                   0.000     0.000    clk
    AC19                 IBUF (Prop_ibuf_I_O)         1.416     1.416 r  clk_IBUF_inst/O
                         net (fo=1, routed)           2.602     4.018    clk_IBUF
    BUFGCTRL_X0Y0        BUFG (Prop_bufg_I_O)         0.081     4.099 r  clk_IBUF_BUFG_inst/O
                         net (fo=2000, routed)        1.696     5.795    ddr3.u_axi_wrap_ddr/mig_axi/u_mig_axi_32_mig/u_ddr3_infrastructure/mmcm_clk
    PLLE2_ADV_X0Y4       PLLE2_ADV (Prop_plle2_adv_CLKIN1_CLKOUT1)
                                                      0.077     5.872 r  ddr3.u_axi_wrap_ddr/mig_axi/u_mig_axi_32_mig/u_ddr3_infrastructure/plle2_i/CLKOUT1
                         net (fo=7, routed)           0.511     6.383    ddr3.u_axi_wrap_ddr/mig_axi/u_mig_axi_32_mig/u_memc_ui_top_axi/mem_intfc0/ddr_phy_top0/u_ddr_mc_phy_wrapper/u_ddr_mc_phy/ddr_phy_4lanes_0.u_ddr_phy_4lanes/ddr_byte_lane_B.ddr_byte_lane_B/mem_refclk
    PHASER_OUT_PHY_X0Y17 PHASER_OUT_PHY (Prop_phaser_out_phy_MEMREFCLK_OCLK)
                                                      2.083     8.466 r  ddr3.u_axi_wrap_ddr/mig_axi/u_mig_axi_32_mig/u_memc_ui_top_axi/mem_intfc0/ddr_phy_top0/u_ddr_mc_phy_wrapper/u_ddr_mc_phy/ddr_phy_4lanes_0.u_ddr_phy_4lanes/ddr_byte_lane_B.ddr_byte_lane_B/phaser_out/OCLK
    PHASER_OUT_PHY_X0Y17 PHASER_OUT_PHY (Prop_phaser_out_phy_OCLK_OCLKDELAYED)
                                                      0.662     9.128 r  ddr3.u_axi_wrap_ddr/mig_axi/u_mig_axi_32_mig/u_memc_ui_top_axi/mem_intfc0/ddr_phy_top0/u_ddr_mc_phy_wrapper/u_ddr_mc_phy/ddr_phy_4lanes_0.u_ddr_phy_4lanes/ddr_byte_lane_B.ddr_byte_lane_B/phaser_out/OCLKDELAYED
  -------------------------------------------------------------------    -------------------
    PHASER_OUT_PHY_X0Y17 PHASER_OUT_PHY (Prop_phaser_out_phy_OCLKDELAYED_CTSBUS[0])
                                                      0.489     9.617 r  ddr3.u_axi_wrap_ddr/mig_axi/u_mig_axi_32_mig/u_memc_ui_top_axi/mem_intfc0/ddr_phy_top0/u_ddr_mc_phy_wrapper/u_ddr_mc_phy/ddr_phy_4lanes_0.u_ddr_phy_4lanes/ddr_byte_lane_B.ddr_byte_lane_B/phaser_out/CTSBUS[0]
                         net (fo=2, routed)           0.375     9.992    ddr3.u_axi_wrap_ddr/mig_axi/u_mig_axi_32_mig/u_memc_ui_top_axi/mem_intfc0/ddr_phy_top0/u_ddr_mc_phy_wrapper/u_ddr_mc_phy/ddr_phy_4lanes_0.u_ddr_phy_4lanes/ddr_byte_lane_B.ddr_byte_lane_B/ddr_byte_group_io/CTSBUS[0]
    OLOGIC_X0Y220        ODDR                                         r  ddr3.u_axi_wrap_ddr/mig_axi/u_mig_axi_32_mig/u_memc_ui_top_axi/mem_intfc0/ddr_phy_top0/u_ddr_mc_phy_wrapper/u_ddr_mc_phy/ddr_phy_4lanes_0.u_ddr_phy_4lanes/ddr_byte_lane_B.ddr_byte_lane_B/ddr_byte_group_io/dqs_gen.oddr_dqsts/D1
  -------------------------------------------------------------------    -------------------

                         (clock oserdes_clk_1 rise edge)
                                                      2.500     2.500 r  
    AC19                                              0.000     2.500 r  clk (IN)
                         net (fo=0)                   0.000     2.500    clk
    AC19                 IBUF (Prop_ibuf_I_O)         1.350     3.850 r  clk_IBUF_inst/O
                         net (fo=1, routed)           2.471     6.321    clk_IBUF
    BUFGCTRL_X0Y0        BUFG (Prop_bufg_I_O)         0.077     6.398 r  clk_IBUF_BUFG_inst/O
                         net (fo=2000, routed)        1.586     7.984    ddr3.u_axi_wrap_ddr/mig_axi/u_mig_axi_32_mig/u_ddr3_infrastructure/mmcm_clk
    PLLE2_ADV_X0Y4       PLLE2_ADV (Prop_plle2_adv_CLKIN1_CLKOUT1)
                                                      0.073     8.057 r  ddr3.u_axi_wrap_ddr/mig_axi/u_mig_axi_32_mig/u_ddr3_infrastructure/plle2_i/CLKOUT1
                         net (fo=7, routed)           0.486     8.543    ddr3.u_axi_wrap_ddr/mig_axi/u_mig_axi_32_mig/u_memc_ui_top_axi/mem_intfc0/ddr_phy_top0/u_ddr_mc_phy_wrapper/u_ddr_mc_phy/ddr_phy_4lanes_0.u_ddr_phy_4lanes/ddr_byte_lane_B.ddr_byte_lane_B/mem_refclk
    PHASER_OUT_PHY_X0Y17 PHASER_OUT_PHY (Prop_phaser_out_phy_MEMREFCLK_OCLK)
                                                      2.027    10.570 r  ddr3.u_axi_wrap_ddr/mig_axi/u_mig_axi_32_mig/u_memc_ui_top_axi/mem_intfc0/ddr_phy_top0/u_ddr_mc_phy_wrapper/u_ddr_mc_phy/ddr_phy_4lanes_0.u_ddr_phy_4lanes/ddr_byte_lane_B.ddr_byte_lane_B/phaser_out/OCLK
    PHASER_OUT_PHY_X0Y17 PHASER_OUT_PHY (Prop_phaser_out_phy_OCLK_OCLKDELAYED)
                                                      0.624    11.194 r  ddr3.u_axi_wrap_ddr/mig_axi/u_mig_axi_32_mig/u_memc_ui_top_axi/mem_intfc0/ddr_phy_top0/u_ddr_mc_phy_wrapper/u_ddr_mc_phy/ddr_phy_4lanes_0.u_ddr_phy_4lanes/ddr_byte_lane_B.ddr_byte_lane_B/phaser_out/OCLKDELAYED
                         net (fo=2, routed)           0.327    11.521    ddr3.u_axi_wrap_ddr/mig_axi/u_mig_axi_32_mig/u_memc_ui_top_axi/mem_intfc0/ddr_phy_top0/u_ddr_mc_phy_wrapper/u_ddr_mc_phy/ddr_phy_4lanes_0.u_ddr_phy_4lanes/ddr_byte_lane_B.ddr_byte_lane_B/ddr_byte_group_io/oserdes_clk_delayed
    OLOGIC_X0Y220        ODDR                                         r  ddr3.u_axi_wrap_ddr/mig_axi/u_mig_axi_32_mig/u_memc_ui_top_axi/mem_intfc0/ddr_phy_top0/u_ddr_mc_phy_wrapper/u_ddr_mc_phy/ddr_phy_4lanes_0.u_ddr_phy_4lanes/ddr_byte_lane_B.ddr_byte_lane_B/ddr_byte_group_io/dqs_gen.oddr_dqsts/C
                         clock pessimism              0.435    11.955    
                         clock uncertainty           -0.065    11.890    
    OLOGIC_X0Y220        ODDR (Setup_oddr_C_D1)      -0.723    11.167    ddr3.u_axi_wrap_ddr/mig_axi/u_mig_axi_32_mig/u_memc_ui_top_axi/mem_intfc0/ddr_phy_top0/u_ddr_mc_phy_wrapper/u_ddr_mc_phy/ddr_phy_4lanes_0.u_ddr_phy_4lanes/ddr_byte_lane_B.ddr_byte_lane_B/ddr_byte_group_io/dqs_gen.oddr_dqsts
  -------------------------------------------------------------------
                         required time                         11.167    
                         arrival time                          -9.992    
  -------------------------------------------------------------------
                         slack                                  1.175    





Pulse Width Checks
--------------------------------------------------------------------------------------
Clock Name:         oserdes_clk_1
Waveform(ns):       { 0.000 1.250 }
Period(ns):         2.500
Sources:            { ddr3.u_axi_wrap_ddr/mig_axi/u_mig_axi_32_mig/u_memc_ui_top_axi/mem_intfc0/ddr_phy_top0/u_ddr_mc_phy_wrapper/u_ddr_mc_phy/ddr_phy_4lanes_0.u_ddr_phy_4lanes/ddr_byte_lane_B.ddr_byte_lane_B/phaser_out/OCLK }

Check Type  Corner  Lib Pin  Reference Pin  Required(ns)  Actual(ns)  Slack(ns)  Location       Pin
Min Period  n/a     ODDR/C   n/a            1.474         2.500       1.026      OLOGIC_X0Y220  ddr3.u_axi_wrap_ddr/mig_axi/u_mig_axi_32_mig/u_memc_ui_top_axi/mem_intfc0/ddr_phy_top0/u_ddr_mc_phy_wrapper/u_ddr_mc_phy/ddr_phy_4lanes_0.u_ddr_phy_4lanes/ddr_byte_lane_B.ddr_byte_lane_B/ddr_byte_group_io/dqs_gen.oddr_dqs/C



---------------------------------------------------------------------------------------------------
From Clock:  oserdes_clkdiv_1
  To Clock:  oserdes_clkdiv_1

Setup :            0  Failing Endpoints,  Worst Slack        3.718ns,  Total Violation        0.000ns
Hold  :           NA  Failing Endpoints,  Worst Slack           NA  ,  Total Violation           NA
PW    :            0  Failing Endpoints,  Worst Slack        0.000ns,  Total Violation        0.000ns
---------------------------------------------------------------------------------------------------


Max Delay Paths
--------------------------------------------------------------------------------------
Slack (MET) :             3.718ns  (required time - arrival time)
  Source:                 ddr3.u_axi_wrap_ddr/mig_axi/u_mig_axi_32_mig/u_memc_ui_top_axi/mem_intfc0/ddr_phy_top0/u_ddr_mc_phy_wrapper/u_ddr_mc_phy/ddr_phy_4lanes_0.u_ddr_phy_4lanes/ddr_byte_lane_B.ddr_byte_lane_B/out_fifo/RDCLK
                            (rising edge-triggered cell OUT_FIFO clocked by oserdes_clkdiv_1  {rise@0.000ns fall@2.500ns period=5.000ns})
  Destination:            ddr3.u_axi_wrap_ddr/mig_axi/u_mig_axi_32_mig/u_memc_ui_top_axi/mem_intfc0/ddr_phy_top0/u_ddr_mc_phy_wrapper/u_ddr_mc_phy/ddr_phy_4lanes_0.u_ddr_phy_4lanes/ddr_byte_lane_B.ddr_byte_lane_B/ddr_byte_group_io/output_[6].oserdes_dq_.ddr.oserdes_dq_i/D1
                            (rising edge-triggered cell OSERDESE2 clocked by oserdes_clkdiv_1  {rise@0.000ns fall@2.500ns period=5.000ns})
  Path Group:             oserdes_clkdiv_1
  Path Type:              Setup (Max at Slow Process Corner)
  Requirement:            5.000ns  (oserdes_clkdiv_1 rise@5.000ns - oserdes_clkdiv_1 rise@0.000ns)
  Data Path Delay:        1.098ns  (logic 0.596ns (54.305%)  route 0.502ns (45.695%))
  Logic Levels:           0  
  Clock Path Skew:        0.330ns (DCD - SCD + CPR)
    Destination Clock Delay (DCD):    8.533ns = ( 13.533 - 5.000 ) 
    Source Clock Delay      (SCD):    8.607ns
    Clock Pessimism Removal (CPR):    0.405ns
  Clock Uncertainty:      0.065ns  ((TSJ^2 + DJ^2)^1/2) / 2 + PE
    Total System Jitter     (TSJ):    0.071ns
    Discrete Jitter          (DJ):    0.109ns
    Phase Error              (PE):    0.000ns

    Location             Delay type                Incr(ns)  Path(ns)    Netlist Resource(s)
  -------------------------------------------------------------------    -------------------
                         (clock oserdes_clkdiv_1 rise edge)
                                                      0.000     0.000 r  
    AC19                                              0.000     0.000 r  clk (IN)
                         net (fo=0)                   0.000     0.000    clk
    AC19                 IBUF (Prop_ibuf_I_O)         1.416     1.416 r  clk_IBUF_inst/O
                         net (fo=1, routed)           2.602     4.018    clk_IBUF
    BUFGCTRL_X0Y0        BUFG (Prop_bufg_I_O)         0.081     4.099 r  clk_IBUF_BUFG_inst/O
                         net (fo=2000, routed)        1.696     5.795    ddr3.u_axi_wrap_ddr/mig_axi/u_mig_axi_32_mig/u_ddr3_infrastructure/mmcm_clk
    PLLE2_ADV_X0Y4       PLLE2_ADV (Prop_plle2_adv_CLKIN1_CLKOUT1)
                                                      0.077     5.872 r  ddr3.u_axi_wrap_ddr/mig_axi/u_mig_axi_32_mig/u_ddr3_infrastructure/plle2_i/CLKOUT1
                         net (fo=7, routed)           0.511     6.383    ddr3.u_axi_wrap_ddr/mig_axi/u_mig_axi_32_mig/u_memc_ui_top_axi/mem_intfc0/ddr_phy_top0/u_ddr_mc_phy_wrapper/u_ddr_mc_phy/ddr_phy_4lanes_0.u_ddr_phy_4lanes/ddr_byte_lane_B.ddr_byte_lane_B/mem_refclk
    PHASER_OUT_PHY_X0Y17 PHASER_OUT_PHY (Prop_phaser_out_phy_MEMREFCLK_OCLK)
                                                      2.083     8.466 r  ddr3.u_axi_wrap_ddr/mig_axi/u_mig_axi_32_mig/u_memc_ui_top_axi/mem_intfc0/ddr_phy_top0/u_ddr_mc_phy_wrapper/u_ddr_mc_phy/ddr_phy_4lanes_0.u_ddr_phy_4lanes/ddr_byte_lane_B.ddr_byte_lane_B/phaser_out/OCLK
    PHASER_OUT_PHY_X0Y17 PHASER_OUT_PHY (Prop_phaser_out_phy_OCLK_OCLKDIV)
                                                      0.141     8.607 r  ddr3.u_axi_wrap_ddr/mig_axi/u_mig_axi_32_mig/u_memc_ui_top_axi/mem_intfc0/ddr_phy_top0/u_ddr_mc_phy_wrapper/u_ddr_mc_phy/ddr_phy_4lanes_0.u_ddr_phy_4lanes/ddr_byte_lane_B.ddr_byte_lane_B/phaser_out/OCLKDIV
                         net (fo=11, routed)          0.000     8.607    ddr3.u_axi_wrap_ddr/mig_axi/u_mig_axi_32_mig/u_memc_ui_top_axi/mem_intfc0/ddr_phy_top0/u_ddr_mc_phy_wrapper/u_ddr_mc_phy/ddr_phy_4lanes_0.u_ddr_phy_4lanes/ddr_byte_lane_B.ddr_byte_lane_B/oserdes_clkdiv
    OUT_FIFO_X0Y17       OUT_FIFO                                     r  ddr3.u_axi_wrap_ddr/mig_axi/u_mig_axi_32_mig/u_memc_ui_top_axi/mem_intfc0/ddr_phy_top0/u_ddr_mc_phy_wrapper/u_ddr_mc_phy/ddr_phy_4lanes_0.u_ddr_phy_4lanes/ddr_byte_lane_B.ddr_byte_lane_B/out_fifo/RDCLK
  -------------------------------------------------------------------    -------------------
    OUT_FIFO_X0Y17       OUT_FIFO (Prop_out_fifo_RDCLK_Q6[0])
                                                      0.596     9.203 r  ddr3.u_axi_wrap_ddr/mig_axi/u_mig_axi_32_mig/u_memc_ui_top_axi/mem_intfc0/ddr_phy_top0/u_ddr_mc_phy_wrapper/u_ddr_mc_phy/ddr_phy_4lanes_0.u_ddr_phy_4lanes/ddr_byte_lane_B.ddr_byte_lane_B/out_fifo/Q6[0]
                         net (fo=1, routed)           0.502     9.705    ddr3.u_axi_wrap_ddr/mig_axi/u_mig_axi_32_mig/u_memc_ui_top_axi/mem_intfc0/ddr_phy_top0/u_ddr_mc_phy_wrapper/u_ddr_mc_phy/ddr_phy_4lanes_0.u_ddr_phy_4lanes/ddr_byte_lane_B.ddr_byte_lane_B/ddr_byte_group_io/of_dqbus[20]
    OLOGIC_X0Y221        OSERDESE2                                    r  ddr3.u_axi_wrap_ddr/mig_axi/u_mig_axi_32_mig/u_memc_ui_top_axi/mem_intfc0/ddr_phy_top0/u_ddr_mc_phy_wrapper/u_ddr_mc_phy/ddr_phy_4lanes_0.u_ddr_phy_4lanes/ddr_byte_lane_B.ddr_byte_lane_B/ddr_byte_group_io/output_[6].oserdes_dq_.ddr.oserdes_dq_i/D1
  -------------------------------------------------------------------    -------------------

                         (clock oserdes_clkdiv_1 rise edge)
                                                      5.000     5.000 r  
    AC19                                              0.000     5.000 r  clk (IN)
                         net (fo=0)                   0.000     5.000    clk
    AC19                 IBUF (Prop_ibuf_I_O)         1.350     6.350 r  clk_IBUF_inst/O
                         net (fo=1, routed)           2.471     8.821    clk_IBUF
    BUFGCTRL_X0Y0        BUFG (Prop_bufg_I_O)         0.077     8.898 r  clk_IBUF_BUFG_inst/O
                         net (fo=2000, routed)        1.586    10.484    ddr3.u_axi_wrap_ddr/mig_axi/u_mig_axi_32_mig/u_ddr3_infrastructure/mmcm_clk
    PLLE2_ADV_X0Y4       PLLE2_ADV (Prop_plle2_adv_CLKIN1_CLKOUT1)
                                                      0.073    10.557 r  ddr3.u_axi_wrap_ddr/mig_axi/u_mig_axi_32_mig/u_ddr3_infrastructure/plle2_i/CLKOUT1
                         net (fo=7, routed)           0.486    11.043    ddr3.u_axi_wrap_ddr/mig_axi/u_mig_axi_32_mig/u_memc_ui_top_axi/mem_intfc0/ddr_phy_top0/u_ddr_mc_phy_wrapper/u_ddr_mc_phy/ddr_phy_4lanes_0.u_ddr_phy_4lanes/ddr_byte_lane_B.ddr_byte_lane_B/mem_refclk
    PHASER_OUT_PHY_X0Y17 PHASER_OUT_PHY (Prop_phaser_out_phy_MEMREFCLK_OCLK)
                                                      2.027    13.070 r  ddr3.u_axi_wrap_ddr/mig_axi/u_mig_axi_32_mig/u_memc_ui_top_axi/mem_intfc0/ddr_phy_top0/u_ddr_mc_phy_wrapper/u_ddr_mc_phy/ddr_phy_4lanes_0.u_ddr_phy_4lanes/ddr_byte_lane_B.ddr_byte_lane_B/phaser_out/OCLK
    PHASER_OUT_PHY_X0Y17 PHASER_OUT_PHY (Prop_phaser_out_phy_OCLK_OCLKDIV)
                                                      0.133    13.203 r  ddr3.u_axi_wrap_ddr/mig_axi/u_mig_axi_32_mig/u_memc_ui_top_axi/mem_intfc0/ddr_phy_top0/u_ddr_mc_phy_wrapper/u_ddr_mc_phy/ddr_phy_4lanes_0.u_ddr_phy_4lanes/ddr_byte_lane_B.ddr_byte_lane_B/phaser_out/OCLKDIV
                         net (fo=11, routed)          0.330    13.533    ddr3.u_axi_wrap_ddr/mig_axi/u_mig_axi_32_mig/u_memc_ui_top_axi/mem_intfc0/ddr_phy_top0/u_ddr_mc_phy_wrapper/u_ddr_mc_phy/ddr_phy_4lanes_0.u_ddr_phy_4lanes/ddr_byte_lane_B.ddr_byte_lane_B/ddr_byte_group_io/oserdes_clkdiv
    OLOGIC_X0Y221        OSERDESE2                                    r  ddr3.u_axi_wrap_ddr/mig_axi/u_mig_axi_32_mig/u_memc_ui_top_axi/mem_intfc0/ddr_phy_top0/u_ddr_mc_phy_wrapper/u_ddr_mc_phy/ddr_phy_4lanes_0.u_ddr_phy_4lanes/ddr_byte_lane_B.ddr_byte_lane_B/ddr_byte_group_io/output_[6].oserdes_dq_.ddr.oserdes_dq_i/CLKDIV
                         clock pessimism              0.405    13.937    
                         clock uncertainty           -0.065    13.872    
    OLOGIC_X0Y221        OSERDESE2 (Setup_oserdese2_CLKDIV_D1)
                                                     -0.449    13.423    ddr3.u_axi_wrap_ddr/mig_axi/u_mig_axi_32_mig/u_memc_ui_top_axi/mem_intfc0/ddr_phy_top0/u_ddr_mc_phy_wrapper/u_ddr_mc_phy/ddr_phy_4lanes_0.u_ddr_phy_4lanes/ddr_byte_lane_B.ddr_byte_lane_B/ddr_byte_group_io/output_[6].oserdes_dq_.ddr.oserdes_dq_i
  -------------------------------------------------------------------
                         required time                         13.423    
                         arrival time                          -9.705    
  -------------------------------------------------------------------
                         slack                                  3.718    





Pulse Width Checks
--------------------------------------------------------------------------------------
Clock Name:         oserdes_clkdiv_1
Waveform(ns):       { 0.000 2.500 }
Period(ns):         5.000
Sources:            { ddr3.u_axi_wrap_ddr/mig_axi/u_mig_axi_32_mig/u_memc_ui_top_axi/mem_intfc0/ddr_phy_top0/u_ddr_mc_phy_wrapper/u_ddr_mc_phy/ddr_phy_4lanes_0.u_ddr_phy_4lanes/ddr_byte_lane_B.ddr_byte_lane_B/phaser_out/OCLKDIV }

Check Type        Corner  Lib Pin         Reference Pin  Required(ns)  Actual(ns)  Slack(ns)  Location        Pin
Min Period        n/a     OUT_FIFO/RDCLK  n/a            5.000         5.000       0.000      OUT_FIFO_X0Y17  ddr3.u_axi_wrap_ddr/mig_axi/u_mig_axi_32_mig/u_memc_ui_top_axi/mem_intfc0/ddr_phy_top0/u_ddr_mc_phy_wrapper/u_ddr_mc_phy/ddr_phy_4lanes_0.u_ddr_phy_4lanes/ddr_byte_lane_B.ddr_byte_lane_B/out_fifo/RDCLK
Low Pulse Width   Slow    OUT_FIFO/RDCLK  n/a            2.150         2.500       0.350      OUT_FIFO_X0Y17  ddr3.u_axi_wrap_ddr/mig_axi/u_mig_axi_32_mig/u_memc_ui_top_axi/mem_intfc0/ddr_phy_top0/u_ddr_mc_phy_wrapper/u_ddr_mc_phy/ddr_phy_4lanes_0.u_ddr_phy_4lanes/ddr_byte_lane_B.ddr_byte_lane_B/out_fifo/RDCLK
High Pulse Width  Slow    OUT_FIFO/RDCLK  n/a            2.150         2.500       0.350      OUT_FIFO_X0Y17  ddr3.u_axi_wrap_ddr/mig_axi/u_mig_axi_32_mig/u_memc_ui_top_axi/mem_intfc0/ddr_phy_top0/u_ddr_mc_phy_wrapper/u_ddr_mc_phy/ddr_phy_4lanes_0.u_ddr_phy_4lanes/ddr_byte_lane_B.ddr_byte_lane_B/out_fifo/RDCLK



---------------------------------------------------------------------------------------------------
From Clock:  oserdes_clk_2
  To Clock:  oserdes_clk_2

Setup :           NA  Failing Endpoints,  Worst Slack           NA  ,  Total Violation           NA
Hold  :           NA  Failing Endpoints,  Worst Slack           NA  ,  Total Violation           NA
PW    :            0  Failing Endpoints,  Worst Slack        1.026ns,  Total Violation        0.000ns
---------------------------------------------------------------------------------------------------


Pulse Width Checks
--------------------------------------------------------------------------------------
Clock Name:         oserdes_clk_2
Waveform(ns):       { 0.000 1.250 }
Period(ns):         2.500
Sources:            { ddr3.u_axi_wrap_ddr/mig_axi/u_mig_axi_32_mig/u_memc_ui_top_axi/mem_intfc0/ddr_phy_top0/u_ddr_mc_phy_wrapper/u_ddr_mc_phy/ddr_phy_4lanes_0.u_ddr_phy_4lanes/ddr_byte_lane_C.ddr_byte_lane_C/phaser_out/OCLK }

Check Type  Corner  Lib Pin  Reference Pin  Required(ns)  Actual(ns)  Slack(ns)  Location       Pin
Min Period  n/a     ODDR/C   n/a            1.474         2.500       1.026      OLOGIC_X0Y226  ddr3.u_axi_wrap_ddr/mig_axi/u_mig_axi_32_mig/u_memc_ui_top_axi/mem_intfc0/ddr_phy_top0/u_ddr_mc_phy_wrapper/u_ddr_mc_phy/ddr_phy_4lanes_0.u_ddr_phy_4lanes/ddr_byte_lane_C.ddr_byte_lane_C/ddr_ck_gen_loop[0].ddr_ck_gen.ddr_ck/C



---------------------------------------------------------------------------------------------------
From Clock:  oserdes_clkdiv_2
  To Clock:  oserdes_clkdiv_2

Setup :            0  Failing Endpoints,  Worst Slack        8.726ns,  Total Violation        0.000ns
Hold  :           NA  Failing Endpoints,  Worst Slack           NA  ,  Total Violation           NA
PW    :            0  Failing Endpoints,  Worst Slack        2.850ns,  Total Violation        0.000ns
---------------------------------------------------------------------------------------------------


Max Delay Paths
--------------------------------------------------------------------------------------
Slack (MET) :             8.726ns  (required time - arrival time)
  Source:                 ddr3.u_axi_wrap_ddr/mig_axi/u_mig_axi_32_mig/u_memc_ui_top_axi/mem_intfc0/ddr_phy_top0/u_ddr_mc_phy_wrapper/u_ddr_mc_phy/ddr_phy_4lanes_0.u_ddr_phy_4lanes/ddr_byte_lane_C.ddr_byte_lane_C/out_fifo/RDCLK
                            (rising edge-triggered cell OUT_FIFO clocked by oserdes_clkdiv_2  {rise@0.000ns fall@5.000ns period=10.000ns})
  Destination:            ddr3.u_axi_wrap_ddr/mig_axi/u_mig_axi_32_mig/u_memc_ui_top_axi/mem_intfc0/ddr_phy_top0/u_ddr_mc_phy_wrapper/u_ddr_mc_phy/ddr_phy_4lanes_0.u_ddr_phy_4lanes/ddr_byte_lane_C.ddr_byte_lane_C/ddr_byte_group_io/output_[2].oserdes_dq_.sdr.oserdes_dq_i/D1
                            (rising edge-triggered cell OSERDESE2 clocked by oserdes_clkdiv_2  {rise@0.000ns fall@5.000ns period=10.000ns})
  Path Group:             oserdes_clkdiv_2
  Path Type:              Setup (Max at Slow Process Corner)
  Requirement:            10.000ns  (oserdes_clkdiv_2 rise@10.000ns - oserdes_clkdiv_2 rise@0.000ns)
  Data Path Delay:        1.098ns  (logic 0.596ns (54.305%)  route 0.502ns (45.695%))
  Logic Levels:           0  
  Clock Path Skew:        0.338ns (DCD - SCD + CPR)
    Destination Clock Delay (DCD):    8.551ns = ( 18.551 - 10.000 ) 
    Source Clock Delay      (SCD):    8.618ns
    Clock Pessimism Removal (CPR):    0.406ns
  Clock Uncertainty:      0.065ns  ((TSJ^2 + DJ^2)^1/2) / 2 + PE
    Total System Jitter     (TSJ):    0.071ns
    Discrete Jitter          (DJ):    0.109ns
    Phase Error              (PE):    0.000ns

    Location             Delay type                Incr(ns)  Path(ns)    Netlist Resource(s)
  -------------------------------------------------------------------    -------------------
                         (clock oserdes_clkdiv_2 rise edge)
                                                      0.000     0.000 r  
    AC19                                              0.000     0.000 r  clk (IN)
                         net (fo=0)                   0.000     0.000    clk
    AC19                 IBUF (Prop_ibuf_I_O)         1.416     1.416 r  clk_IBUF_inst/O
                         net (fo=1, routed)           2.602     4.018    clk_IBUF
    BUFGCTRL_X0Y0        BUFG (Prop_bufg_I_O)         0.081     4.099 r  clk_IBUF_BUFG_inst/O
                         net (fo=2000, routed)        1.696     5.795    ddr3.u_axi_wrap_ddr/mig_axi/u_mig_axi_32_mig/u_ddr3_infrastructure/mmcm_clk
    PLLE2_ADV_X0Y4       PLLE2_ADV (Prop_plle2_adv_CLKIN1_CLKOUT1)
                                                      0.077     5.872 r  ddr3.u_axi_wrap_ddr/mig_axi/u_mig_axi_32_mig/u_ddr3_infrastructure/plle2_i/CLKOUT1
                         net (fo=7, routed)           0.522     6.394    ddr3.u_axi_wrap_ddr/mig_axi/u_mig_axi_32_mig/u_memc_ui_top_axi/mem_intfc0/ddr_phy_top0/u_ddr_mc_phy_wrapper/u_ddr_mc_phy/ddr_phy_4lanes_0.u_ddr_phy_4lanes/ddr_byte_lane_C.ddr_byte_lane_C/mem_refclk
    PHASER_OUT_PHY_X0Y18 PHASER_OUT_PHY (Prop_phaser_out_phy_MEMREFCLK_OCLK)
                                                      2.083     8.477 r  ddr3.u_axi_wrap_ddr/mig_axi/u_mig_axi_32_mig/u_memc_ui_top_axi/mem_intfc0/ddr_phy_top0/u_ddr_mc_phy_wrapper/u_ddr_mc_phy/ddr_phy_4lanes_0.u_ddr_phy_4lanes/ddr_byte_lane_C.ddr_byte_lane_C/phaser_out/OCLK
    PHASER_OUT_PHY_X0Y18 PHASER_OUT_PHY (Prop_phaser_out_phy_OCLK_OCLKDIV)
                                                      0.141     8.618 r  ddr3.u_axi_wrap_ddr/mig_axi/u_mig_axi_32_mig/u_memc_ui_top_axi/mem_intfc0/ddr_phy_top0/u_ddr_mc_phy_wrapper/u_ddr_mc_phy/ddr_phy_4lanes_0.u_ddr_phy_4lanes/ddr_byte_lane_C.ddr_byte_lane_C/phaser_out/OCLKDIV
                         net (fo=10, routed)          0.000     8.618    ddr3.u_axi_wrap_ddr/mig_axi/u_mig_axi_32_mig/u_memc_ui_top_axi/mem_intfc0/ddr_phy_top0/u_ddr_mc_phy_wrapper/u_ddr_mc_phy/ddr_phy_4lanes_0.u_ddr_phy_4lanes/ddr_byte_lane_C.ddr_byte_lane_C/oserdes_clkdiv
    OUT_FIFO_X0Y18       OUT_FIFO                                     r  ddr3.u_axi_wrap_ddr/mig_axi/u_mig_axi_32_mig/u_memc_ui_top_axi/mem_intfc0/ddr_phy_top0/u_ddr_mc_phy_wrapper/u_ddr_mc_phy/ddr_phy_4lanes_0.u_ddr_phy_4lanes/ddr_byte_lane_C.ddr_byte_lane_C/out_fifo/RDCLK
  -------------------------------------------------------------------    -------------------
    OUT_FIFO_X0Y18       OUT_FIFO (Prop_out_fifo_RDCLK_Q2[0])
                                                      0.596     9.214 r  ddr3.u_axi_wrap_ddr/mig_axi/u_mig_axi_32_mig/u_memc_ui_top_axi/mem_intfc0/ddr_phy_top0/u_ddr_mc_phy_wrapper/u_ddr_mc_phy/ddr_phy_4lanes_0.u_ddr_phy_4lanes/ddr_byte_lane_C.ddr_byte_lane_C/out_fifo/Q2[0]
                         net (fo=1, routed)           0.502     9.716    ddr3.u_axi_wrap_ddr/mig_axi/u_mig_axi_32_mig/u_memc_ui_top_axi/mem_intfc0/ddr_phy_top0/u_ddr_mc_phy_wrapper/u_ddr_mc_phy/ddr_phy_4lanes_0.u_ddr_phy_4lanes/ddr_byte_lane_C.ddr_byte_lane_C/ddr_byte_group_io/oserdes_dq[0]
    OLOGIC_X0Y227        OSERDESE2                                    r  ddr3.u_axi_wrap_ddr/mig_axi/u_mig_axi_32_mig/u_memc_ui_top_axi/mem_intfc0/ddr_phy_top0/u_ddr_mc_phy_wrapper/u_ddr_mc_phy/ddr_phy_4lanes_0.u_ddr_phy_4lanes/ddr_byte_lane_C.ddr_byte_lane_C/ddr_byte_group_io/output_[2].oserdes_dq_.sdr.oserdes_dq_i/D1
  -------------------------------------------------------------------    -------------------

                         (clock oserdes_clkdiv_2 rise edge)
                                                     10.000    10.000 r  
    AC19                                              0.000    10.000 r  clk (IN)
                         net (fo=0)                   0.000    10.000    clk
    AC19                 IBUF (Prop_ibuf_I_O)         1.350    11.350 r  clk_IBUF_inst/O
                         net (fo=1, routed)           2.471    13.821    clk_IBUF
    BUFGCTRL_X0Y0        BUFG (Prop_bufg_I_O)         0.077    13.898 r  clk_IBUF_BUFG_inst/O
                         net (fo=2000, routed)        1.586    15.484    ddr3.u_axi_wrap_ddr/mig_axi/u_mig_axi_32_mig/u_ddr3_infrastructure/mmcm_clk
    PLLE2_ADV_X0Y4       PLLE2_ADV (Prop_plle2_adv_CLKIN1_CLKOUT1)
                                                      0.073    15.557 r  ddr3.u_axi_wrap_ddr/mig_axi/u_mig_axi_32_mig/u_ddr3_infrastructure/plle2_i/CLKOUT1
                         net (fo=7, routed)           0.496    16.053    ddr3.u_axi_wrap_ddr/mig_axi/u_mig_axi_32_mig/u_memc_ui_top_axi/mem_intfc0/ddr_phy_top0/u_ddr_mc_phy_wrapper/u_ddr_mc_phy/ddr_phy_4lanes_0.u_ddr_phy_4lanes/ddr_byte_lane_C.ddr_byte_lane_C/mem_refclk
    PHASER_OUT_PHY_X0Y18 PHASER_OUT_PHY (Prop_phaser_out_phy_MEMREFCLK_OCLK)
                                                      2.027    18.080 r  ddr3.u_axi_wrap_ddr/mig_axi/u_mig_axi_32_mig/u_memc_ui_top_axi/mem_intfc0/ddr_phy_top0/u_ddr_mc_phy_wrapper/u_ddr_mc_phy/ddr_phy_4lanes_0.u_ddr_phy_4lanes/ddr_byte_lane_C.ddr_byte_lane_C/phaser_out/OCLK
    PHASER_OUT_PHY_X0Y18 PHASER_OUT_PHY (Prop_phaser_out_phy_OCLK_OCLKDIV)
                                                      0.133    18.213 r  ddr3.u_axi_wrap_ddr/mig_axi/u_mig_axi_32_mig/u_memc_ui_top_axi/mem_intfc0/ddr_phy_top0/u_ddr_mc_phy_wrapper/u_ddr_mc_phy/ddr_phy_4lanes_0.u_ddr_phy_4lanes/ddr_byte_lane_C.ddr_byte_lane_C/phaser_out/OCLKDIV
                         net (fo=10, routed)          0.338    18.551    ddr3.u_axi_wrap_ddr/mig_axi/u_mig_axi_32_mig/u_memc_ui_top_axi/mem_intfc0/ddr_phy_top0/u_ddr_mc_phy_wrapper/u_ddr_mc_phy/ddr_phy_4lanes_0.u_ddr_phy_4lanes/ddr_byte_lane_C.ddr_byte_lane_C/ddr_byte_group_io/oserdes_clkdiv
    OLOGIC_X0Y227        OSERDESE2                                    r  ddr3.u_axi_wrap_ddr/mig_axi/u_mig_axi_32_mig/u_memc_ui_top_axi/mem_intfc0/ddr_phy_top0/u_ddr_mc_phy_wrapper/u_ddr_mc_phy/ddr_phy_4lanes_0.u_ddr_phy_4lanes/ddr_byte_lane_C.ddr_byte_lane_C/ddr_byte_group_io/output_[2].oserdes_dq_.sdr.oserdes_dq_i/CLKDIV
                         clock pessimism              0.406    18.956    
                         clock uncertainty           -0.065    18.891    
    OLOGIC_X0Y227        OSERDESE2 (Setup_oserdese2_CLKDIV_D1)
                                                     -0.449    18.442    ddr3.u_axi_wrap_ddr/mig_axi/u_mig_axi_32_mig/u_memc_ui_top_axi/mem_intfc0/ddr_phy_top0/u_ddr_mc_phy_wrapper/u_ddr_mc_phy/ddr_phy_4lanes_0.u_ddr_phy_4lanes/ddr_byte_lane_C.ddr_byte_lane_C/ddr_byte_group_io/output_[2].oserdes_dq_.sdr.oserdes_dq_i
  -------------------------------------------------------------------
                         required time                         18.442    
                         arrival time                          -9.716    
  -------------------------------------------------------------------
                         slack                                  8.726    





Pulse Width Checks
--------------------------------------------------------------------------------------
Clock Name:         oserdes_clkdiv_2
Waveform(ns):       { 0.000 5.000 }
Period(ns):         10.000
Sources:            { ddr3.u_axi_wrap_ddr/mig_axi/u_mig_axi_32_mig/u_memc_ui_top_axi/mem_intfc0/ddr_phy_top0/u_ddr_mc_phy_wrapper/u_ddr_mc_phy/ddr_phy_4lanes_0.u_ddr_phy_4lanes/ddr_byte_lane_C.ddr_byte_lane_C/phaser_out/OCLKDIV }

Check Type        Corner  Lib Pin         Reference Pin  Required(ns)  Actual(ns)  Slack(ns)  Location        Pin
Min Period        n/a     OUT_FIFO/RDCLK  n/a            5.000         10.000      5.000      OUT_FIFO_X0Y18  ddr3.u_axi_wrap_ddr/mig_axi/u_mig_axi_32_mig/u_memc_ui_top_axi/mem_intfc0/ddr_phy_top0/u_ddr_mc_phy_wrapper/u_ddr_mc_phy/ddr_phy_4lanes_0.u_ddr_phy_4lanes/ddr_byte_lane_C.ddr_byte_lane_C/out_fifo/RDCLK
Low Pulse Width   Slow    OUT_FIFO/RDCLK  n/a            2.150         5.000       2.850      OUT_FIFO_X0Y18  ddr3.u_axi_wrap_ddr/mig_axi/u_mig_axi_32_mig/u_memc_ui_top_axi/mem_intfc0/ddr_phy_top0/u_ddr_mc_phy_wrapper/u_ddr_mc_phy/ddr_phy_4lanes_0.u_ddr_phy_4lanes/ddr_byte_lane_C.ddr_byte_lane_C/out_fifo/RDCLK
High Pulse Width  Slow    OUT_FIFO/RDCLK  n/a            2.150         5.000       2.850      OUT_FIFO_X0Y18  ddr3.u_axi_wrap_ddr/mig_axi/u_mig_axi_32_mig/u_memc_ui_top_axi/mem_intfc0/ddr_phy_top0/u_ddr_mc_phy_wrapper/u_ddr_mc_phy/ddr_phy_4lanes_0.u_ddr_phy_4lanes/ddr_byte_lane_C.ddr_byte_lane_C/out_fifo/RDCLK



---------------------------------------------------------------------------------------------------
From Clock:  oserdes_clk_3
  To Clock:  oserdes_clk_3

Setup :           NA  Failing Endpoints,  Worst Slack           NA  ,  Total Violation           NA
Hold  :           NA  Failing Endpoints,  Worst Slack           NA  ,  Total Violation           NA
PW    :            0  Failing Endpoints,  Worst Slack        1.029ns,  Total Violation        0.000ns
---------------------------------------------------------------------------------------------------


Pulse Width Checks
--------------------------------------------------------------------------------------
Clock Name:         oserdes_clk_3
Waveform(ns):       { 0.000 1.250 }
Period(ns):         2.500
Sources:            { ddr3.u_axi_wrap_ddr/mig_axi/u_mig_axi_32_mig/u_memc_ui_top_axi/mem_intfc0/ddr_phy_top0/u_ddr_mc_phy_wrapper/u_ddr_mc_phy/ddr_phy_4lanes_0.u_ddr_phy_4lanes/ddr_byte_lane_D.ddr_byte_lane_D/phaser_out/OCLK }

Check Type  Corner  Lib Pin        Reference Pin  Required(ns)  Actual(ns)  Slack(ns)  Location       Pin
Min Period  n/a     OSERDESE2/CLK  n/a            1.471         2.500       1.029      OLOGIC_X0Y237  ddr3.u_axi_wrap_ddr/mig_axi/u_mig_axi_32_mig/u_memc_ui_top_axi/mem_intfc0/ddr_phy_top0/u_ddr_mc_phy_wrapper/u_ddr_mc_phy/ddr_phy_4lanes_0.u_ddr_phy_4lanes/ddr_byte_lane_D.ddr_byte_lane_D/ddr_byte_group_io/output_[0].oserdes_dq_.sdr.oserdes_dq_i/CLK



---------------------------------------------------------------------------------------------------
From Clock:  oserdes_clkdiv_3
  To Clock:  oserdes_clkdiv_3

Setup :            0  Failing Endpoints,  Worst Slack        8.872ns,  Total Violation        0.000ns
Hold  :           NA  Failing Endpoints,  Worst Slack           NA  ,  Total Violation           NA
PW    :            0  Failing Endpoints,  Worst Slack        2.850ns,  Total Violation        0.000ns
---------------------------------------------------------------------------------------------------


Max Delay Paths
--------------------------------------------------------------------------------------
Slack (MET) :             8.872ns  (required time - arrival time)
  Source:                 ddr3.u_axi_wrap_ddr/mig_axi/u_mig_axi_32_mig/u_memc_ui_top_axi/mem_intfc0/ddr_phy_top0/u_ddr_mc_phy_wrapper/u_ddr_mc_phy/ddr_phy_4lanes_0.u_ddr_phy_4lanes/ddr_byte_lane_D.ddr_byte_lane_D/out_fifo/RDCLK
                            (rising edge-triggered cell OUT_FIFO clocked by oserdes_clkdiv_3  {rise@0.000ns fall@5.000ns period=10.000ns})
  Destination:            ddr3.u_axi_wrap_ddr/mig_axi/u_mig_axi_32_mig/u_memc_ui_top_axi/mem_intfc0/ddr_phy_top0/u_ddr_mc_phy_wrapper/u_ddr_mc_phy/ddr_phy_4lanes_0.u_ddr_phy_4lanes/ddr_byte_lane_D.ddr_byte_lane_D/ddr_byte_group_io/output_[10].oserdes_dq_.sdr.oserdes_dq_i/D1
                            (rising edge-triggered cell OSERDESE2 clocked by oserdes_clkdiv_3  {rise@0.000ns fall@5.000ns period=10.000ns})
  Path Group:             oserdes_clkdiv_3
  Path Type:              Setup (Max at Slow Process Corner)
  Requirement:            10.000ns  (oserdes_clkdiv_3 rise@10.000ns - oserdes_clkdiv_3 rise@0.000ns)
  Data Path Delay:        0.964ns  (logic 0.596ns (61.822%)  route 0.368ns (38.178%))
  Logic Levels:           0  
  Clock Path Skew:        0.350ns (DCD - SCD + CPR)
    Destination Clock Delay (DCD):    8.553ns = ( 18.553 - 10.000 ) 
    Source Clock Delay      (SCD):    8.607ns
    Clock Pessimism Removal (CPR):    0.405ns
  Clock Uncertainty:      0.065ns  ((TSJ^2 + DJ^2)^1/2) / 2 + PE
    Total System Jitter     (TSJ):    0.071ns
    Discrete Jitter          (DJ):    0.109ns
    Phase Error              (PE):    0.000ns

    Location             Delay type                Incr(ns)  Path(ns)    Netlist Resource(s)
  -------------------------------------------------------------------    -------------------
                         (clock oserdes_clkdiv_3 rise edge)
                                                      0.000     0.000 r  
    AC19                                              0.000     0.000 r  clk (IN)
                         net (fo=0)                   0.000     0.000    clk
    AC19                 IBUF (Prop_ibuf_I_O)         1.416     1.416 r  clk_IBUF_inst/O
                         net (fo=1, routed)           2.602     4.018    clk_IBUF
    BUFGCTRL_X0Y0        BUFG (Prop_bufg_I_O)         0.081     4.099 r  clk_IBUF_BUFG_inst/O
                         net (fo=2000, routed)        1.696     5.795    ddr3.u_axi_wrap_ddr/mig_axi/u_mig_axi_32_mig/u_ddr3_infrastructure/mmcm_clk
    PLLE2_ADV_X0Y4       PLLE2_ADV (Prop_plle2_adv_CLKIN1_CLKOUT1)
                                                      0.077     5.872 r  ddr3.u_axi_wrap_ddr/mig_axi/u_mig_axi_32_mig/u_ddr3_infrastructure/plle2_i/CLKOUT1
                         net (fo=7, routed)           0.511     6.383    ddr3.u_axi_wrap_ddr/mig_axi/u_mig_axi_32_mig/u_memc_ui_top_axi/mem_intfc0/ddr_phy_top0/u_ddr_mc_phy_wrapper/u_ddr_mc_phy/ddr_phy_4lanes_0.u_ddr_phy_4lanes/ddr_byte_lane_D.ddr_byte_lane_D/mem_refclk
    PHASER_OUT_PHY_X0Y19 PHASER_OUT_PHY (Prop_phaser_out_phy_MEMREFCLK_OCLK)
                                                      2.083     8.466 r  ddr3.u_axi_wrap_ddr/mig_axi/u_mig_axi_32_mig/u_memc_ui_top_axi/mem_intfc0/ddr_phy_top0/u_ddr_mc_phy_wrapper/u_ddr_mc_phy/ddr_phy_4lanes_0.u_ddr_phy_4lanes/ddr_byte_lane_D.ddr_byte_lane_D/phaser_out/OCLK
    PHASER_OUT_PHY_X0Y19 PHASER_OUT_PHY (Prop_phaser_out_phy_OCLK_OCLKDIV)
                                                      0.141     8.607 r  ddr3.u_axi_wrap_ddr/mig_axi/u_mig_axi_32_mig/u_memc_ui_top_axi/mem_intfc0/ddr_phy_top0/u_ddr_mc_phy_wrapper/u_ddr_mc_phy/ddr_phy_4lanes_0.u_ddr_phy_4lanes/ddr_byte_lane_D.ddr_byte_lane_D/phaser_out/OCLKDIV
                         net (fo=13, routed)          0.000     8.607    ddr3.u_axi_wrap_ddr/mig_axi/u_mig_axi_32_mig/u_memc_ui_top_axi/mem_intfc0/ddr_phy_top0/u_ddr_mc_phy_wrapper/u_ddr_mc_phy/ddr_phy_4lanes_0.u_ddr_phy_4lanes/ddr_byte_lane_D.ddr_byte_lane_D/oserdes_clkdiv
    OUT_FIFO_X0Y19       OUT_FIFO                                     r  ddr3.u_axi_wrap_ddr/mig_axi/u_mig_axi_32_mig/u_memc_ui_top_axi/mem_intfc0/ddr_phy_top0/u_ddr_mc_phy_wrapper/u_ddr_mc_phy/ddr_phy_4lanes_0.u_ddr_phy_4lanes/ddr_byte_lane_D.ddr_byte_lane_D/out_fifo/RDCLK
  -------------------------------------------------------------------    -------------------
    OUT_FIFO_X0Y19       OUT_FIFO (Prop_out_fifo_RDCLK_Q5[4])
                                                      0.596     9.203 r  ddr3.u_axi_wrap_ddr/mig_axi/u_mig_axi_32_mig/u_memc_ui_top_axi/mem_intfc0/ddr_phy_top0/u_ddr_mc_phy_wrapper/u_ddr_mc_phy/ddr_phy_4lanes_0.u_ddr_phy_4lanes/ddr_byte_lane_D.ddr_byte_lane_D/out_fifo/Q5[4]
                         net (fo=1, routed)           0.368     9.571    ddr3.u_axi_wrap_ddr/mig_axi/u_mig_axi_32_mig/u_memc_ui_top_axi/mem_intfc0/ddr_phy_top0/u_ddr_mc_phy_wrapper/u_ddr_mc_phy/ddr_phy_4lanes_0.u_ddr_phy_4lanes/ddr_byte_lane_D.ddr_byte_lane_D/ddr_byte_group_io/oserdes_dq[40]
    OLOGIC_X0Y243        OSERDESE2                                    r  ddr3.u_axi_wrap_ddr/mig_axi/u_mig_axi_32_mig/u_memc_ui_top_axi/mem_intfc0/ddr_phy_top0/u_ddr_mc_phy_wrapper/u_ddr_mc_phy/ddr_phy_4lanes_0.u_ddr_phy_4lanes/ddr_byte_lane_D.ddr_byte_lane_D/ddr_byte_group_io/output_[10].oserdes_dq_.sdr.oserdes_dq_i/D1
  -------------------------------------------------------------------    -------------------

                         (clock oserdes_clkdiv_3 rise edge)
                                                     10.000    10.000 r  
    AC19                                              0.000    10.000 r  clk (IN)
                         net (fo=0)                   0.000    10.000    clk
    AC19                 IBUF (Prop_ibuf_I_O)         1.350    11.350 r  clk_IBUF_inst/O
                         net (fo=1, routed)           2.471    13.821    clk_IBUF
    BUFGCTRL_X0Y0        BUFG (Prop_bufg_I_O)         0.077    13.898 r  clk_IBUF_BUFG_inst/O
                         net (fo=2000, routed)        1.586    15.484    ddr3.u_axi_wrap_ddr/mig_axi/u_mig_axi_32_mig/u_ddr3_infrastructure/mmcm_clk
    PLLE2_ADV_X0Y4       PLLE2_ADV (Prop_plle2_adv_CLKIN1_CLKOUT1)
                                                      0.073    15.557 r  ddr3.u_axi_wrap_ddr/mig_axi/u_mig_axi_32_mig/u_ddr3_infrastructure/plle2_i/CLKOUT1
                         net (fo=7, routed)           0.486    16.043    ddr3.u_axi_wrap_ddr/mig_axi/u_mig_axi_32_mig/u_memc_ui_top_axi/mem_intfc0/ddr_phy_top0/u_ddr_mc_phy_wrapper/u_ddr_mc_phy/ddr_phy_4lanes_0.u_ddr_phy_4lanes/ddr_byte_lane_D.ddr_byte_lane_D/mem_refclk
    PHASER_OUT_PHY_X0Y19 PHASER_OUT_PHY (Prop_phaser_out_phy_MEMREFCLK_OCLK)
                                                      2.027    18.070 r  ddr3.u_axi_wrap_ddr/mig_axi/u_mig_axi_32_mig/u_memc_ui_top_axi/mem_intfc0/ddr_phy_top0/u_ddr_mc_phy_wrapper/u_ddr_mc_phy/ddr_phy_4lanes_0.u_ddr_phy_4lanes/ddr_byte_lane_D.ddr_byte_lane_D/phaser_out/OCLK
    PHASER_OUT_PHY_X0Y19 PHASER_OUT_PHY (Prop_phaser_out_phy_OCLK_OCLKDIV)
                                                      0.133    18.203 r  ddr3.u_axi_wrap_ddr/mig_axi/u_mig_axi_32_mig/u_memc_ui_top_axi/mem_intfc0/ddr_phy_top0/u_ddr_mc_phy_wrapper/u_ddr_mc_phy/ddr_phy_4lanes_0.u_ddr_phy_4lanes/ddr_byte_lane_D.ddr_byte_lane_D/phaser_out/OCLKDIV
                         net (fo=13, routed)          0.350    18.553    ddr3.u_axi_wrap_ddr/mig_axi/u_mig_axi_32_mig/u_memc_ui_top_axi/mem_intfc0/ddr_phy_top0/u_ddr_mc_phy_wrapper/u_ddr_mc_phy/ddr_phy_4lanes_0.u_ddr_phy_4lanes/ddr_byte_lane_D.ddr_byte_lane_D/ddr_byte_group_io/oserdes_clkdiv
    OLOGIC_X0Y243        OSERDESE2                                    r  ddr3.u_axi_wrap_ddr/mig_axi/u_mig_axi_32_mig/u_memc_ui_top_axi/mem_intfc0/ddr_phy_top0/u_ddr_mc_phy_wrapper/u_ddr_mc_phy/ddr_phy_4lanes_0.u_ddr_phy_4lanes/ddr_byte_lane_D.ddr_byte_lane_D/ddr_byte_group_io/output_[10].oserdes_dq_.sdr.oserdes_dq_i/CLKDIV
                         clock pessimism              0.405    18.957    
                         clock uncertainty           -0.065    18.892    
    OLOGIC_X0Y243        OSERDESE2 (Setup_oserdese2_CLKDIV_D1)
                                                     -0.449    18.443    ddr3.u_axi_wrap_ddr/mig_axi/u_mig_axi_32_mig/u_memc_ui_top_axi/mem_intfc0/ddr_phy_top0/u_ddr_mc_phy_wrapper/u_ddr_mc_phy/ddr_phy_4lanes_0.u_ddr_phy_4lanes/ddr_byte_lane_D.ddr_byte_lane_D/ddr_byte_group_io/output_[10].oserdes_dq_.sdr.oserdes_dq_i
  -------------------------------------------------------------------
                         required time                         18.443    
                         arrival time                          -9.571    
  -------------------------------------------------------------------
                         slack                                  8.872    





Pulse Width Checks
--------------------------------------------------------------------------------------
Clock Name:         oserdes_clkdiv_3
Waveform(ns):       { 0.000 5.000 }
Period(ns):         10.000
Sources:            { ddr3.u_axi_wrap_ddr/mig_axi/u_mig_axi_32_mig/u_memc_ui_top_axi/mem_intfc0/ddr_phy_top0/u_ddr_mc_phy_wrapper/u_ddr_mc_phy/ddr_phy_4lanes_0.u_ddr_phy_4lanes/ddr_byte_lane_D.ddr_byte_lane_D/phaser_out/OCLKDIV }

Check Type        Corner  Lib Pin         Reference Pin  Required(ns)  Actual(ns)  Slack(ns)  Location        Pin
Min Period        n/a     OUT_FIFO/RDCLK  n/a            5.000         10.000      5.000      OUT_FIFO_X0Y19  ddr3.u_axi_wrap_ddr/mig_axi/u_mig_axi_32_mig/u_memc_ui_top_axi/mem_intfc0/ddr_phy_top0/u_ddr_mc_phy_wrapper/u_ddr_mc_phy/ddr_phy_4lanes_0.u_ddr_phy_4lanes/ddr_byte_lane_D.ddr_byte_lane_D/out_fifo/RDCLK
Low Pulse Width   Slow    OUT_FIFO/RDCLK  n/a            2.150         5.000       2.850      OUT_FIFO_X0Y19  ddr3.u_axi_wrap_ddr/mig_axi/u_mig_axi_32_mig/u_memc_ui_top_axi/mem_intfc0/ddr_phy_top0/u_ddr_mc_phy_wrapper/u_ddr_mc_phy/ddr_phy_4lanes_0.u_ddr_phy_4lanes/ddr_byte_lane_D.ddr_byte_lane_D/out_fifo/RDCLK
High Pulse Width  Slow    OUT_FIFO/RDCLK  n/a            2.150         5.000       2.850      OUT_FIFO_X0Y19  ddr3.u_axi_wrap_ddr/mig_axi/u_mig_axi_32_mig/u_memc_ui_top_axi/mem_intfc0/ddr_phy_top0/u_ddr_mc_phy_wrapper/u_ddr_mc_phy/ddr_phy_4lanes_0.u_ddr_phy_4lanes/ddr_byte_lane_D.ddr_byte_lane_D/out_fifo/RDCLK



---------------------------------------------------------------------------------------------------
From Clock:  pll_clk3_out
  To Clock:  pll_clk3_out

Setup :           NA  Failing Endpoints,  Worst Slack           NA  ,  Total Violation           NA
Hold  :           NA  Failing Endpoints,  Worst Slack           NA  ,  Total Violation           NA
PW    :            0  Failing Endpoints,  Worst Slack        3.000ns,  Total Violation        0.000ns
---------------------------------------------------------------------------------------------------


Pulse Width Checks
--------------------------------------------------------------------------------------
Clock Name:         pll_clk3_out
Waveform(ns):       { 0.000 5.000 }
Period(ns):         10.000
Sources:            { ddr3.u_axi_wrap_ddr/mig_axi/u_mig_axi_32_mig/u_ddr3_infrastructure/plle2_i/CLKOUT3 }

Check Type        Corner  Lib Pin            Reference Pin  Required(ns)  Actual(ns)  Slack(ns)  Location         Pin
Min Period        n/a     BUFH/I             n/a            1.592         10.000      8.408      BUFHCE_X0Y48     ddr3.u_axi_wrap_ddr/mig_axi/u_mig_axi_32_mig/u_ddr3_infrastructure/u_bufh_pll_clk3/I
Max Period        n/a     MMCME2_ADV/CLKIN1  n/a            100.000       10.000      90.000     MMCME2_ADV_X0Y4  ddr3.u_axi_wrap_ddr/mig_axi/u_mig_axi_32_mig/u_ddr3_infrastructure/gen_mmcm.mmcm_i/CLKIN1
Low Pulse Width   Slow    MMCME2_ADV/CLKIN1  n/a            2.000         5.000       3.000      MMCME2_ADV_X0Y4  ddr3.u_axi_wrap_ddr/mig_axi/u_mig_axi_32_mig/u_ddr3_infrastructure/gen_mmcm.mmcm_i/CLKIN1
High Pulse Width  Slow    MMCME2_ADV/CLKIN1  n/a            2.000         5.000       3.000      MMCME2_ADV_X0Y4  ddr3.u_axi_wrap_ddr/mig_axi/u_mig_axi_32_mig/u_ddr3_infrastructure/gen_mmcm.mmcm_i/CLKIN1



---------------------------------------------------------------------------------------------------
From Clock:  clk_pll_i
  To Clock:  clk_pll_i

Setup :            0  Failing Endpoints,  Worst Slack        2.163ns,  Total Violation        0.000ns
Hold  :           NA  Failing Endpoints,  Worst Slack           NA  ,  Total Violation           NA
PW    :            0  Failing Endpoints,  Worst Slack        2.850ns,  Total Violation        0.000ns
---------------------------------------------------------------------------------------------------


Max Delay Paths
--------------------------------------------------------------------------------------
Slack (MET) :             2.163ns  (required time - arrival time)
  Source:                 ddr3.u_axi_wrap_ddr/u_Axi_CDC/wFifo/popCC_addressGen_rValid_reg/C
                            (rising edge-triggered cell FDCE clocked by clk_pll_i  {rise@0.000ns fall@5.000ns period=10.000ns})
  Destination:            ddr3.u_axi_wrap_ddr/mig_axi/u_mig_axi_32_mig/u_memc_ui_top_axi/u_axi_mc/USE_UPSIZER.upsizer_d2/USE_WRITE.write_data_inst/WORD_LANE[2].USE_ALWAYS_PACKER.BYTE_LANE[0].USE_FPGA_DATA.BIT_LANE[6].FDRE_wdata_inst/D
                            (rising edge-triggered cell FDRE clocked by clk_pll_i  {rise@0.000ns fall@5.000ns period=10.000ns})
  Path Group:             clk_pll_i
  Path Type:              Setup (Max at Slow Process Corner)
  Requirement:            10.000ns  (clk_pll_i rise@10.000ns - clk_pll_i rise@0.000ns)
  Data Path Delay:        7.762ns  (logic 1.304ns (16.800%)  route 6.458ns (83.200%))
  Logic Levels:           3  (CARRY4=2 LUT5=1)
  Clock Path Skew:        -0.048ns (DCD - SCD + CPR)
    Destination Clock Delay (DCD):    7.673ns = ( 17.673 - 10.000 ) 
    Source Clock Delay      (SCD):    8.221ns
    Clock Pessimism Removal (CPR):    0.500ns
  Clock Uncertainty:      0.060ns  ((TSJ^2 + DJ^2)^1/2) / 2 + PE
    Total System Jitter     (TSJ):    0.071ns
    Discrete Jitter          (DJ):    0.098ns
    Phase Error              (PE):    0.000ns

    Location             Delay type                Incr(ns)  Path(ns)    Netlist Resource(s)
  -------------------------------------------------------------------    -------------------
                         (clock clk_pll_i rise edge)
                                                      0.000     0.000 r  
    AC19                                              0.000     0.000 r  clk (IN)
                         net (fo=0)                   0.000     0.000    clk
    AC19                 IBUF (Prop_ibuf_I_O)         1.416     1.416 r  clk_IBUF_inst/O
                         net (fo=1, routed)           2.602     4.018    clk_IBUF
    BUFGCTRL_X0Y0        BUFG (Prop_bufg_I_O)         0.081     4.099 r  clk_IBUF_BUFG_inst/O
                         net (fo=2000, routed)        1.696     5.795    ddr3.u_axi_wrap_ddr/mig_axi/u_mig_axi_32_mig/u_ddr3_infrastructure/mmcm_clk
    PLLE2_ADV_X0Y4       PLLE2_ADV (Prop_plle2_adv_CLKIN1_CLKOUT3)
                                                      0.077     5.872 r  ddr3.u_axi_wrap_ddr/mig_axi/u_mig_axi_32_mig/u_ddr3_infrastructure/plle2_i/CLKOUT3
                         net (fo=1, routed)           1.429     7.301    ddr3.u_axi_wrap_ddr/mig_axi/u_mig_axi_32_mig/u_ddr3_infrastructure/pll_clk3_out
    BUFHCE_X0Y48         BUFH (Prop_bufh_I_O)         0.106     7.407 r  ddr3.u_axi_wrap_ddr/mig_axi/u_mig_axi_32_mig/u_ddr3_infrastructure/u_bufh_pll_clk3/O
                         net (fo=1, routed)           0.841     8.248    ddr3.u_axi_wrap_ddr/mig_axi/u_mig_axi_32_mig/u_ddr3_infrastructure/pll_clk3
    MMCME2_ADV_X0Y4      MMCME2_ADV (Prop_mmcme2_adv_CLKIN1_CLKFBOUT)
                                                     -3.816     4.432 r  ddr3.u_axi_wrap_ddr/mig_axi/u_mig_axi_32_mig/u_ddr3_infrastructure/gen_mmcm.mmcm_i/CLKFBOUT
                         net (fo=1, routed)           2.061     6.493    ddr3.u_axi_wrap_ddr/mig_axi/u_mig_axi_32_mig/u_ddr3_infrastructure/clk_pll_i
    BUFGCTRL_X0Y16       BUFG (Prop_bufg_I_O)         0.081     6.574 r  ddr3.u_axi_wrap_ddr/mig_axi/u_mig_axi_32_mig/u_ddr3_infrastructure/u_bufg_clkdiv0/O
                         net (fo=7005, routed)        1.647     8.221    ddr3.u_axi_wrap_ddr/u_Axi_CDC/wFifo/ui_clk
    SLICE_X31Y209        FDCE                                         r  ddr3.u_axi_wrap_ddr/u_Axi_CDC/wFifo/popCC_addressGen_rValid_reg/C
  -------------------------------------------------------------------    -------------------
    SLICE_X31Y209        FDCE (Prop_fdce_C_Q)         0.379     8.600 r  ddr3.u_axi_wrap_ddr/u_Axi_CDC/wFifo/popCC_addressGen_rValid_reg/Q
                         net (fo=24, routed)          2.340    10.940    ddr3.u_axi_wrap_ddr/mig_axi/u_mig_axi_32_mig/u_memc_ui_top_axi/u_axi_mc/USE_UPSIZER.upsizer_d2/USE_WRITE.write_data_inst/USE_FPGA_WORD_COMPLETED.pop_si_data_inst/lopt_6
    SLICE_X16Y210        CARRY4 (Prop_carry4_S[2]_CO[3])
                                                      0.421    11.361 r  ddr3.u_axi_wrap_ddr/mig_axi/u_mig_axi_32_mig/u_memc_ui_top_axi/u_axi_mc/USE_UPSIZER.upsizer_d2/USE_WRITE.write_data_inst/USE_FPGA_WORD_COMPLETED.pop_si_data_inst/USE_FPGA.and_inst_CARRY4/CO[3]
                         net (fo=10, routed)          0.000    11.361    ddr3.u_axi_wrap_ddr/mig_axi/u_mig_axi_32_mig/u_memc_ui_top_axi/u_axi_mc/USE_UPSIZER.upsizer_d2/USE_WRITE.write_data_inst/USE_FPGA_WORD_COMPLETED.word_complete_rest_last_inst/word_complete_rest_pop
    SLICE_X16Y211        CARRY4 (Prop_carry4_CI_CO[0])
                                                      0.207    11.568 f  ddr3.u_axi_wrap_ddr/mig_axi/u_mig_axi_32_mig/u_memc_ui_top_axi/u_axi_mc/USE_UPSIZER.upsizer_d2/USE_WRITE.write_data_inst/USE_FPGA_WORD_COMPLETED.word_complete_rest_last_inst/USE_FPGA.and_inst_CARRY4/CO[0]
                         net (fo=186, routed)         4.118    15.686    ddr3.u_axi_wrap_ddr/mig_axi/u_mig_axi_32_mig/u_memc_ui_top_axi/u_axi_mc/USE_UPSIZER.upsizer_d2/USE_WRITE.write_data_inst/USE_FPGA_WORD_COMPLETED.word_complete_rest_last_inst/USE_FPGA.and_inst_0
    SLICE_X26Y219        LUT5 (Prop_lut5_I0_O)        0.297    15.983 r  ddr3.u_axi_wrap_ddr/mig_axi/u_mig_axi_32_mig/u_memc_ui_top_axi/u_axi_mc/USE_UPSIZER.upsizer_d2/USE_WRITE.write_data_inst/USE_FPGA_WORD_COMPLETED.word_complete_rest_last_inst/WORD_LANE[2].USE_ALWAYS_PACKER.BYTE_LANE[0].USE_FPGA_DATA.BIT_LANE[6].FDRE_wdata_inst_i_1/O
                         net (fo=1, routed)           0.000    15.983    ddr3.u_axi_wrap_ddr/mig_axi/u_mig_axi_32_mig/u_memc_ui_top_axi/u_axi_mc/USE_UPSIZER.upsizer_d2/USE_WRITE.write_data_inst/wdata_wrap_buffer_cmb[70]
    SLICE_X26Y219        FDRE                                         r  ddr3.u_axi_wrap_ddr/mig_axi/u_mig_axi_32_mig/u_memc_ui_top_axi/u_axi_mc/USE_UPSIZER.upsizer_d2/USE_WRITE.write_data_inst/WORD_LANE[2].USE_ALWAYS_PACKER.BYTE_LANE[0].USE_FPGA_DATA.BIT_LANE[6].FDRE_wdata_inst/D
  -------------------------------------------------------------------    -------------------

                         (clock clk_pll_i rise edge)
                                                     10.000    10.000 r  
    AC19                                              0.000    10.000 r  clk (IN)
                         net (fo=0)                   0.000    10.000    clk
    AC19                 IBUF (Prop_ibuf_I_O)         1.350    11.350 r  clk_IBUF_inst/O
                         net (fo=1, routed)           2.471    13.821    clk_IBUF
    BUFGCTRL_X0Y0        BUFG (Prop_bufg_I_O)         0.077    13.898 r  clk_IBUF_BUFG_inst/O
                         net (fo=2000, routed)        1.586    15.484    ddr3.u_axi_wrap_ddr/mig_axi/u_mig_axi_32_mig/u_ddr3_infrastructure/mmcm_clk
    PLLE2_ADV_X0Y4       PLLE2_ADV (Prop_plle2_adv_CLKIN1_CLKOUT3)
                                                      0.073    15.557 r  ddr3.u_axi_wrap_ddr/mig_axi/u_mig_axi_32_mig/u_ddr3_infrastructure/plle2_i/CLKOUT3
                         net (fo=1, routed)           1.281    16.838    ddr3.u_axi_wrap_ddr/mig_axi/u_mig_axi_32_mig/u_ddr3_infrastructure/pll_clk3_out
    BUFHCE_X0Y48         BUFH (Prop_bufh_I_O)         0.069    16.907 r  ddr3.u_axi_wrap_ddr/mig_axi/u_mig_axi_32_mig/u_ddr3_infrastructure/u_bufh_pll_clk3/O
                         net (fo=1, routed)           0.805    17.712    ddr3.u_axi_wrap_ddr/mig_axi/u_mig_axi_32_mig/u_ddr3_infrastructure/pll_clk3
    MMCME2_ADV_X0Y4      MMCME2_ADV (Prop_mmcme2_adv_CLKIN1_CLKFBOUT)
                                                     -3.606    14.105 r  ddr3.u_axi_wrap_ddr/mig_axi/u_mig_axi_32_mig/u_ddr3_infrastructure/gen_mmcm.mmcm_i/CLKFBOUT
                         net (fo=1, routed)           1.964    16.070    ddr3.u_axi_wrap_ddr/mig_axi/u_mig_axi_32_mig/u_ddr3_infrastructure/clk_pll_i
    BUFGCTRL_X0Y16       BUFG (Prop_bufg_I_O)         0.077    16.147 r  ddr3.u_axi_wrap_ddr/mig_axi/u_mig_axi_32_mig/u_ddr3_infrastructure/u_bufg_clkdiv0/O
                         net (fo=7005, routed)        1.526    17.673    ddr3.u_axi_wrap_ddr/mig_axi/u_mig_axi_32_mig/u_memc_ui_top_axi/u_axi_mc/USE_UPSIZER.upsizer_d2/USE_WRITE.write_data_inst/CLK
    SLICE_X26Y219        FDRE                                         r  ddr3.u_axi_wrap_ddr/mig_axi/u_mig_axi_32_mig/u_memc_ui_top_axi/u_axi_mc/USE_UPSIZER.upsizer_d2/USE_WRITE.write_data_inst/WORD_LANE[2].USE_ALWAYS_PACKER.BYTE_LANE[0].USE_FPGA_DATA.BIT_LANE[6].FDRE_wdata_inst/C
                         clock pessimism              0.500    18.173    
                         clock uncertainty           -0.060    18.113    
    SLICE_X26Y219        FDRE (Setup_fdre_C_D)        0.033    18.146    ddr3.u_axi_wrap_ddr/mig_axi/u_mig_axi_32_mig/u_memc_ui_top_axi/u_axi_mc/USE_UPSIZER.upsizer_d2/USE_WRITE.write_data_inst/WORD_LANE[2].USE_ALWAYS_PACKER.BYTE_LANE[0].USE_FPGA_DATA.BIT_LANE[6].FDRE_wdata_inst
  -------------------------------------------------------------------
                         required time                         18.146    
                         arrival time                         -15.983    
  -------------------------------------------------------------------
                         slack                                  2.163    





Pulse Width Checks
--------------------------------------------------------------------------------------
Clock Name:         clk_pll_i
Waveform(ns):       { 0.000 5.000 }
Period(ns):         10.000
Sources:            { ddr3.u_axi_wrap_ddr/mig_axi/u_mig_axi_32_mig/u_ddr3_infrastructure/gen_mmcm.mmcm_i/CLKFBOUT }

Check Type        Corner  Lib Pin             Reference Pin  Required(ns)  Actual(ns)  Slack(ns)  Location         Pin
Min Period        n/a     IN_FIFO/RDCLK       n/a            5.000         10.000      5.000      IN_FIFO_X0Y16    ddr3.u_axi_wrap_ddr/mig_axi/u_mig_axi_32_mig/u_memc_ui_top_axi/mem_intfc0/ddr_phy_top0/u_ddr_mc_phy_wrapper/u_ddr_mc_phy/ddr_phy_4lanes_0.u_ddr_phy_4lanes/ddr_byte_lane_A.ddr_byte_lane_A/in_fifo_gen.in_fifo/RDCLK
Max Period        n/a     MMCME2_ADV/CLKFBIN  n/a            100.000       10.000      90.000     MMCME2_ADV_X0Y4  ddr3.u_axi_wrap_ddr/mig_axi/u_mig_axi_32_mig/u_ddr3_infrastructure/gen_mmcm.mmcm_i/CLKFBIN
Low Pulse Width   Slow    IN_FIFO/RDCLK       n/a            2.150         5.000       2.850      IN_FIFO_X0Y16    ddr3.u_axi_wrap_ddr/mig_axi/u_mig_axi_32_mig/u_memc_ui_top_axi/mem_intfc0/ddr_phy_top0/u_ddr_mc_phy_wrapper/u_ddr_mc_phy/ddr_phy_4lanes_0.u_ddr_phy_4lanes/ddr_byte_lane_A.ddr_byte_lane_A/in_fifo_gen.in_fifo/RDCLK
High Pulse Width  Slow    IN_FIFO/RDCLK       n/a            2.150         5.000       2.850      IN_FIFO_X0Y16    ddr3.u_axi_wrap_ddr/mig_axi/u_mig_axi_32_mig/u_memc_ui_top_axi/mem_intfc0/ddr_phy_top0/u_ddr_mc_phy_wrapper/u_ddr_mc_phy/ddr_phy_4lanes_0.u_ddr_phy_4lanes/ddr_byte_lane_A.ddr_byte_lane_A/in_fifo_gen.in_fifo/RDCLK



---------------------------------------------------------------------------------------------------
From Clock:  pll_clkfbout
  To Clock:  pll_clkfbout

Setup :           NA  Failing Endpoints,  Worst Slack           NA  ,  Total Violation           NA
Hold  :           NA  Failing Endpoints,  Worst Slack           NA  ,  Total Violation           NA
PW    :            0  Failing Endpoints,  Worst Slack        8.751ns,  Total Violation        0.000ns
---------------------------------------------------------------------------------------------------


Pulse Width Checks
--------------------------------------------------------------------------------------
Clock Name:         pll_clkfbout
Waveform(ns):       { 0.000 5.000 }
Period(ns):         10.000
Sources:            { ddr3.u_axi_wrap_ddr/mig_axi/u_mig_axi_32_mig/u_ddr3_infrastructure/plle2_i/CLKFBOUT }

Check Type  Corner  Lib Pin             Reference Pin  Required(ns)  Actual(ns)  Slack(ns)  Location        Pin
Min Period  n/a     PLLE2_ADV/CLKFBOUT  n/a            1.249         10.000      8.751      PLLE2_ADV_X0Y4  ddr3.u_axi_wrap_ddr/mig_axi/u_mig_axi_32_mig/u_ddr3_infrastructure/plle2_i/CLKFBOUT
Max Period  n/a     PLLE2_ADV/CLKFBIN   n/a            52.633        10.000      42.633     PLLE2_ADV_X0Y4  ddr3.u_axi_wrap_ddr/mig_axi/u_mig_axi_32_mig/u_ddr3_infrastructure/plle2_i/CLKFBIN



---------------------------------------------------------------------------------------------------
From Clock:  sync_pulse
  To Clock:  sync_pulse

Setup :           NA  Failing Endpoints,  Worst Slack           NA  ,  Total Violation           NA
Hold  :           NA  Failing Endpoints,  Worst Slack           NA  ,  Total Violation           NA
PW    :            0  Failing Endpoints,  Worst Slack        1.428ns,  Total Violation        0.000ns
---------------------------------------------------------------------------------------------------


Pulse Width Checks
--------------------------------------------------------------------------------------
Clock Name:         sync_pulse
Waveform(ns):       { 1.094 3.594 }
Period(ns):         40.000
Sources:            { ddr3.u_axi_wrap_ddr/mig_axi/u_mig_axi_32_mig/u_ddr3_infrastructure/plle2_i/CLKOUT2 }

Check Type        Corner  Lib Pin               Reference Pin  Required(ns)  Actual(ns)  Slack(ns)  Location             Pin
Min Period        n/a     PLLE2_ADV/CLKOUT2     n/a            1.249         40.000      38.751     PLLE2_ADV_X0Y4       ddr3.u_axi_wrap_ddr/mig_axi/u_mig_axi_32_mig/u_ddr3_infrastructure/plle2_i/CLKOUT2
Max Period        n/a     PLLE2_ADV/CLKOUT2     n/a            160.000       40.000      120.000    PLLE2_ADV_X0Y4       ddr3.u_axi_wrap_ddr/mig_axi/u_mig_axi_32_mig/u_ddr3_infrastructure/plle2_i/CLKOUT2
High Pulse Width  Slow    PHASER_IN_PHY/SYNCIN  n/a            1.072         2.500       1.428      PHASER_IN_PHY_X0Y16  ddr3.u_axi_wrap_ddr/mig_axi/u_mig_axi_32_mig/u_memc_ui_top_axi/mem_intfc0/ddr_phy_top0/u_ddr_mc_phy_wrapper/u_ddr_mc_phy/ddr_phy_4lanes_0.u_ddr_phy_4lanes/ddr_byte_lane_A.ddr_byte_lane_A/phaser_in_gen.phaser_in/SYNCIN



---------------------------------------------------------------------------------------------------
From Clock:  sys_clk
  To Clock:  sys_clk

Setup :            0  Failing Endpoints,  Worst Slack        0.873ns,  Total Violation        0.000ns
Hold  :           NA  Failing Endpoints,  Worst Slack           NA  ,  Total Violation           NA
PW    :            0  Failing Endpoints,  Worst Slack        3.870ns,  Total Violation        0.000ns
---------------------------------------------------------------------------------------------------


Max Delay Paths
--------------------------------------------------------------------------------------
Slack (MET) :             0.873ns  (required time - arrival time)
  Source:                 ddr3.u_axi_wrap_ddr/u_Axi_CDC/wFifo/pushCC_pushPtrGray_reg[1]/C
                            (rising edge-triggered cell FDCE clocked by sys_clk  {rise@0.000ns fall@5.000ns period=10.000ns})
  Destination:            u_axi_clock_sync/wFifo/_zz_ram_port1_reg[10]/CE
                            (rising edge-triggered cell FDRE clocked by sys_clk  {rise@0.000ns fall@5.000ns period=10.000ns})
  Path Group:             sys_clk
  Path Type:              Setup (Max at Slow Process Corner)
  Requirement:            10.000ns  (sys_clk rise@10.000ns - sys_clk rise@0.000ns)
  Data Path Delay:        8.367ns  (logic 1.189ns (14.210%)  route 7.178ns (85.790%))
  Logic Levels:           6  (LUT2=1 LUT3=1 LUT4=2 LUT5=1 LUT6=1)
  Clock Path Skew:        -0.375ns (DCD - SCD + CPR)
    Destination Clock Delay (DCD):    5.168ns = ( 15.168 - 10.000 ) 
    Source Clock Delay      (SCD):    5.751ns
    Clock Pessimism Removal (CPR):    0.208ns
  Clock Uncertainty:      0.053ns  ((TSJ^2 + DJ^2)^1/2) / 2 + PE
    Total System Jitter     (TSJ):    0.071ns
    Discrete Jitter          (DJ):    0.079ns
    Phase Error              (PE):    0.000ns

    Location             Delay type                Incr(ns)  Path(ns)    Netlist Resource(s)
  -------------------------------------------------------------------    -------------------
                         (clock sys_clk rise edge)    0.000     0.000 r  
    AC19                                              0.000     0.000 r  clk (IN)
                         net (fo=0)                   0.000     0.000    clk
    AC19                 IBUF (Prop_ibuf_I_O)         1.416     1.416 r  clk_IBUF_inst/O
                         net (fo=1, routed)           2.602     4.018    clk_IBUF
    BUFGCTRL_X0Y0        BUFG (Prop_bufg_I_O)         0.081     4.099 r  clk_IBUF_BUFG_inst/O
                         net (fo=2000, routed)        1.536     5.635    fpga_pll.u_clk_pll/inst/clk_in1
    PLLE2_ADV_X0Y2       PLLE2_ADV (Prop_plle2_adv_CLKIN1_CLKOUT1)
                                                     -3.173     2.461 r  fpga_pll.u_clk_pll/inst/plle2_adv_inst/CLKOUT1
                         net (fo=1, routed)           1.557     4.018    fpga_pll.u_clk_pll/inst/sys_clk_clk_pll
    BUFGCTRL_X0Y3        BUFG (Prop_bufg_I_O)         0.081     4.099 r  fpga_pll.u_clk_pll/inst/clkout2_buf/O
                         net (fo=3588, routed)        1.652     5.751    ddr3.u_axi_wrap_ddr/u_Axi_CDC/wFifo/sys_clk
    SLICE_X29Y202        FDCE                                         r  ddr3.u_axi_wrap_ddr/u_Axi_CDC/wFifo/pushCC_pushPtrGray_reg[1]/C
  -------------------------------------------------------------------    -------------------
    SLICE_X29Y202        FDCE (Prop_fdce_C_Q)         0.379     6.130 r  ddr3.u_axi_wrap_ddr/u_Axi_CDC/wFifo/pushCC_pushPtrGray_reg[1]/Q
                         net (fo=2, routed)           3.230     9.360    ddr3.u_axi_wrap_ddr/u_Axi_CDC/wFifo/popToPushGray_buffercc/Q[1]
    SLICE_X30Y204        LUT4 (Prop_lut4_I1_O)        0.105     9.465 r  ddr3.u_axi_wrap_ddr/u_Axi_CDC/wFifo/popToPushGray_buffercc/pushCC_pushPtr[3]_i_3/O
                         net (fo=3, routed)           0.239     9.704    ddr3.u_axi_wrap_ddr/u_Axi_CDC/wFifo/popToPushGray_buffercc/pushCC_pushPtr[3]_i_3_n_0
    SLICE_X30Y203        LUT5 (Prop_lut5_I0_O)        0.105     9.809 r  ddr3.u_axi_wrap_ddr/u_Axi_CDC/wFifo/popToPushGray_buffercc/u_axi_crossbar_2x3_i_4/O
                         net (fo=3, routed)           0.751    10.560    u_axi_crossbar_2x3/inst/gen_samd.crossbar_samd/gen_slave_slots[0].gen_si_write.wdata_router_w/wrouter_aw_fifo/gen_srls[0].gen_rep[2].srl_nx1/m_axi_wready[1]
    SLICE_X21Y196        LUT6 (Prop_lut6_I1_O)        0.105    10.665 r  u_axi_crossbar_2x3/inst/gen_samd.crossbar_samd/gen_slave_slots[0].gen_si_write.wdata_router_w/wrouter_aw_fifo/gen_srls[0].gen_rep[2].srl_nx1/s_axi_wready[0]_INST_0_i_2/O
                         net (fo=1, routed)           0.267    10.932    u_axi_crossbar_2x3/inst/gen_samd.crossbar_samd/gen_slave_slots[0].gen_si_write.wdata_router_w/wrouter_aw_fifo/gen_srls[0].gen_rep[2].srl_nx1/s_axi_wready[0]_INST_0_i_2_n_0
    SLICE_X22Y195        LUT4 (Prop_lut4_I0_O)        0.105    11.037 r  u_axi_crossbar_2x3/inst/gen_samd.crossbar_samd/gen_slave_slots[0].gen_si_write.wdata_router_w/wrouter_aw_fifo/gen_srls[0].gen_rep[2].srl_nx1/s_axi_wready[0]_INST_0_i_1/O
                         net (fo=2, routed)           0.453    11.490    u_axi_crossbar_2x3/inst/gen_samd.crossbar_samd/gen_slave_slots[0].gen_si_write.wdata_router_w/wrouter_aw_fifo/m_aready0__2
    SLICE_X22Y194        LUT2 (Prop_lut2_I1_O)        0.106    11.596 r  u_axi_crossbar_2x3/inst/gen_samd.crossbar_samd/gen_slave_slots[0].gen_si_write.wdata_router_w/wrouter_aw_fifo/s_axi_wready[0]_INST_0/O
                         net (fo=3, routed)           1.521    13.117    u_axi_clock_sync/wFifo/pushToPopGray_buffercc/s_axi_wready[0]
    SLICE_X66Y194        LUT3 (Prop_lut3_I2_O)        0.284    13.401 r  u_axi_clock_sync/wFifo/pushToPopGray_buffercc/popCC_popPtr[3]_i_1__1/O
                         net (fo=41, routed)          0.717    14.118    u_axi_clock_sync/wFifo/popCC_readPort_cmd_valid
    SLICE_X77Y194        FDRE                                         r  u_axi_clock_sync/wFifo/_zz_ram_port1_reg[10]/CE
  -------------------------------------------------------------------    -------------------

                         (clock sys_clk rise edge)   10.000    10.000 r  
    AC19                                              0.000    10.000 r  clk (IN)
                         net (fo=0)                   0.000    10.000    clk
    AC19                 IBUF (Prop_ibuf_I_O)         1.350    11.350 r  clk_IBUF_inst/O
                         net (fo=1, routed)           2.471    13.821    clk_IBUF
    BUFGCTRL_X0Y0        BUFG (Prop_bufg_I_O)         0.077    13.898 r  clk_IBUF_BUFG_inst/O
                         net (fo=2000, routed)        1.434    15.331    fpga_pll.u_clk_pll/inst/clk_in1
    PLLE2_ADV_X0Y2       PLLE2_ADV (Prop_plle2_adv_CLKIN1_CLKOUT1)
                                                     -2.995    12.336 r  fpga_pll.u_clk_pll/inst/plle2_adv_inst/CLKOUT1
                         net (fo=1, routed)           1.484    13.821    fpga_pll.u_clk_pll/inst/sys_clk_clk_pll
    BUFGCTRL_X0Y3        BUFG (Prop_bufg_I_O)         0.077    13.898 r  fpga_pll.u_clk_pll/inst/clkout2_buf/O
                         net (fo=3588, routed)        1.270    15.168    u_axi_clock_sync/wFifo/sys_clk
    SLICE_X77Y194        FDRE                                         r  u_axi_clock_sync/wFifo/_zz_ram_port1_reg[10]/C
                         clock pessimism              0.208    15.376    
                         clock uncertainty           -0.053    15.323    
    SLICE_X77Y194        FDRE (Setup_fdre_C_CE)      -0.331    14.992    u_axi_clock_sync/wFifo/_zz_ram_port1_reg[10]
  -------------------------------------------------------------------
                         required time                         14.992    
                         arrival time                         -14.118    
  -------------------------------------------------------------------
                         slack                                  0.873    





Pulse Width Checks
--------------------------------------------------------------------------------------
Clock Name:         sys_clk
Waveform(ns):       { 0.000 5.000 }
Period(ns):         10.000
Sources:            { fpga_pll.u_clk_pll/inst/plle2_adv_inst/CLKOUT1 }

Check Type        Corner  Lib Pin             Reference Pin  Required(ns)  Actual(ns)  Slack(ns)  Location        Pin
Min Period        n/a     RAMB36E1/CLKARDCLK  n/a            2.170         10.000      7.830      RAMB36_X2Y49    u_jtag_axi_wrap/u_jtag_axi/inst/jtag_axi_engine_u/rd_cmd_fifo_i/inst_fifo_gen/gconvfifo.rf/grf.rf/gntv_or_sync_fifo.mem/gbm.gbmg.gbmga.ngecc.bmg/inst_blk_mem_gen/gnbram.gnativebmg.native_blk_mem_gen/valid.cstr/ramloop[0].ram.r/prim_noinit.ram/DEVICE_7SERIES.NO_BMM_INFO.SDP.WIDE_PRIM36_NO_ECC.ram/CLKARDCLK
Max Period        n/a     PLLE2_ADV/CLKOUT1   n/a            160.000       10.000      150.000    PLLE2_ADV_X0Y2  fpga_pll.u_clk_pll/inst/plle2_adv_inst/CLKOUT1
Low Pulse Width   Slow    RAMD32/CLK          n/a            1.130         5.000       3.870      SLICE_X8Y180    APB_DEV/uart0/regs/receiver/fifo_rx/rfifo/ram_reg_0_15_0_5/RAMA/CLK
High Pulse Width  Slow    RAMD32/CLK          n/a            1.130         5.000       3.870      SLICE_X8Y180    APB_DEV/uart0/regs/receiver/fifo_rx/rfifo/ram_reg_0_15_0_5/RAMA/CLK



---------------------------------------------------------------------------------------------------
From Clock:  dbg_hub/inst/BSCANID.u_xsdbm_id/SWITCH_N_EXT_BSCAN.bscan_inst/SERIES7_BSCAN.bscan_inst/TCK
  To Clock:  dbg_hub/inst/BSCANID.u_xsdbm_id/SWITCH_N_EXT_BSCAN.bscan_inst/SERIES7_BSCAN.bscan_inst/TCK

Setup :            0  Failing Endpoints,  Worst Slack       27.290ns,  Total Violation        0.000ns
Hold  :           NA  Failing Endpoints,  Worst Slack           NA  ,  Total Violation           NA
PW    :            0  Failing Endpoints,  Worst Slack       15.370ns,  Total Violation        0.000ns
---------------------------------------------------------------------------------------------------


Max Delay Paths
--------------------------------------------------------------------------------------
Slack (MET) :             27.290ns  (required time - arrival time)
  Source:                 dbg_hub/inst/BSCANID.u_xsdbm_id/SWITCH_N_EXT_BSCAN.bscan_switch/state_reg[0]/C
                            (rising edge-triggered cell FDRE clocked by dbg_hub/inst/BSCANID.u_xsdbm_id/SWITCH_N_EXT_BSCAN.bscan_inst/SERIES7_BSCAN.bscan_inst/TCK  {rise@0.000ns fall@16.500ns period=33.000ns})
  Destination:            dbg_hub/inst/BSCANID.u_xsdbm_id/SWITCH_N_EXT_BSCAN.bscan_switch/portno_temp_reg[5]/D
                            (rising edge-triggered cell FDRE clocked by dbg_hub/inst/BSCANID.u_xsdbm_id/SWITCH_N_EXT_BSCAN.bscan_inst/SERIES7_BSCAN.bscan_inst/TCK  {rise@0.000ns fall@16.500ns period=33.000ns})
  Path Group:             dbg_hub/inst/BSCANID.u_xsdbm_id/SWITCH_N_EXT_BSCAN.bscan_inst/SERIES7_BSCAN.bscan_inst/TCK
  Path Type:              Setup (Max at Slow Process Corner)
  Requirement:            33.000ns  (dbg_hub/inst/BSCANID.u_xsdbm_id/SWITCH_N_EXT_BSCAN.bscan_inst/SERIES7_BSCAN.bscan_inst/TCK rise@33.000ns - dbg_hub/inst/BSCANID.u_xsdbm_id/SWITCH_N_EXT_BSCAN.bscan_inst/SERIES7_BSCAN.bscan_inst/TCK rise@0.000ns)
  Data Path Delay:        5.678ns  (logic 1.766ns (31.101%)  route 3.912ns (68.899%))
  Logic Levels:           5  (CARRY4=1 LUT3=1 LUT4=1 LUT5=1 LUT6=1)
  Clock Path Skew:        -0.028ns (DCD - SCD + CPR)
    Destination Clock Delay (DCD):    3.687ns = ( 36.687 - 33.000 ) 
    Source Clock Delay      (SCD):    4.160ns
    Clock Pessimism Removal (CPR):    0.445ns
  Clock Uncertainty:      0.035ns  ((TSJ^2 + TIJ^2)^1/2 + DJ) / 2 + PE
    Total System Jitter     (TSJ):    0.071ns
    Total Input Jitter      (TIJ):    0.000ns
    Discrete Jitter          (DJ):    0.000ns
    Phase Error              (PE):    0.000ns

    Location             Delay type                Incr(ns)  Path(ns)    Netlist Resource(s)
  -------------------------------------------------------------------    -------------------
                         (clock dbg_hub/inst/BSCANID.u_xsdbm_id/SWITCH_N_EXT_BSCAN.bscan_inst/SERIES7_BSCAN.bscan_inst/TCK rise edge)
                                                      0.000     0.000 r  
    BSCAN_X0Y0           BSCANE2                      0.000     0.000 r  dbg_hub/inst/BSCANID.u_xsdbm_id/SWITCH_N_EXT_BSCAN.bscan_inst/SERIES7_BSCAN.bscan_inst/TCK
                         net (fo=1, routed)           2.705     2.705    dbg_hub/inst/BSCANID.u_xsdbm_id/tck_bs
    BUFGCTRL_X0Y4        BUFG (Prop_bufg_I_O)         0.081     2.786 r  dbg_hub/inst/BSCANID.u_xsdbm_id/SWITCH_N_EXT_BSCAN.u_bufg_icon_tck/O
                         net (fo=486, routed)         1.374     4.160    dbg_hub/inst/BSCANID.u_xsdbm_id/SWITCH_N_EXT_BSCAN.bscan_switch/s_bscan_tck
    SLICE_X84Y196        FDRE                                         r  dbg_hub/inst/BSCANID.u_xsdbm_id/SWITCH_N_EXT_BSCAN.bscan_switch/state_reg[0]/C
  -------------------------------------------------------------------    -------------------
    SLICE_X84Y196        FDRE (Prop_fdre_C_Q)         0.398     4.558 r  dbg_hub/inst/BSCANID.u_xsdbm_id/SWITCH_N_EXT_BSCAN.bscan_switch/state_reg[0]/Q
                         net (fo=50, routed)          1.110     5.669    dbg_hub/inst/BSCANID.u_xsdbm_id/SWITCH_N_EXT_BSCAN.bscan_switch/state[0]
    SLICE_X85Y199        LUT4 (Prop_lut4_I1_O)        0.242     5.911 r  dbg_hub/inst/BSCANID.u_xsdbm_id/SWITCH_N_EXT_BSCAN.bscan_switch/curid_inferred_i_8/O
                         net (fo=2, routed)           0.763     6.673    dbg_hub/inst/BSCANID.u_xsdbm_id/SWITCH_N_EXT_BSCAN.bscan_switch/curid[24]
    SLICE_X83Y198        LUT6 (Prop_lut6_I3_O)        0.275     6.948 r  dbg_hub/inst/BSCANID.u_xsdbm_id/SWITCH_N_EXT_BSCAN.bscan_switch/state_temp[0]_i_7/O
                         net (fo=1, routed)           0.000     6.948    dbg_hub/inst/BSCANID.u_xsdbm_id/SWITCH_N_EXT_BSCAN.bscan_switch/state_temp[0]_i_7_n_0
    SLICE_X83Y198        CARRY4 (Prop_carry4_S[1]_CO[3])
                                                      0.457     7.405 f  dbg_hub/inst/BSCANID.u_xsdbm_id/SWITCH_N_EXT_BSCAN.bscan_switch/state_temp_reg[0]_i_3/CO[3]
                         net (fo=4, routed)           1.183     8.588    dbg_hub/inst/BSCANID.u_xsdbm_id/SWITCH_N_EXT_BSCAN.bscan_switch/state_temp_reg[0]_i_3_n_0
    SLICE_X87Y196        LUT5 (Prop_lut5_I1_O)        0.119     8.707 r  dbg_hub/inst/BSCANID.u_xsdbm_id/SWITCH_N_EXT_BSCAN.bscan_switch/portno_temp[5]_i_2/O
                         net (fo=7, routed)           0.856     9.564    dbg_hub/inst/BSCANID.u_xsdbm_id/SWITCH_N_EXT_BSCAN.bscan_switch/portno_temp[5]_i_2_n_0
    SLICE_X87Y197        LUT3 (Prop_lut3_I1_O)        0.275     9.839 r  dbg_hub/inst/BSCANID.u_xsdbm_id/SWITCH_N_EXT_BSCAN.bscan_switch/portno_temp[5]_i_1/O
                         net (fo=1, routed)           0.000     9.839    dbg_hub/inst/BSCANID.u_xsdbm_id/SWITCH_N_EXT_BSCAN.bscan_switch/portno_temp[5]_i_1_n_0
    SLICE_X87Y197        FDRE                                         r  dbg_hub/inst/BSCANID.u_xsdbm_id/SWITCH_N_EXT_BSCAN.bscan_switch/portno_temp_reg[5]/D
  -------------------------------------------------------------------    -------------------

                         (clock dbg_hub/inst/BSCANID.u_xsdbm_id/SWITCH_N_EXT_BSCAN.bscan_inst/SERIES7_BSCAN.bscan_inst/TCK rise edge)
                                                     33.000    33.000 r  
    BSCAN_X0Y0           BSCANE2                      0.000    33.000 r  dbg_hub/inst/BSCANID.u_xsdbm_id/SWITCH_N_EXT_BSCAN.bscan_inst/SERIES7_BSCAN.bscan_inst/TCK
                         net (fo=1, routed)           2.346    35.346    dbg_hub/inst/BSCANID.u_xsdbm_id/tck_bs
    BUFGCTRL_X0Y4        BUFG (Prop_bufg_I_O)         0.077    35.423 r  dbg_hub/inst/BSCANID.u_xsdbm_id/SWITCH_N_EXT_BSCAN.u_bufg_icon_tck/O
                         net (fo=486, routed)         1.264    36.687    dbg_hub/inst/BSCANID.u_xsdbm_id/SWITCH_N_EXT_BSCAN.bscan_switch/s_bscan_tck
    SLICE_X87Y197        FDRE                                         r  dbg_hub/inst/BSCANID.u_xsdbm_id/SWITCH_N_EXT_BSCAN.bscan_switch/portno_temp_reg[5]/C
                         clock pessimism              0.445    37.132    
                         clock uncertainty           -0.035    37.097    
    SLICE_X87Y197        FDRE (Setup_fdre_C_D)        0.032    37.129    dbg_hub/inst/BSCANID.u_xsdbm_id/SWITCH_N_EXT_BSCAN.bscan_switch/portno_temp_reg[5]
  -------------------------------------------------------------------
                         required time                         37.129    
                         arrival time                          -9.839    
  -------------------------------------------------------------------
                         slack                                 27.290    





Pulse Width Checks
--------------------------------------------------------------------------------------
Clock Name:         dbg_hub/inst/BSCANID.u_xsdbm_id/SWITCH_N_EXT_BSCAN.bscan_inst/SERIES7_BSCAN.bscan_inst/TCK
Waveform(ns):       { 0.000 16.500 }
Period(ns):         33.000
Sources:            { dbg_hub/inst/BSCANID.u_xsdbm_id/SWITCH_N_EXT_BSCAN.bscan_inst/SERIES7_BSCAN.bscan_inst/TCK }

Check Type        Corner  Lib Pin     Reference Pin  Required(ns)  Actual(ns)  Slack(ns)  Location       Pin
Min Period        n/a     BUFG/I      n/a            1.592         33.000      31.408     BUFGCTRL_X0Y4  dbg_hub/inst/BSCANID.u_xsdbm_id/SWITCH_N_EXT_BSCAN.u_bufg_icon_tck/I
Low Pulse Width   Slow    RAMD32/CLK  n/a            1.130         16.500      15.370     SLICE_X48Y222  dbg_hub/inst/BSCANID.u_xsdbm_id/CORE_XSDB.UUT_MASTER/U_ICON_INTERFACE/U_CMD6_WR/U_WR_FIFO/SUBCORE_FIFO.xsdbm_v3_0_0_wrfifo_inst/inst_fifo_gen/gconvfifo.rf/grf.rf/gntv_or_sync_fifo.mem/gdm.dm_gen.dm/RAM_reg_0_15_0_5/RAMA/CLK
High Pulse Width  Slow    RAMD32/CLK  n/a            1.130         16.500      15.370     SLICE_X48Y222  dbg_hub/inst/BSCANID.u_xsdbm_id/CORE_XSDB.UUT_MASTER/U_ICON_INTERFACE/U_CMD6_WR/U_WR_FIFO/SUBCORE_FIFO.xsdbm_v3_0_0_wrfifo_inst/inst_fifo_gen/gconvfifo.rf/grf.rf/gntv_or_sync_fifo.mem/gdm.dm_gen.dm/RAM_reg_0_15_0_5/RAMA/CLK



---------------------------------------------------------------------------------------------------
From Clock:  dbg_hub/inst/BSCANID.u_xsdbm_id/SWITCH_N_EXT_BSCAN.bscan_inst/SERIES7_BSCAN.bscan_inst/TCK
  To Clock:  clk

Setup :            0  Failing Endpoints,  Worst Slack       31.619ns,  Total Violation        0.000ns
Hold  :           NA  Failing Endpoints,  Worst Slack           NA  ,  Total Violation           NA
---------------------------------------------------------------------------------------------------


Max Delay Paths
--------------------------------------------------------------------------------------
Slack (MET) :             31.619ns  (required time - arrival time)
  Source:                 dbg_hub/inst/BSCANID.u_xsdbm_id/CORE_XSDB.UUT_MASTER/U_ICON_INTERFACE/U_CMD6_RD/U_RD_FIFO/SUBCORE_FIFO.xsdbm_v3_0_0_rdfifo_inst/inst_fifo_gen/gconvfifo.rf/grf.rf/gntv_or_sync_fifo.gcx.clkx/gnxpm_cdc.rd_pntr_gc_reg[1]/C
                            (rising edge-triggered cell FDCE clocked by dbg_hub/inst/BSCANID.u_xsdbm_id/SWITCH_N_EXT_BSCAN.bscan_inst/SERIES7_BSCAN.bscan_inst/TCK  {rise@0.000ns fall@16.500ns period=33.000ns})
  Destination:            dbg_hub/inst/BSCANID.u_xsdbm_id/CORE_XSDB.UUT_MASTER/U_ICON_INTERFACE/U_CMD6_RD/U_RD_FIFO/SUBCORE_FIFO.xsdbm_v3_0_0_rdfifo_inst/inst_fifo_gen/gconvfifo.rf/grf.rf/gntv_or_sync_fifo.gcx.clkx/gnxpm_cdc.gsync_stage[1].wr_stg_inst/Q_reg_reg[1]/D
                            (rising edge-triggered cell FDCE clocked by clk  {rise@0.000ns fall@5.000ns period=10.000ns})
  Path Group:             clk
  Path Type:              Setup (Max at Slow Process Corner)
  Requirement:            33.000ns  (MaxDelay Path 33.000ns)
  Data Path Delay:        1.302ns  (logic 0.433ns (33.259%)  route 0.869ns (66.741%))
  Logic Levels:           0  
  Timing Exception:       MaxDelay Path 33.000ns -datapath_only

    Location             Delay type                Incr(ns)  Path(ns)    Netlist Resource(s)
  -------------------------------------------------------------------    -------------------
    SLICE_X72Y194                                     0.000     0.000 r  dbg_hub/inst/BSCANID.u_xsdbm_id/CORE_XSDB.UUT_MASTER/U_ICON_INTERFACE/U_CMD6_RD/U_RD_FIFO/SUBCORE_FIFO.xsdbm_v3_0_0_rdfifo_inst/inst_fifo_gen/gconvfifo.rf/grf.rf/gntv_or_sync_fifo.gcx.clkx/gnxpm_cdc.rd_pntr_gc_reg[1]/C
    SLICE_X72Y194        FDCE (Prop_fdce_C_Q)         0.433     0.433 r  dbg_hub/inst/BSCANID.u_xsdbm_id/CORE_XSDB.UUT_MASTER/U_ICON_INTERFACE/U_CMD6_RD/U_RD_FIFO/SUBCORE_FIFO.xsdbm_v3_0_0_rdfifo_inst/inst_fifo_gen/gconvfifo.rf/grf.rf/gntv_or_sync_fifo.gcx.clkx/gnxpm_cdc.rd_pntr_gc_reg[1]/Q
                         net (fo=1, routed)           0.869     1.302    dbg_hub/inst/BSCANID.u_xsdbm_id/CORE_XSDB.UUT_MASTER/U_ICON_INTERFACE/U_CMD6_RD/U_RD_FIFO/SUBCORE_FIFO.xsdbm_v3_0_0_rdfifo_inst/inst_fifo_gen/gconvfifo.rf/grf.rf/gntv_or_sync_fifo.gcx.clkx/gnxpm_cdc.gsync_stage[1].wr_stg_inst/Q[1]
    SLICE_X78Y194        FDCE                                         r  dbg_hub/inst/BSCANID.u_xsdbm_id/CORE_XSDB.UUT_MASTER/U_ICON_INTERFACE/U_CMD6_RD/U_RD_FIFO/SUBCORE_FIFO.xsdbm_v3_0_0_rdfifo_inst/inst_fifo_gen/gconvfifo.rf/grf.rf/gntv_or_sync_fifo.gcx.clkx/gnxpm_cdc.gsync_stage[1].wr_stg_inst/Q_reg_reg[1]/D
  -------------------------------------------------------------------    -------------------

                         max delay                   33.000    33.000    
    SLICE_X78Y194        FDCE (Setup_fdce_C_D)       -0.079    32.921    dbg_hub/inst/BSCANID.u_xsdbm_id/CORE_XSDB.UUT_MASTER/U_ICON_INTERFACE/U_CMD6_RD/U_RD_FIFO/SUBCORE_FIFO.xsdbm_v3_0_0_rdfifo_inst/inst_fifo_gen/gconvfifo.rf/grf.rf/gntv_or_sync_fifo.gcx.clkx/gnxpm_cdc.gsync_stage[1].wr_stg_inst/Q_reg_reg[1]
  -------------------------------------------------------------------
                         required time                         32.921    
                         arrival time                          -1.302    
  -------------------------------------------------------------------
                         slack                                 31.619    





---------------------------------------------------------------------------------------------------
From Clock:  clk_pll_i
  To Clock:  ddr_clk

Setup :            0  Failing Endpoints,  Worst Slack       14.778ns,  Total Violation        0.000ns
Hold  :           NA  Failing Endpoints,  Worst Slack           NA  ,  Total Violation           NA
---------------------------------------------------------------------------------------------------


Max Delay Paths
--------------------------------------------------------------------------------------
Slack (MET) :             14.778ns  (required time - arrival time)
  Source:                 ddr3.u_axi_wrap_ddr/mig_axi/u_mig_axi_32_mig/u_ddr3_infrastructure/rstdiv0_sync_r1_reg_rep/C
                            (rising edge-triggered cell FDPE clocked by clk_pll_i  {rise@0.000ns fall@5.000ns period=10.000ns})
  Destination:            ddr3.u_axi_wrap_ddr/mig_axi/u_mig_axi_32_mig/temp_mon_enabled.u_tempmon/xadc_supplied_temperature.rst_r1_reg/D
                            (rising edge-triggered cell FDRE clocked by ddr_clk  {rise@0.000ns fall@2.500ns period=5.000ns})
  Path Group:             ddr_clk
  Path Type:              Setup (Max at Slow Process Corner)
  Requirement:            20.000ns  (MaxDelay Path 20.000ns)
  Data Path Delay:        5.141ns  (logic 0.379ns (7.372%)  route 4.762ns (92.628%))
  Logic Levels:           0  
  Timing Exception:       MaxDelay Path 20.000ns -datapath_only

    Location             Delay type                Incr(ns)  Path(ns)    Netlist Resource(s)
  -------------------------------------------------------------------    -------------------
    SLICE_X33Y244                                     0.000     0.000 r  ddr3.u_axi_wrap_ddr/mig_axi/u_mig_axi_32_mig/u_ddr3_infrastructure/rstdiv0_sync_r1_reg_rep/C
    SLICE_X33Y244        FDPE (Prop_fdpe_C_Q)         0.379     0.379 r  ddr3.u_axi_wrap_ddr/mig_axi/u_mig_axi_32_mig/u_ddr3_infrastructure/rstdiv0_sync_r1_reg_rep/Q
                         net (fo=32, routed)          4.762     5.141    ddr3.u_axi_wrap_ddr/mig_axi/u_mig_axi_32_mig/temp_mon_enabled.u_tempmon/in0
    SLICE_X38Y194        FDRE                                         r  ddr3.u_axi_wrap_ddr/mig_axi/u_mig_axi_32_mig/temp_mon_enabled.u_tempmon/xadc_supplied_temperature.rst_r1_reg/D
  -------------------------------------------------------------------    -------------------

                         max delay                   20.000    20.000    
    SLICE_X38Y194        FDRE (Setup_fdre_C_D)       -0.081    19.919    ddr3.u_axi_wrap_ddr/mig_axi/u_mig_axi_32_mig/temp_mon_enabled.u_tempmon/xadc_supplied_temperature.rst_r1_reg
  -------------------------------------------------------------------
                         required time                         19.919    
                         arrival time                          -5.141    
  -------------------------------------------------------------------
                         slack                                 14.778    





---------------------------------------------------------------------------------------------------
From Clock:  sync_pulse
  To Clock:  mem_refclk

Setup :            0  Failing Endpoints,  Worst Slack        0.978ns,  Total Violation        0.000ns
Hold  :           NA  Failing Endpoints,  Worst Slack           NA  ,  Total Violation           NA
---------------------------------------------------------------------------------------------------


Max Delay Paths
--------------------------------------------------------------------------------------
Slack (MET) :             0.978ns  (required time - arrival time)
  Source:                 ddr3.u_axi_wrap_ddr/mig_axi/u_mig_axi_32_mig/u_ddr3_infrastructure/plle2_i/CLKOUT2
                            (clock source 'sync_pulse'  {rise@1.094ns fall@3.594ns period=40.000ns})
  Destination:            ddr3.u_axi_wrap_ddr/mig_axi/u_mig_axi_32_mig/u_memc_ui_top_axi/mem_intfc0/ddr_phy_top0/u_ddr_mc_phy_wrapper/u_ddr_mc_phy/ddr_phy_4lanes_0.u_ddr_phy_4lanes/phy_control_i/SYNCIN
                            (rising edge-triggered cell PHY_CONTROL clocked by mem_refclk  {rise@0.000ns fall@1.250ns period=2.500ns})
  Path Group:             mem_refclk
  Path Type:              Setup (Max at Slow Process Corner)
  Requirement:            1.406ns  (mem_refclk rise@2.500ns - sync_pulse rise@1.094ns)
  Data Path Delay:        0.528ns  (logic 0.000ns (0.000%)  route 0.528ns (100.000%))
  Logic Levels:           0  
  Clock Path Skew:        0.501ns (DCD - SCD + CPR)
    Destination Clock Delay (DCD):    6.058ns = ( 8.558 - 2.500 ) 
    Source Clock Delay      (SCD):    5.872ns = ( 6.966 - 1.094 ) 
    Clock Pessimism Removal (CPR):    0.315ns
  Clock Uncertainty:      0.219ns  ((TSJ^2 + DJ^2)^1/2) / 2 + PE
    Total System Jitter     (TSJ):    0.071ns
    Discrete Jitter          (DJ):    0.186ns
    Phase Error              (PE):    0.120ns

    Location             Delay type                Incr(ns)  Path(ns)    Netlist Resource(s)
  -------------------------------------------------------------------    -------------------
                         (clock sync_pulse rise edge)
                                                      1.094     1.094 r  
    AC19                                              0.000     1.094 r  clk (IN)
                         net (fo=0)                   0.000     1.094    clk
    AC19                 IBUF (Prop_ibuf_I_O)         1.416     2.510 r  clk_IBUF_inst/O
                         net (fo=1, routed)           2.602     5.112    clk_IBUF
    BUFGCTRL_X0Y0        BUFG (Prop_bufg_I_O)         0.081     5.193 r  clk_IBUF_BUFG_inst/O
                         net (fo=2000, routed)        1.696     6.889    ddr3.u_axi_wrap_ddr/mig_axi/u_mig_axi_32_mig/u_ddr3_infrastructure/mmcm_clk
  -------------------------------------------------------------------    -------------------
    PLLE2_ADV_X0Y4       PLLE2_ADV (Prop_plle2_adv_CLKIN1_CLKOUT2)
                                                      0.077     6.966 r  ddr3.u_axi_wrap_ddr/mig_axi/u_mig_axi_32_mig/u_ddr3_infrastructure/plle2_i/CLKOUT2
                         net (fo=7, routed)           0.528     7.494    ddr3.u_axi_wrap_ddr/mig_axi/u_mig_axi_32_mig/u_memc_ui_top_axi/mem_intfc0/ddr_phy_top0/u_ddr_mc_phy_wrapper/u_ddr_mc_phy/ddr_phy_4lanes_0.u_ddr_phy_4lanes/sync_pulse
    PHY_CONTROL_X0Y4     PHY_CONTROL                                  r  ddr3.u_axi_wrap_ddr/mig_axi/u_mig_axi_32_mig/u_memc_ui_top_axi/mem_intfc0/ddr_phy_top0/u_ddr_mc_phy_wrapper/u_ddr_mc_phy/ddr_phy_4lanes_0.u_ddr_phy_4lanes/phy_control_i/SYNCIN
  -------------------------------------------------------------------    -------------------

                         (clock mem_refclk rise edge)
                                                      2.500     2.500 r  
    AC19                                              0.000     2.500 r  clk (IN)
                         net (fo=0)                   0.000     2.500    clk
    AC19                 IBUF (Prop_ibuf_I_O)         1.350     3.850 r  clk_IBUF_inst/O
                         net (fo=1, routed)           2.471     6.321    clk_IBUF
    BUFGCTRL_X0Y0        BUFG (Prop_bufg_I_O)         0.077     6.398 r  clk_IBUF_BUFG_inst/O
                         net (fo=2000, routed)        1.586     7.984    ddr3.u_axi_wrap_ddr/mig_axi/u_mig_axi_32_mig/u_ddr3_infrastructure/mmcm_clk
    PLLE2_ADV_X0Y4       PLLE2_ADV (Prop_plle2_adv_CLKIN1_CLKOUT1)
                                                      0.073     8.057 r  ddr3.u_axi_wrap_ddr/mig_axi/u_mig_axi_32_mig/u_ddr3_infrastructure/plle2_i/CLKOUT1
                         net (fo=7, routed)           0.501     8.558    ddr3.u_axi_wrap_ddr/mig_axi/u_mig_axi_32_mig/u_memc_ui_top_axi/mem_intfc0/ddr_phy_top0/u_ddr_mc_phy_wrapper/u_ddr_mc_phy/ddr_phy_4lanes_0.u_ddr_phy_4lanes/mem_refclk
    PHY_CONTROL_X0Y4     PHY_CONTROL                                  r  ddr3.u_axi_wrap_ddr/mig_axi/u_mig_axi_32_mig/u_memc_ui_top_axi/mem_intfc0/ddr_phy_top0/u_ddr_mc_phy_wrapper/u_ddr_mc_phy/ddr_phy_4lanes_0.u_ddr_phy_4lanes/phy_control_i/MEMREFCLK
                         clock pessimism              0.315     8.873    
                         clock uncertainty           -0.219     8.654    
    PHY_CONTROL_X0Y4     PHY_CONTROL (Setup_phy_control_MEMREFCLK_SYNCIN)
                                                     -0.182     8.472    ddr3.u_axi_wrap_ddr/mig_axi/u_mig_axi_32_mig/u_memc_ui_top_axi/mem_intfc0/ddr_phy_top0/u_ddr_mc_phy_wrapper/u_ddr_mc_phy/ddr_phy_4lanes_0.u_ddr_phy_4lanes/phy_control_i
  -------------------------------------------------------------------
                         required time                          8.472    
                         arrival time                          -7.494    
  -------------------------------------------------------------------
                         slack                                  0.978    





---------------------------------------------------------------------------------------------------
From Clock:  oserdes_clk
  To Clock:  oserdes_clkdiv

Setup :            0  Failing Endpoints,  Worst Slack        1.694ns,  Total Violation        0.000ns
Hold  :           NA  Failing Endpoints,  Worst Slack           NA  ,  Total Violation           NA
---------------------------------------------------------------------------------------------------


Max Delay Paths
--------------------------------------------------------------------------------------
Slack (MET) :             1.694ns  (required time - arrival time)
  Source:                 ddr3.u_axi_wrap_ddr/mig_axi/u_mig_axi_32_mig/u_memc_ui_top_axi/mem_intfc0/ddr_phy_top0/u_ddr_mc_phy_wrapper/u_ddr_mc_phy/ddr_phy_4lanes_0.u_ddr_phy_4lanes/ddr_byte_lane_A.ddr_byte_lane_A/phaser_out/OCLK
                            (rising edge-triggered cell PHASER_OUT_PHY clocked by oserdes_clk  {rise@0.000ns fall@1.250ns period=2.500ns})
  Destination:            ddr3.u_axi_wrap_ddr/mig_axi/u_mig_axi_32_mig/u_memc_ui_top_axi/mem_intfc0/ddr_phy_top0/u_ddr_mc_phy_wrapper/u_ddr_mc_phy/ddr_phy_4lanes_0.u_ddr_phy_4lanes/ddr_byte_lane_A.ddr_byte_lane_A/out_fifo/RDEN
                            (rising edge-triggered cell OUT_FIFO clocked by oserdes_clkdiv  {rise@0.000ns fall@2.500ns period=5.000ns})
  Path Group:             oserdes_clkdiv
  Path Type:              Setup (Max at Slow Process Corner)
  Requirement:            2.500ns  (oserdes_clkdiv rise@5.000ns - oserdes_clk rise@2.500ns)
  Data Path Delay:        0.301ns  (logic 0.301ns (100.000%)  route 0.000ns (0.000%))
  Logic Levels:           0  
  Clock Path Skew:        0.133ns (DCD - SCD + CPR)
    Destination Clock Delay (DCD):    8.213ns = ( 13.213 - 5.000 ) 
    Source Clock Delay      (SCD):    8.477ns = ( 10.977 - 2.500 ) 
    Clock Pessimism Removal (CPR):    0.398ns
  Clock Uncertainty:      0.065ns  ((TSJ^2 + DJ^2)^1/2) / 2 + PE
    Total System Jitter     (TSJ):    0.071ns
    Discrete Jitter          (DJ):    0.109ns
    Phase Error              (PE):    0.000ns

    Location             Delay type                Incr(ns)  Path(ns)    Netlist Resource(s)
  -------------------------------------------------------------------    -------------------
                         (clock oserdes_clk rise edge)
                                                      2.500     2.500 r  
    AC19                                              0.000     2.500 r  clk (IN)
                         net (fo=0)                   0.000     2.500    clk
    AC19                 IBUF (Prop_ibuf_I_O)         1.416     3.916 r  clk_IBUF_inst/O
                         net (fo=1, routed)           2.602     6.518    clk_IBUF
    BUFGCTRL_X0Y0        BUFG (Prop_bufg_I_O)         0.081     6.599 r  clk_IBUF_BUFG_inst/O
                         net (fo=2000, routed)        1.696     8.295    ddr3.u_axi_wrap_ddr/mig_axi/u_mig_axi_32_mig/u_ddr3_infrastructure/mmcm_clk
    PLLE2_ADV_X0Y4       PLLE2_ADV (Prop_plle2_adv_CLKIN1_CLKOUT1)
                                                      0.077     8.372 r  ddr3.u_axi_wrap_ddr/mig_axi/u_mig_axi_32_mig/u_ddr3_infrastructure/plle2_i/CLKOUT1
                         net (fo=7, routed)           0.522     8.894    ddr3.u_axi_wrap_ddr/mig_axi/u_mig_axi_32_mig/u_memc_ui_top_axi/mem_intfc0/ddr_phy_top0/u_ddr_mc_phy_wrapper/u_ddr_mc_phy/ddr_phy_4lanes_0.u_ddr_phy_4lanes/ddr_byte_lane_A.ddr_byte_lane_A/mem_refclk
    PHASER_OUT_PHY_X0Y16 PHASER_OUT_PHY (Prop_phaser_out_phy_MEMREFCLK_OCLK)
                                                      2.083    10.977 r  ddr3.u_axi_wrap_ddr/mig_axi/u_mig_axi_32_mig/u_memc_ui_top_axi/mem_intfc0/ddr_phy_top0/u_ddr_mc_phy_wrapper/u_ddr_mc_phy/ddr_phy_4lanes_0.u_ddr_phy_4lanes/ddr_byte_lane_A.ddr_byte_lane_A/phaser_out/OCLK
  -------------------------------------------------------------------    -------------------
    PHASER_OUT_PHY_X0Y16 PHASER_OUT_PHY (Prop_phaser_out_phy_OCLK_RDENABLE)
                                                      0.301    11.278 r  ddr3.u_axi_wrap_ddr/mig_axi/u_mig_axi_32_mig/u_memc_ui_top_axi/mem_intfc0/ddr_phy_top0/u_ddr_mc_phy_wrapper/u_ddr_mc_phy/ddr_phy_4lanes_0.u_ddr_phy_4lanes/ddr_byte_lane_A.ddr_byte_lane_A/phaser_out/RDENABLE
                         net (fo=1, routed)           0.000    11.278    ddr3.u_axi_wrap_ddr/mig_axi/u_mig_axi_32_mig/u_memc_ui_top_axi/mem_intfc0/ddr_phy_top0/u_ddr_mc_phy_wrapper/u_ddr_mc_phy/ddr_phy_4lanes_0.u_ddr_phy_4lanes/ddr_byte_lane_A.ddr_byte_lane_A/po_rd_enable
    OUT_FIFO_X0Y16       OUT_FIFO                                     r  ddr3.u_axi_wrap_ddr/mig_axi/u_mig_axi_32_mig/u_memc_ui_top_axi/mem_intfc0/ddr_phy_top0/u_ddr_mc_phy_wrapper/u_ddr_mc_phy/ddr_phy_4lanes_0.u_ddr_phy_4lanes/ddr_byte_lane_A.ddr_byte_lane_A/out_fifo/RDEN
  -------------------------------------------------------------------    -------------------

                         (clock oserdes_clkdiv rise edge)
                                                      5.000     5.000 r  
    AC19                                              0.000     5.000 r  clk (IN)
                         net (fo=0)                   0.000     5.000    clk
    AC19                 IBUF (Prop_ibuf_I_O)         1.350     6.350 r  clk_IBUF_inst/O
                         net (fo=1, routed)           2.471     8.821    clk_IBUF
    BUFGCTRL_X0Y0        BUFG (Prop_bufg_I_O)         0.077     8.898 r  clk_IBUF_BUFG_inst/O
                         net (fo=2000, routed)        1.586    10.484    ddr3.u_axi_wrap_ddr/mig_axi/u_mig_axi_32_mig/u_ddr3_infrastructure/mmcm_clk
    PLLE2_ADV_X0Y4       PLLE2_ADV (Prop_plle2_adv_CLKIN1_CLKOUT1)
                                                      0.073    10.557 r  ddr3.u_axi_wrap_ddr/mig_axi/u_mig_axi_32_mig/u_ddr3_infrastructure/plle2_i/CLKOUT1
                         net (fo=7, routed)           0.496    11.053    ddr3.u_axi_wrap_ddr/mig_axi/u_mig_axi_32_mig/u_memc_ui_top_axi/mem_intfc0/ddr_phy_top0/u_ddr_mc_phy_wrapper/u_ddr_mc_phy/ddr_phy_4lanes_0.u_ddr_phy_4lanes/ddr_byte_lane_A.ddr_byte_lane_A/mem_refclk
    PHASER_OUT_PHY_X0Y16 PHASER_OUT_PHY (Prop_phaser_out_phy_MEMREFCLK_OCLK)
                                                      2.027    13.080 r  ddr3.u_axi_wrap_ddr/mig_axi/u_mig_axi_32_mig/u_memc_ui_top_axi/mem_intfc0/ddr_phy_top0/u_ddr_mc_phy_wrapper/u_ddr_mc_phy/ddr_phy_4lanes_0.u_ddr_phy_4lanes/ddr_byte_lane_A.ddr_byte_lane_A/phaser_out/OCLK
    PHASER_OUT_PHY_X0Y16 PHASER_OUT_PHY (Prop_phaser_out_phy_OCLK_OCLKDIV)
                                                      0.133    13.213 r  ddr3.u_axi_wrap_ddr/mig_axi/u_mig_axi_32_mig/u_memc_ui_top_axi/mem_intfc0/ddr_phy_top0/u_ddr_mc_phy_wrapper/u_ddr_mc_phy/ddr_phy_4lanes_0.u_ddr_phy_4lanes/ddr_byte_lane_A.ddr_byte_lane_A/phaser_out/OCLKDIV
                         net (fo=11, routed)          0.000    13.213    ddr3.u_axi_wrap_ddr/mig_axi/u_mig_axi_32_mig/u_memc_ui_top_axi/mem_intfc0/ddr_phy_top0/u_ddr_mc_phy_wrapper/u_ddr_mc_phy/ddr_phy_4lanes_0.u_ddr_phy_4lanes/ddr_byte_lane_A.ddr_byte_lane_A/oserdes_clkdiv
    OUT_FIFO_X0Y16       OUT_FIFO                                     r  ddr3.u_axi_wrap_ddr/mig_axi/u_mig_axi_32_mig/u_memc_ui_top_axi/mem_intfc0/ddr_phy_top0/u_ddr_mc_phy_wrapper/u_ddr_mc_phy/ddr_phy_4lanes_0.u_ddr_phy_4lanes/ddr_byte_lane_A.ddr_byte_lane_A/out_fifo/RDCLK
                         clock pessimism              0.398    13.610    
                         clock uncertainty           -0.065    13.545    
    OUT_FIFO_X0Y16       OUT_FIFO (Setup_out_fifo_RDCLK_RDEN)
                                                     -0.573    12.972    ddr3.u_axi_wrap_ddr/mig_axi/u_mig_axi_32_mig/u_memc_ui_top_axi/mem_intfc0/ddr_phy_top0/u_ddr_mc_phy_wrapper/u_ddr_mc_phy/ddr_phy_4lanes_0.u_ddr_phy_4lanes/ddr_byte_lane_A.ddr_byte_lane_A/out_fifo
  -------------------------------------------------------------------
                         required time                         12.972    
                         arrival time                         -11.278    
  -------------------------------------------------------------------
                         slack                                  1.694    





---------------------------------------------------------------------------------------------------
From Clock:  oserdes_clk_1
  To Clock:  oserdes_clkdiv_1

Setup :            0  Failing Endpoints,  Worst Slack        1.694ns,  Total Violation        0.000ns
Hold  :           NA  Failing Endpoints,  Worst Slack           NA  ,  Total Violation           NA
---------------------------------------------------------------------------------------------------


Max Delay Paths
--------------------------------------------------------------------------------------
Slack (MET) :             1.694ns  (required time - arrival time)
  Source:                 ddr3.u_axi_wrap_ddr/mig_axi/u_mig_axi_32_mig/u_memc_ui_top_axi/mem_intfc0/ddr_phy_top0/u_ddr_mc_phy_wrapper/u_ddr_mc_phy/ddr_phy_4lanes_0.u_ddr_phy_4lanes/ddr_byte_lane_B.ddr_byte_lane_B/phaser_out/OCLK
                            (rising edge-triggered cell PHASER_OUT_PHY clocked by oserdes_clk_1  {rise@0.000ns fall@1.250ns period=2.500ns})
  Destination:            ddr3.u_axi_wrap_ddr/mig_axi/u_mig_axi_32_mig/u_memc_ui_top_axi/mem_intfc0/ddr_phy_top0/u_ddr_mc_phy_wrapper/u_ddr_mc_phy/ddr_phy_4lanes_0.u_ddr_phy_4lanes/ddr_byte_lane_B.ddr_byte_lane_B/out_fifo/RDEN
                            (rising edge-triggered cell OUT_FIFO clocked by oserdes_clkdiv_1  {rise@0.000ns fall@2.500ns period=5.000ns})
  Path Group:             oserdes_clkdiv_1
  Path Type:              Setup (Max at Slow Process Corner)
  Requirement:            2.500ns  (oserdes_clkdiv_1 rise@5.000ns - oserdes_clk_1 rise@2.500ns)
  Data Path Delay:        0.301ns  (logic 0.301ns (100.000%)  route 0.000ns (0.000%))
  Logic Levels:           0  
  Clock Path Skew:        0.133ns (DCD - SCD + CPR)
    Destination Clock Delay (DCD):    8.203ns = ( 13.203 - 5.000 ) 
    Source Clock Delay      (SCD):    8.466ns = ( 10.966 - 2.500 ) 
    Clock Pessimism Removal (CPR):    0.397ns
  Clock Uncertainty:      0.065ns  ((TSJ^2 + DJ^2)^1/2) / 2 + PE
    Total System Jitter     (TSJ):    0.071ns
    Discrete Jitter          (DJ):    0.109ns
    Phase Error              (PE):    0.000ns

    Location             Delay type                Incr(ns)  Path(ns)    Netlist Resource(s)
  -------------------------------------------------------------------    -------------------
                         (clock oserdes_clk_1 rise edge)
                                                      2.500     2.500 r  
    AC19                                              0.000     2.500 r  clk (IN)
                         net (fo=0)                   0.000     2.500    clk
    AC19                 IBUF (Prop_ibuf_I_O)         1.416     3.916 r  clk_IBUF_inst/O
                         net (fo=1, routed)           2.602     6.518    clk_IBUF
    BUFGCTRL_X0Y0        BUFG (Prop_bufg_I_O)         0.081     6.599 r  clk_IBUF_BUFG_inst/O
                         net (fo=2000, routed)        1.696     8.295    ddr3.u_axi_wrap_ddr/mig_axi/u_mig_axi_32_mig/u_ddr3_infrastructure/mmcm_clk
    PLLE2_ADV_X0Y4       PLLE2_ADV (Prop_plle2_adv_CLKIN1_CLKOUT1)
                                                      0.077     8.372 r  ddr3.u_axi_wrap_ddr/mig_axi/u_mig_axi_32_mig/u_ddr3_infrastructure/plle2_i/CLKOUT1
                         net (fo=7, routed)           0.511     8.883    ddr3.u_axi_wrap_ddr/mig_axi/u_mig_axi_32_mig/u_memc_ui_top_axi/mem_intfc0/ddr_phy_top0/u_ddr_mc_phy_wrapper/u_ddr_mc_phy/ddr_phy_4lanes_0.u_ddr_phy_4lanes/ddr_byte_lane_B.ddr_byte_lane_B/mem_refclk
    PHASER_OUT_PHY_X0Y17 PHASER_OUT_PHY (Prop_phaser_out_phy_MEMREFCLK_OCLK)
                                                      2.083    10.966 r  ddr3.u_axi_wrap_ddr/mig_axi/u_mig_axi_32_mig/u_memc_ui_top_axi/mem_intfc0/ddr_phy_top0/u_ddr_mc_phy_wrapper/u_ddr_mc_phy/ddr_phy_4lanes_0.u_ddr_phy_4lanes/ddr_byte_lane_B.ddr_byte_lane_B/phaser_out/OCLK
  -------------------------------------------------------------------    -------------------
    PHASER_OUT_PHY_X0Y17 PHASER_OUT_PHY (Prop_phaser_out_phy_OCLK_RDENABLE)
                                                      0.301    11.267 r  ddr3.u_axi_wrap_ddr/mig_axi/u_mig_axi_32_mig/u_memc_ui_top_axi/mem_intfc0/ddr_phy_top0/u_ddr_mc_phy_wrapper/u_ddr_mc_phy/ddr_phy_4lanes_0.u_ddr_phy_4lanes/ddr_byte_lane_B.ddr_byte_lane_B/phaser_out/RDENABLE
                         net (fo=1, routed)           0.000    11.267    ddr3.u_axi_wrap_ddr/mig_axi/u_mig_axi_32_mig/u_memc_ui_top_axi/mem_intfc0/ddr_phy_top0/u_ddr_mc_phy_wrapper/u_ddr_mc_phy/ddr_phy_4lanes_0.u_ddr_phy_4lanes/ddr_byte_lane_B.ddr_byte_lane_B/po_rd_enable
    OUT_FIFO_X0Y17       OUT_FIFO                                     r  ddr3.u_axi_wrap_ddr/mig_axi/u_mig_axi_32_mig/u_memc_ui_top_axi/mem_intfc0/ddr_phy_top0/u_ddr_mc_phy_wrapper/u_ddr_mc_phy/ddr_phy_4lanes_0.u_ddr_phy_4lanes/ddr_byte_lane_B.ddr_byte_lane_B/out_fifo/RDEN
  -------------------------------------------------------------------    -------------------

                         (clock oserdes_clkdiv_1 rise edge)
                                                      5.000     5.000 r  
    AC19                                              0.000     5.000 r  clk (IN)
                         net (fo=0)                   0.000     5.000    clk
    AC19                 IBUF (Prop_ibuf_I_O)         1.350     6.350 r  clk_IBUF_inst/O
                         net (fo=1, routed)           2.471     8.821    clk_IBUF
    BUFGCTRL_X0Y0        BUFG (Prop_bufg_I_O)         0.077     8.898 r  clk_IBUF_BUFG_inst/O
                         net (fo=2000, routed)        1.586    10.484    ddr3.u_axi_wrap_ddr/mig_axi/u_mig_axi_32_mig/u_ddr3_infrastructure/mmcm_clk
    PLLE2_ADV_X0Y4       PLLE2_ADV (Prop_plle2_adv_CLKIN1_CLKOUT1)
                                                      0.073    10.557 r  ddr3.u_axi_wrap_ddr/mig_axi/u_mig_axi_32_mig/u_ddr3_infrastructure/plle2_i/CLKOUT1
                         net (fo=7, routed)           0.486    11.043    ddr3.u_axi_wrap_ddr/mig_axi/u_mig_axi_32_mig/u_memc_ui_top_axi/mem_intfc0/ddr_phy_top0/u_ddr_mc_phy_wrapper/u_ddr_mc_phy/ddr_phy_4lanes_0.u_ddr_phy_4lanes/ddr_byte_lane_B.ddr_byte_lane_B/mem_refclk
    PHASER_OUT_PHY_X0Y17 PHASER_OUT_PHY (Prop_phaser_out_phy_MEMREFCLK_OCLK)
                                                      2.027    13.070 r  ddr3.u_axi_wrap_ddr/mig_axi/u_mig_axi_32_mig/u_memc_ui_top_axi/mem_intfc0/ddr_phy_top0/u_ddr_mc_phy_wrapper/u_ddr_mc_phy/ddr_phy_4lanes_0.u_ddr_phy_4lanes/ddr_byte_lane_B.ddr_byte_lane_B/phaser_out/OCLK
    PHASER_OUT_PHY_X0Y17 PHASER_OUT_PHY (Prop_phaser_out_phy_OCLK_OCLKDIV)
                                                      0.133    13.203 r  ddr3.u_axi_wrap_ddr/mig_axi/u_mig_axi_32_mig/u_memc_ui_top_axi/mem_intfc0/ddr_phy_top0/u_ddr_mc_phy_wrapper/u_ddr_mc_phy/ddr_phy_4lanes_0.u_ddr_phy_4lanes/ddr_byte_lane_B.ddr_byte_lane_B/phaser_out/OCLKDIV
                         net (fo=11, routed)          0.000    13.203    ddr3.u_axi_wrap_ddr/mig_axi/u_mig_axi_32_mig/u_memc_ui_top_axi/mem_intfc0/ddr_phy_top0/u_ddr_mc_phy_wrapper/u_ddr_mc_phy/ddr_phy_4lanes_0.u_ddr_phy_4lanes/ddr_byte_lane_B.ddr_byte_lane_B/oserdes_clkdiv
    OUT_FIFO_X0Y17       OUT_FIFO                                     r  ddr3.u_axi_wrap_ddr/mig_axi/u_mig_axi_32_mig/u_memc_ui_top_axi/mem_intfc0/ddr_phy_top0/u_ddr_mc_phy_wrapper/u_ddr_mc_phy/ddr_phy_4lanes_0.u_ddr_phy_4lanes/ddr_byte_lane_B.ddr_byte_lane_B/out_fifo/RDCLK
                         clock pessimism              0.397    13.599    
                         clock uncertainty           -0.065    13.534    
    OUT_FIFO_X0Y17       OUT_FIFO (Setup_out_fifo_RDCLK_RDEN)
                                                     -0.573    12.961    ddr3.u_axi_wrap_ddr/mig_axi/u_mig_axi_32_mig/u_memc_ui_top_axi/mem_intfc0/ddr_phy_top0/u_ddr_mc_phy_wrapper/u_ddr_mc_phy/ddr_phy_4lanes_0.u_ddr_phy_4lanes/ddr_byte_lane_B.ddr_byte_lane_B/out_fifo
  -------------------------------------------------------------------
                         required time                         12.961    
                         arrival time                         -11.267    
  -------------------------------------------------------------------
                         slack                                  1.694    





---------------------------------------------------------------------------------------------------
From Clock:  oserdes_clk_2
  To Clock:  oserdes_clkdiv_2

Setup :            0  Failing Endpoints,  Worst Slack        1.694ns,  Total Violation        0.000ns
Hold  :           NA  Failing Endpoints,  Worst Slack           NA  ,  Total Violation           NA
---------------------------------------------------------------------------------------------------


Max Delay Paths
--------------------------------------------------------------------------------------
Slack (MET) :             1.694ns  (required time - arrival time)
  Source:                 ddr3.u_axi_wrap_ddr/mig_axi/u_mig_axi_32_mig/u_memc_ui_top_axi/mem_intfc0/ddr_phy_top0/u_ddr_mc_phy_wrapper/u_ddr_mc_phy/ddr_phy_4lanes_0.u_ddr_phy_4lanes/ddr_byte_lane_C.ddr_byte_lane_C/phaser_out/OCLK
                            (rising edge-triggered cell PHASER_OUT_PHY clocked by oserdes_clk_2  {rise@0.000ns fall@1.250ns period=2.500ns})
  Destination:            ddr3.u_axi_wrap_ddr/mig_axi/u_mig_axi_32_mig/u_memc_ui_top_axi/mem_intfc0/ddr_phy_top0/u_ddr_mc_phy_wrapper/u_ddr_mc_phy/ddr_phy_4lanes_0.u_ddr_phy_4lanes/ddr_byte_lane_C.ddr_byte_lane_C/out_fifo/RDEN
                            (rising edge-triggered cell OUT_FIFO clocked by oserdes_clkdiv_2  {rise@0.000ns fall@5.000ns period=10.000ns})
  Path Group:             oserdes_clkdiv_2
  Path Type:              Setup (Max at Slow Process Corner)
  Requirement:            2.500ns  (oserdes_clkdiv_2 rise@10.000ns - oserdes_clk_2 rise@7.500ns)
  Data Path Delay:        0.301ns  (logic 0.301ns (100.000%)  route 0.000ns (0.000%))
  Logic Levels:           0  
  Clock Path Skew:        0.133ns (DCD - SCD + CPR)
    Destination Clock Delay (DCD):    8.213ns = ( 18.213 - 10.000 ) 
    Source Clock Delay      (SCD):    8.477ns = ( 15.977 - 7.500 ) 
    Clock Pessimism Removal (CPR):    0.398ns
  Clock Uncertainty:      0.065ns  ((TSJ^2 + DJ^2)^1/2) / 2 + PE
    Total System Jitter     (TSJ):    0.071ns
    Discrete Jitter          (DJ):    0.109ns
    Phase Error              (PE):    0.000ns

    Location             Delay type                Incr(ns)  Path(ns)    Netlist Resource(s)
  -------------------------------------------------------------------    -------------------
                         (clock oserdes_clk_2 rise edge)
                                                      7.500     7.500 r  
    AC19                                              0.000     7.500 r  clk (IN)
                         net (fo=0)                   0.000     7.500    clk
    AC19                 IBUF (Prop_ibuf_I_O)         1.416     8.916 r  clk_IBUF_inst/O
                         net (fo=1, routed)           2.602    11.518    clk_IBUF
    BUFGCTRL_X0Y0        BUFG (Prop_bufg_I_O)         0.081    11.599 r  clk_IBUF_BUFG_inst/O
                         net (fo=2000, routed)        1.696    13.295    ddr3.u_axi_wrap_ddr/mig_axi/u_mig_axi_32_mig/u_ddr3_infrastructure/mmcm_clk
    PLLE2_ADV_X0Y4       PLLE2_ADV (Prop_plle2_adv_CLKIN1_CLKOUT1)
                                                      0.077    13.372 r  ddr3.u_axi_wrap_ddr/mig_axi/u_mig_axi_32_mig/u_ddr3_infrastructure/plle2_i/CLKOUT1
                         net (fo=7, routed)           0.522    13.894    ddr3.u_axi_wrap_ddr/mig_axi/u_mig_axi_32_mig/u_memc_ui_top_axi/mem_intfc0/ddr_phy_top0/u_ddr_mc_phy_wrapper/u_ddr_mc_phy/ddr_phy_4lanes_0.u_ddr_phy_4lanes/ddr_byte_lane_C.ddr_byte_lane_C/mem_refclk
    PHASER_OUT_PHY_X0Y18 PHASER_OUT_PHY (Prop_phaser_out_phy_MEMREFCLK_OCLK)
                                                      2.083    15.977 r  ddr3.u_axi_wrap_ddr/mig_axi/u_mig_axi_32_mig/u_memc_ui_top_axi/mem_intfc0/ddr_phy_top0/u_ddr_mc_phy_wrapper/u_ddr_mc_phy/ddr_phy_4lanes_0.u_ddr_phy_4lanes/ddr_byte_lane_C.ddr_byte_lane_C/phaser_out/OCLK
  -------------------------------------------------------------------    -------------------
    PHASER_OUT_PHY_X0Y18 PHASER_OUT_PHY (Prop_phaser_out_phy_OCLK_RDENABLE)
                                                      0.301    16.278 r  ddr3.u_axi_wrap_ddr/mig_axi/u_mig_axi_32_mig/u_memc_ui_top_axi/mem_intfc0/ddr_phy_top0/u_ddr_mc_phy_wrapper/u_ddr_mc_phy/ddr_phy_4lanes_0.u_ddr_phy_4lanes/ddr_byte_lane_C.ddr_byte_lane_C/phaser_out/RDENABLE
                         net (fo=1, routed)           0.000    16.278    ddr3.u_axi_wrap_ddr/mig_axi/u_mig_axi_32_mig/u_memc_ui_top_axi/mem_intfc0/ddr_phy_top0/u_ddr_mc_phy_wrapper/u_ddr_mc_phy/ddr_phy_4lanes_0.u_ddr_phy_4lanes/ddr_byte_lane_C.ddr_byte_lane_C/po_rd_enable
    OUT_FIFO_X0Y18       OUT_FIFO                                     r  ddr3.u_axi_wrap_ddr/mig_axi/u_mig_axi_32_mig/u_memc_ui_top_axi/mem_intfc0/ddr_phy_top0/u_ddr_mc_phy_wrapper/u_ddr_mc_phy/ddr_phy_4lanes_0.u_ddr_phy_4lanes/ddr_byte_lane_C.ddr_byte_lane_C/out_fifo/RDEN
  -------------------------------------------------------------------    -------------------

                         (clock oserdes_clkdiv_2 rise edge)
                                                     10.000    10.000 r  
    AC19                                              0.000    10.000 r  clk (IN)
                         net (fo=0)                   0.000    10.000    clk
    AC19                 IBUF (Prop_ibuf_I_O)         1.350    11.350 r  clk_IBUF_inst/O
                         net (fo=1, routed)           2.471    13.821    clk_IBUF
    BUFGCTRL_X0Y0        BUFG (Prop_bufg_I_O)         0.077    13.898 r  clk_IBUF_BUFG_inst/O
                         net (fo=2000, routed)        1.586    15.484    ddr3.u_axi_wrap_ddr/mig_axi/u_mig_axi_32_mig/u_ddr3_infrastructure/mmcm_clk
    PLLE2_ADV_X0Y4       PLLE2_ADV (Prop_plle2_adv_CLKIN1_CLKOUT1)
                                                      0.073    15.557 r  ddr3.u_axi_wrap_ddr/mig_axi/u_mig_axi_32_mig/u_ddr3_infrastructure/plle2_i/CLKOUT1
                         net (fo=7, routed)           0.496    16.053    ddr3.u_axi_wrap_ddr/mig_axi/u_mig_axi_32_mig/u_memc_ui_top_axi/mem_intfc0/ddr_phy_top0/u_ddr_mc_phy_wrapper/u_ddr_mc_phy/ddr_phy_4lanes_0.u_ddr_phy_4lanes/ddr_byte_lane_C.ddr_byte_lane_C/mem_refclk
    PHASER_OUT_PHY_X0Y18 PHASER_OUT_PHY (Prop_phaser_out_phy_MEMREFCLK_OCLK)
                                                      2.027    18.080 r  ddr3.u_axi_wrap_ddr/mig_axi/u_mig_axi_32_mig/u_memc_ui_top_axi/mem_intfc0/ddr_phy_top0/u_ddr_mc_phy_wrapper/u_ddr_mc_phy/ddr_phy_4lanes_0.u_ddr_phy_4lanes/ddr_byte_lane_C.ddr_byte_lane_C/phaser_out/OCLK
    PHASER_OUT_PHY_X0Y18 PHASER_OUT_PHY (Prop_phaser_out_phy_OCLK_OCLKDIV)
                                                      0.133    18.213 r  ddr3.u_axi_wrap_ddr/mig_axi/u_mig_axi_32_mig/u_memc_ui_top_axi/mem_intfc0/ddr_phy_top0/u_ddr_mc_phy_wrapper/u_ddr_mc_phy/ddr_phy_4lanes_0.u_ddr_phy_4lanes/ddr_byte_lane_C.ddr_byte_lane_C/phaser_out/OCLKDIV
                         net (fo=10, routed)          0.000    18.213    ddr3.u_axi_wrap_ddr/mig_axi/u_mig_axi_32_mig/u_memc_ui_top_axi/mem_intfc0/ddr_phy_top0/u_ddr_mc_phy_wrapper/u_ddr_mc_phy/ddr_phy_4lanes_0.u_ddr_phy_4lanes/ddr_byte_lane_C.ddr_byte_lane_C/oserdes_clkdiv
    OUT_FIFO_X0Y18       OUT_FIFO                                     r  ddr3.u_axi_wrap_ddr/mig_axi/u_mig_axi_32_mig/u_memc_ui_top_axi/mem_intfc0/ddr_phy_top0/u_ddr_mc_phy_wrapper/u_ddr_mc_phy/ddr_phy_4lanes_0.u_ddr_phy_4lanes/ddr_byte_lane_C.ddr_byte_lane_C/out_fifo/RDCLK
                         clock pessimism              0.398    18.610    
                         clock uncertainty           -0.065    18.545    
    OUT_FIFO_X0Y18       OUT_FIFO (Setup_out_fifo_RDCLK_RDEN)
                                                     -0.573    17.972    ddr3.u_axi_wrap_ddr/mig_axi/u_mig_axi_32_mig/u_memc_ui_top_axi/mem_intfc0/ddr_phy_top0/u_ddr_mc_phy_wrapper/u_ddr_mc_phy/ddr_phy_4lanes_0.u_ddr_phy_4lanes/ddr_byte_lane_C.ddr_byte_lane_C/out_fifo
  -------------------------------------------------------------------
                         required time                         17.972    
                         arrival time                         -16.278    
  -------------------------------------------------------------------
                         slack                                  1.694    





---------------------------------------------------------------------------------------------------
From Clock:  oserdes_clk_3
  To Clock:  oserdes_clkdiv_3

Setup :            0  Failing Endpoints,  Worst Slack        1.694ns,  Total Violation        0.000ns
Hold  :           NA  Failing Endpoints,  Worst Slack           NA  ,  Total Violation           NA
---------------------------------------------------------------------------------------------------


Max Delay Paths
--------------------------------------------------------------------------------------
Slack (MET) :             1.694ns  (required time - arrival time)
  Source:                 ddr3.u_axi_wrap_ddr/mig_axi/u_mig_axi_32_mig/u_memc_ui_top_axi/mem_intfc0/ddr_phy_top0/u_ddr_mc_phy_wrapper/u_ddr_mc_phy/ddr_phy_4lanes_0.u_ddr_phy_4lanes/ddr_byte_lane_D.ddr_byte_lane_D/phaser_out/OCLK
                            (rising edge-triggered cell PHASER_OUT_PHY clocked by oserdes_clk_3  {rise@0.000ns fall@1.250ns period=2.500ns})
  Destination:            ddr3.u_axi_wrap_ddr/mig_axi/u_mig_axi_32_mig/u_memc_ui_top_axi/mem_intfc0/ddr_phy_top0/u_ddr_mc_phy_wrapper/u_ddr_mc_phy/ddr_phy_4lanes_0.u_ddr_phy_4lanes/ddr_byte_lane_D.ddr_byte_lane_D/out_fifo/RDEN
                            (rising edge-triggered cell OUT_FIFO clocked by oserdes_clkdiv_3  {rise@0.000ns fall@5.000ns period=10.000ns})
  Path Group:             oserdes_clkdiv_3
  Path Type:              Setup (Max at Slow Process Corner)
  Requirement:            2.500ns  (oserdes_clkdiv_3 rise@10.000ns - oserdes_clk_3 rise@7.500ns)
  Data Path Delay:        0.301ns  (logic 0.301ns (100.000%)  route 0.000ns (0.000%))
  Logic Levels:           0  
  Clock Path Skew:        0.133ns (DCD - SCD + CPR)
    Destination Clock Delay (DCD):    8.203ns = ( 18.203 - 10.000 ) 
    Source Clock Delay      (SCD):    8.466ns = ( 15.966 - 7.500 ) 
    Clock Pessimism Removal (CPR):    0.397ns
  Clock Uncertainty:      0.065ns  ((TSJ^2 + DJ^2)^1/2) / 2 + PE
    Total System Jitter     (TSJ):    0.071ns
    Discrete Jitter          (DJ):    0.109ns
    Phase Error              (PE):    0.000ns

    Location             Delay type                Incr(ns)  Path(ns)    Netlist Resource(s)
  -------------------------------------------------------------------    -------------------
                         (clock oserdes_clk_3 rise edge)
                                                      7.500     7.500 r  
    AC19                                              0.000     7.500 r  clk (IN)
                         net (fo=0)                   0.000     7.500    clk
    AC19                 IBUF (Prop_ibuf_I_O)         1.416     8.916 r  clk_IBUF_inst/O
                         net (fo=1, routed)           2.602    11.518    clk_IBUF
    BUFGCTRL_X0Y0        BUFG (Prop_bufg_I_O)         0.081    11.599 r  clk_IBUF_BUFG_inst/O
                         net (fo=2000, routed)        1.696    13.295    ddr3.u_axi_wrap_ddr/mig_axi/u_mig_axi_32_mig/u_ddr3_infrastructure/mmcm_clk
    PLLE2_ADV_X0Y4       PLLE2_ADV (Prop_plle2_adv_CLKIN1_CLKOUT1)
                                                      0.077    13.372 r  ddr3.u_axi_wrap_ddr/mig_axi/u_mig_axi_32_mig/u_ddr3_infrastructure/plle2_i/CLKOUT1
                         net (fo=7, routed)           0.511    13.883    ddr3.u_axi_wrap_ddr/mig_axi/u_mig_axi_32_mig/u_memc_ui_top_axi/mem_intfc0/ddr_phy_top0/u_ddr_mc_phy_wrapper/u_ddr_mc_phy/ddr_phy_4lanes_0.u_ddr_phy_4lanes/ddr_byte_lane_D.ddr_byte_lane_D/mem_refclk
    PHASER_OUT_PHY_X0Y19 PHASER_OUT_PHY (Prop_phaser_out_phy_MEMREFCLK_OCLK)
                                                      2.083    15.966 r  ddr3.u_axi_wrap_ddr/mig_axi/u_mig_axi_32_mig/u_memc_ui_top_axi/mem_intfc0/ddr_phy_top0/u_ddr_mc_phy_wrapper/u_ddr_mc_phy/ddr_phy_4lanes_0.u_ddr_phy_4lanes/ddr_byte_lane_D.ddr_byte_lane_D/phaser_out/OCLK
  -------------------------------------------------------------------    -------------------
    PHASER_OUT_PHY_X0Y19 PHASER_OUT_PHY (Prop_phaser_out_phy_OCLK_RDENABLE)
                                                      0.301    16.267 r  ddr3.u_axi_wrap_ddr/mig_axi/u_mig_axi_32_mig/u_memc_ui_top_axi/mem_intfc0/ddr_phy_top0/u_ddr_mc_phy_wrapper/u_ddr_mc_phy/ddr_phy_4lanes_0.u_ddr_phy_4lanes/ddr_byte_lane_D.ddr_byte_lane_D/phaser_out/RDENABLE
                         net (fo=1, routed)           0.000    16.267    ddr3.u_axi_wrap_ddr/mig_axi/u_mig_axi_32_mig/u_memc_ui_top_axi/mem_intfc0/ddr_phy_top0/u_ddr_mc_phy_wrapper/u_ddr_mc_phy/ddr_phy_4lanes_0.u_ddr_phy_4lanes/ddr_byte_lane_D.ddr_byte_lane_D/po_rd_enable
    OUT_FIFO_X0Y19       OUT_FIFO                                     r  ddr3.u_axi_wrap_ddr/mig_axi/u_mig_axi_32_mig/u_memc_ui_top_axi/mem_intfc0/ddr_phy_top0/u_ddr_mc_phy_wrapper/u_ddr_mc_phy/ddr_phy_4lanes_0.u_ddr_phy_4lanes/ddr_byte_lane_D.ddr_byte_lane_D/out_fifo/RDEN
  -------------------------------------------------------------------    -------------------

                         (clock oserdes_clkdiv_3 rise edge)
                                                     10.000    10.000 r  
    AC19                                              0.000    10.000 r  clk (IN)
                         net (fo=0)                   0.000    10.000    clk
    AC19                 IBUF (Prop_ibuf_I_O)         1.350    11.350 r  clk_IBUF_inst/O
                         net (fo=1, routed)           2.471    13.821    clk_IBUF
    BUFGCTRL_X0Y0        BUFG (Prop_bufg_I_O)         0.077    13.898 r  clk_IBUF_BUFG_inst/O
                         net (fo=2000, routed)        1.586    15.484    ddr3.u_axi_wrap_ddr/mig_axi/u_mig_axi_32_mig/u_ddr3_infrastructure/mmcm_clk
    PLLE2_ADV_X0Y4       PLLE2_ADV (Prop_plle2_adv_CLKIN1_CLKOUT1)
                                                      0.073    15.557 r  ddr3.u_axi_wrap_ddr/mig_axi/u_mig_axi_32_mig/u_ddr3_infrastructure/plle2_i/CLKOUT1
                         net (fo=7, routed)           0.486    16.043    ddr3.u_axi_wrap_ddr/mig_axi/u_mig_axi_32_mig/u_memc_ui_top_axi/mem_intfc0/ddr_phy_top0/u_ddr_mc_phy_wrapper/u_ddr_mc_phy/ddr_phy_4lanes_0.u_ddr_phy_4lanes/ddr_byte_lane_D.ddr_byte_lane_D/mem_refclk
    PHASER_OUT_PHY_X0Y19 PHASER_OUT_PHY (Prop_phaser_out_phy_MEMREFCLK_OCLK)
                                                      2.027    18.070 r  ddr3.u_axi_wrap_ddr/mig_axi/u_mig_axi_32_mig/u_memc_ui_top_axi/mem_intfc0/ddr_phy_top0/u_ddr_mc_phy_wrapper/u_ddr_mc_phy/ddr_phy_4lanes_0.u_ddr_phy_4lanes/ddr_byte_lane_D.ddr_byte_lane_D/phaser_out/OCLK
    PHASER_OUT_PHY_X0Y19 PHASER_OUT_PHY (Prop_phaser_out_phy_OCLK_OCLKDIV)
                                                      0.133    18.203 r  ddr3.u_axi_wrap_ddr/mig_axi/u_mig_axi_32_mig/u_memc_ui_top_axi/mem_intfc0/ddr_phy_top0/u_ddr_mc_phy_wrapper/u_ddr_mc_phy/ddr_phy_4lanes_0.u_ddr_phy_4lanes/ddr_byte_lane_D.ddr_byte_lane_D/phaser_out/OCLKDIV
                         net (fo=13, routed)          0.000    18.203    ddr3.u_axi_wrap_ddr/mig_axi/u_mig_axi_32_mig/u_memc_ui_top_axi/mem_intfc0/ddr_phy_top0/u_ddr_mc_phy_wrapper/u_ddr_mc_phy/ddr_phy_4lanes_0.u_ddr_phy_4lanes/ddr_byte_lane_D.ddr_byte_lane_D/oserdes_clkdiv
    OUT_FIFO_X0Y19       OUT_FIFO                                     r  ddr3.u_axi_wrap_ddr/mig_axi/u_mig_axi_32_mig/u_memc_ui_top_axi/mem_intfc0/ddr_phy_top0/u_ddr_mc_phy_wrapper/u_ddr_mc_phy/ddr_phy_4lanes_0.u_ddr_phy_4lanes/ddr_byte_lane_D.ddr_byte_lane_D/out_fifo/RDCLK
                         clock pessimism              0.397    18.599    
                         clock uncertainty           -0.065    18.534    
    OUT_FIFO_X0Y19       OUT_FIFO (Setup_out_fifo_RDCLK_RDEN)
                                                     -0.573    17.961    ddr3.u_axi_wrap_ddr/mig_axi/u_mig_axi_32_mig/u_memc_ui_top_axi/mem_intfc0/ddr_phy_top0/u_ddr_mc_phy_wrapper/u_ddr_mc_phy/ddr_phy_4lanes_0.u_ddr_phy_4lanes/ddr_byte_lane_D.ddr_byte_lane_D/out_fifo
  -------------------------------------------------------------------
                         required time                         17.961    
                         arrival time                         -16.267    
  -------------------------------------------------------------------
                         slack                                  1.694    





---------------------------------------------------------------------------------------------------
From Clock:  ddr_clk
  To Clock:  clk_pll_i

Setup :            0  Failing Endpoints,  Worst Slack       17.303ns,  Total Violation        0.000ns
Hold  :           NA  Failing Endpoints,  Worst Slack           NA  ,  Total Violation           NA
---------------------------------------------------------------------------------------------------


Max Delay Paths
--------------------------------------------------------------------------------------
Slack (MET) :             17.303ns  (required time - arrival time)
  Source:                 ddr3.u_axi_wrap_ddr/mig_axi/u_mig_axi_32_mig/temp_mon_enabled.u_tempmon/xadc_supplied_temperature.temperature_reg[11]/C
                            (rising edge-triggered cell FDRE clocked by ddr_clk  {rise@0.000ns fall@2.500ns period=5.000ns})
  Destination:            ddr3.u_axi_wrap_ddr/mig_axi/u_mig_axi_32_mig/temp_mon_enabled.u_tempmon/device_temp_sync_r1_reg[11]/D
                            (rising edge-triggered cell FDRE clocked by clk_pll_i  {rise@0.000ns fall@5.000ns period=10.000ns})
  Path Group:             clk_pll_i
  Path Type:              Setup (Max at Slow Process Corner)
  Requirement:            20.000ns  (MaxDelay Path 20.000ns)
  Data Path Delay:        4.552ns  (logic 0.379ns (8.326%)  route 4.173ns (91.674%))
  Logic Levels:           0  
  Clock Path Skew:        2.148ns (DCD - SCD + CPR)
    Destination Clock Delay (DCD):    7.516ns
    Source Clock Delay      (SCD):    5.569ns
    Clock Pessimism Removal (CPR):    0.201ns
  Clock Uncertainty:      0.261ns  ((TSJ^2 + DJ^2)^1/2) / 2 + PE
    Total System Jitter     (TSJ):    0.071ns
    Discrete Jitter          (DJ):    0.209ns
    Phase Error              (PE):    0.151ns
  Timing Exception:       MaxDelay Path 20.000ns

    Location             Delay type                Incr(ns)  Path(ns)    Netlist Resource(s)
  -------------------------------------------------------------------    -------------------
                         (clock ddr_clk rise edge)    0.000     0.000 r  
    AC19                                              0.000     0.000 r  clk (IN)
                         net (fo=0)                   0.000     0.000    clk
    AC19                 IBUF (Prop_ibuf_I_O)         1.416     1.416 r  clk_IBUF_inst/O
                         net (fo=1, routed)           2.602     4.018    clk_IBUF
    BUFGCTRL_X0Y0        BUFG (Prop_bufg_I_O)         0.081     4.099 r  clk_IBUF_BUFG_inst/O
                         net (fo=2000, routed)        1.823     5.922    fpga_pll.u_clk_pll_ddr/inst/clk_in1
    PLLE2_ADV_X1Y0       PLLE2_ADV (Prop_plle2_adv_CLKIN1_CLKOUT0)
                                                     -4.192     1.730 r  fpga_pll.u_clk_pll_ddr/inst/plle2_adv_inst/CLKOUT0
                         net (fo=1, routed)           2.288     4.018    fpga_pll.u_clk_pll_ddr/inst/ddr_clk_clk_pll_ddr
    BUFGCTRL_X0Y1        BUFG (Prop_bufg_I_O)         0.081     4.099 r  fpga_pll.u_clk_pll_ddr/inst/clkout1_buf/O
                         net (fo=62, routed)          1.470     5.569    ddr3.u_axi_wrap_ddr/mig_axi/u_mig_axi_32_mig/temp_mon_enabled.u_tempmon/clk_ref_i
    SLICE_X37Y188        FDRE                                         r  ddr3.u_axi_wrap_ddr/mig_axi/u_mig_axi_32_mig/temp_mon_enabled.u_tempmon/xadc_supplied_temperature.temperature_reg[11]/C
  -------------------------------------------------------------------    -------------------
    SLICE_X37Y188        FDRE (Prop_fdre_C_Q)         0.379     5.948 r  ddr3.u_axi_wrap_ddr/mig_axi/u_mig_axi_32_mig/temp_mon_enabled.u_tempmon/xadc_supplied_temperature.temperature_reg[11]/Q
                         net (fo=1, routed)           4.173    10.121    ddr3.u_axi_wrap_ddr/mig_axi/u_mig_axi_32_mig/temp_mon_enabled.u_tempmon/device_temp_lcl[11]
    SLICE_X21Y186        FDRE                                         r  ddr3.u_axi_wrap_ddr/mig_axi/u_mig_axi_32_mig/temp_mon_enabled.u_tempmon/device_temp_sync_r1_reg[11]/D
  -------------------------------------------------------------------    -------------------

                         max delay                   20.000    20.000    
    AC19                                              0.000    20.000 r  clk (IN)
                         net (fo=0)                   0.000    20.000    clk
    AC19                 IBUF (Prop_ibuf_I_O)         1.350    21.350 r  clk_IBUF_inst/O
                         net (fo=1, routed)           2.471    23.821    clk_IBUF
    BUFGCTRL_X0Y0        BUFG (Prop_bufg_I_O)         0.077    23.898 r  clk_IBUF_BUFG_inst/O
                         net (fo=2000, routed)        1.586    25.484    ddr3.u_axi_wrap_ddr/mig_axi/u_mig_axi_32_mig/u_ddr3_infrastructure/mmcm_clk
    PLLE2_ADV_X0Y4       PLLE2_ADV (Prop_plle2_adv_CLKIN1_CLKOUT3)
                                                      0.073    25.557 r  ddr3.u_axi_wrap_ddr/mig_axi/u_mig_axi_32_mig/u_ddr3_infrastructure/plle2_i/CLKOUT3
                         net (fo=1, routed)           1.281    26.838    ddr3.u_axi_wrap_ddr/mig_axi/u_mig_axi_32_mig/u_ddr3_infrastructure/pll_clk3_out
    BUFHCE_X0Y48         BUFH (Prop_bufh_I_O)         0.069    26.907 r  ddr3.u_axi_wrap_ddr/mig_axi/u_mig_axi_32_mig/u_ddr3_infrastructure/u_bufh_pll_clk3/O
                         net (fo=1, routed)           0.805    27.712    ddr3.u_axi_wrap_ddr/mig_axi/u_mig_axi_32_mig/u_ddr3_infrastructure/pll_clk3
    MMCME2_ADV_X0Y4      MMCME2_ADV (Prop_mmcme2_adv_CLKIN1_CLKFBOUT)
                                                     -3.606    24.105 r  ddr3.u_axi_wrap_ddr/mig_axi/u_mig_axi_32_mig/u_ddr3_infrastructure/gen_mmcm.mmcm_i/CLKFBOUT
                         net (fo=1, routed)           1.964    26.070    ddr3.u_axi_wrap_ddr/mig_axi/u_mig_axi_32_mig/u_ddr3_infrastructure/clk_pll_i
    BUFGCTRL_X0Y16       BUFG (Prop_bufg_I_O)         0.077    26.147 r  ddr3.u_axi_wrap_ddr/mig_axi/u_mig_axi_32_mig/u_ddr3_infrastructure/u_bufg_clkdiv0/O
                         net (fo=7005, routed)        1.369    27.516    ddr3.u_axi_wrap_ddr/mig_axi/u_mig_axi_32_mig/temp_mon_enabled.u_tempmon/device_temp_r_reg[11]_0
    SLICE_X21Y186        FDRE                                         r  ddr3.u_axi_wrap_ddr/mig_axi/u_mig_axi_32_mig/temp_mon_enabled.u_tempmon/device_temp_sync_r1_reg[11]/C
                         clock pessimism              0.201    27.717    
                         clock uncertainty           -0.261    27.456    
    SLICE_X21Y186        FDRE (Setup_fdre_C_D)       -0.032    27.424    ddr3.u_axi_wrap_ddr/mig_axi/u_mig_axi_32_mig/temp_mon_enabled.u_tempmon/device_temp_sync_r1_reg[11]
  -------------------------------------------------------------------
                         required time                         27.424    
                         arrival time                         -10.121    
  -------------------------------------------------------------------
                         slack                                 17.303    





---------------------------------------------------------------------------------------------------
From Clock:  sys_clk
  To Clock:  clk_pll_i

Setup :            0  Failing Endpoints,  Worst Slack        5.416ns,  Total Violation        0.000ns
Hold  :           NA  Failing Endpoints,  Worst Slack           NA  ,  Total Violation           NA
---------------------------------------------------------------------------------------------------


Max Delay Paths
--------------------------------------------------------------------------------------
Slack (MET) :             5.416ns  (required time - arrival time)
  Source:                 ddr3.u_axi_wrap_ddr/u_Axi_CDC/arFifo/pushCC_pushPtrGray_reg[2]/C
                            (rising edge-triggered cell FDCE clocked by sys_clk  {rise@0.000ns fall@5.000ns period=10.000ns})
  Destination:            ddr3.u_axi_wrap_ddr/u_Axi_CDC/arFifo/pushToPopGray_buffercc/buffers_0_reg[2]/D
                            (rising edge-triggered cell FDCE clocked by clk_pll_i  {rise@0.000ns fall@5.000ns period=10.000ns})
  Path Group:             clk_pll_i
  Path Type:              Setup (Max at Slow Process Corner)
  Requirement:            10.000ns  (clk_pll_i rise@10.000ns - sys_clk rise@0.000ns)
  Data Path Delay:        6.460ns  (logic 0.398ns (6.161%)  route 6.062ns (93.839%))
  Logic Levels:           0  
  Clock Path Skew:        2.313ns (DCD - SCD + CPR)
    Destination Clock Delay (DCD):    7.681ns = ( 17.681 - 10.000 ) 
    Source Clock Delay      (SCD):    5.569ns
    Clock Pessimism Removal (CPR):    0.201ns
  Clock Uncertainty:      0.236ns  ((TSJ^2 + DJ^2)^1/2) / 2 + PE
    Total System Jitter     (TSJ):    0.071ns
    Discrete Jitter          (DJ):    0.175ns
    Phase Error              (PE):    0.142ns

    Location             Delay type                Incr(ns)  Path(ns)    Netlist Resource(s)
  -------------------------------------------------------------------    -------------------
                         (clock sys_clk rise edge)    0.000     0.000 r  
    AC19                                              0.000     0.000 r  clk (IN)
                         net (fo=0)                   0.000     0.000    clk
    AC19                 IBUF (Prop_ibuf_I_O)         1.416     1.416 r  clk_IBUF_inst/O
                         net (fo=1, routed)           2.602     4.018    clk_IBUF
    BUFGCTRL_X0Y0        BUFG (Prop_bufg_I_O)         0.081     4.099 r  clk_IBUF_BUFG_inst/O
                         net (fo=2000, routed)        1.536     5.635    fpga_pll.u_clk_pll/inst/clk_in1
    PLLE2_ADV_X0Y2       PLLE2_ADV (Prop_plle2_adv_CLKIN1_CLKOUT1)
                                                     -3.173     2.461 r  fpga_pll.u_clk_pll/inst/plle2_adv_inst/CLKOUT1
                         net (fo=1, routed)           1.557     4.018    fpga_pll.u_clk_pll/inst/sys_clk_clk_pll
    BUFGCTRL_X0Y3        BUFG (Prop_bufg_I_O)         0.081     4.099 r  fpga_pll.u_clk_pll/inst/clkout2_buf/O
                         net (fo=3588, routed)        1.470     5.569    ddr3.u_axi_wrap_ddr/u_Axi_CDC/arFifo/sys_clk
    SLICE_X40Y197        FDCE                                         r  ddr3.u_axi_wrap_ddr/u_Axi_CDC/arFifo/pushCC_pushPtrGray_reg[2]/C
  -------------------------------------------------------------------    -------------------
    SLICE_X40Y197        FDCE (Prop_fdce_C_Q)         0.398     5.967 r  ddr3.u_axi_wrap_ddr/u_Axi_CDC/arFifo/pushCC_pushPtrGray_reg[2]/Q
                         net (fo=3, routed)           6.062    12.030    ddr3.u_axi_wrap_ddr/u_Axi_CDC/arFifo/pushToPopGray_buffercc/Q[2]
    SLICE_X31Y200        FDCE                                         r  ddr3.u_axi_wrap_ddr/u_Axi_CDC/arFifo/pushToPopGray_buffercc/buffers_0_reg[2]/D
  -------------------------------------------------------------------    -------------------

                         (clock clk_pll_i rise edge)
                                                     10.000    10.000 r  
    AC19                                              0.000    10.000 r  clk (IN)
                         net (fo=0)                   0.000    10.000    clk
    AC19                 IBUF (Prop_ibuf_I_O)         1.350    11.350 r  clk_IBUF_inst/O
                         net (fo=1, routed)           2.471    13.821    clk_IBUF
    BUFGCTRL_X0Y0        BUFG (Prop_bufg_I_O)         0.077    13.898 r  clk_IBUF_BUFG_inst/O
                         net (fo=2000, routed)        1.586    15.484    ddr3.u_axi_wrap_ddr/mig_axi/u_mig_axi_32_mig/u_ddr3_infrastructure/mmcm_clk
    PLLE2_ADV_X0Y4       PLLE2_ADV (Prop_plle2_adv_CLKIN1_CLKOUT3)
                                                      0.073    15.557 r  ddr3.u_axi_wrap_ddr/mig_axi/u_mig_axi_32_mig/u_ddr3_infrastructure/plle2_i/CLKOUT3
                         net (fo=1, routed)           1.281    16.838    ddr3.u_axi_wrap_ddr/mig_axi/u_mig_axi_32_mig/u_ddr3_infrastructure/pll_clk3_out
    BUFHCE_X0Y48         BUFH (Prop_bufh_I_O)         0.069    16.907 r  ddr3.u_axi_wrap_ddr/mig_axi/u_mig_axi_32_mig/u_ddr3_infrastructure/u_bufh_pll_clk3/O
                         net (fo=1, routed)           0.805    17.712    ddr3.u_axi_wrap_ddr/mig_axi/u_mig_axi_32_mig/u_ddr3_infrastructure/pll_clk3
    MMCME2_ADV_X0Y4      MMCME2_ADV (Prop_mmcme2_adv_CLKIN1_CLKFBOUT)
                                                     -3.606    14.105 r  ddr3.u_axi_wrap_ddr/mig_axi/u_mig_axi_32_mig/u_ddr3_infrastructure/gen_mmcm.mmcm_i/CLKFBOUT
                         net (fo=1, routed)           1.964    16.070    ddr3.u_axi_wrap_ddr/mig_axi/u_mig_axi_32_mig/u_ddr3_infrastructure/clk_pll_i
    BUFGCTRL_X0Y16       BUFG (Prop_bufg_I_O)         0.077    16.147 r  ddr3.u_axi_wrap_ddr/mig_axi/u_mig_axi_32_mig/u_ddr3_infrastructure/u_bufg_clkdiv0/O
                         net (fo=7005, routed)        1.534    17.681    ddr3.u_axi_wrap_ddr/u_Axi_CDC/arFifo/pushToPopGray_buffercc/ui_clk
    SLICE_X31Y200        FDCE                                         r  ddr3.u_axi_wrap_ddr/u_Axi_CDC/arFifo/pushToPopGray_buffercc/buffers_0_reg[2]/C
                         clock pessimism              0.201    17.882    
                         clock uncertainty           -0.236    17.646    
    SLICE_X31Y200        FDCE (Setup_fdce_C_D)       -0.200    17.446    ddr3.u_axi_wrap_ddr/u_Axi_CDC/arFifo/pushToPopGray_buffercc/buffers_0_reg[2]
  -------------------------------------------------------------------
                         required time                         17.446    
                         arrival time                         -12.030    
  -------------------------------------------------------------------
                         slack                                  5.416    





---------------------------------------------------------------------------------------------------
From Clock:  clk_pll_i
  To Clock:  sys_clk

Setup :            0  Failing Endpoints,  Worst Slack        5.269ns,  Total Violation        0.000ns
Hold  :           NA  Failing Endpoints,  Worst Slack           NA  ,  Total Violation           NA
---------------------------------------------------------------------------------------------------


Max Delay Paths
--------------------------------------------------------------------------------------
Slack (MET) :             5.269ns  (required time - arrival time)
  Source:                 ddr3.u_axi_wrap_ddr/u_Axi_CDC/rFifo/ram_reg_0_7_30_35/RAMA/CLK
                            (rising edge-triggered cell RAMD32 clocked by clk_pll_i  {rise@0.000ns fall@5.000ns period=10.000ns})
  Destination:            ddr3.u_axi_wrap_ddr/u_Axi_CDC/rFifo/_zz_ram_port1_reg[30]/D
                            (rising edge-triggered cell FDRE clocked by sys_clk  {rise@0.000ns fall@5.000ns period=10.000ns})
  Path Group:             sys_clk
  Path Type:              Setup (Max at Slow Process Corner)
  Requirement:            10.000ns  (sys_clk rise@10.000ns - clk_pll_i rise@0.000ns)
  Data Path Delay:        1.718ns  (logic 1.109ns (64.559%)  route 0.609ns (35.441%))
  Logic Levels:           0  
  Clock Path Skew:        -2.587ns (DCD - SCD + CPR)
    Destination Clock Delay (DCD):    5.347ns = ( 15.347 - 10.000 ) 
    Source Clock Delay      (SCD):    8.135ns
    Clock Pessimism Removal (CPR):    0.201ns
  Clock Uncertainty:      0.236ns  ((TSJ^2 + DJ^2)^1/2) / 2 + PE
    Total System Jitter     (TSJ):    0.071ns
    Discrete Jitter          (DJ):    0.175ns
    Phase Error              (PE):    0.142ns

    Location             Delay type                Incr(ns)  Path(ns)    Netlist Resource(s)
  -------------------------------------------------------------------    -------------------
                         (clock clk_pll_i rise edge)
                                                      0.000     0.000 r  
    AC19                                              0.000     0.000 r  clk (IN)
                         net (fo=0)                   0.000     0.000    clk
    AC19                 IBUF (Prop_ibuf_I_O)         1.416     1.416 r  clk_IBUF_inst/O
                         net (fo=1, routed)           2.602     4.018    clk_IBUF
    BUFGCTRL_X0Y0        BUFG (Prop_bufg_I_O)         0.081     4.099 r  clk_IBUF_BUFG_inst/O
                         net (fo=2000, routed)        1.696     5.795    ddr3.u_axi_wrap_ddr/mig_axi/u_mig_axi_32_mig/u_ddr3_infrastructure/mmcm_clk
    PLLE2_ADV_X0Y4       PLLE2_ADV (Prop_plle2_adv_CLKIN1_CLKOUT3)
                                                      0.077     5.872 r  ddr3.u_axi_wrap_ddr/mig_axi/u_mig_axi_32_mig/u_ddr3_infrastructure/plle2_i/CLKOUT3
                         net (fo=1, routed)           1.429     7.301    ddr3.u_axi_wrap_ddr/mig_axi/u_mig_axi_32_mig/u_ddr3_infrastructure/pll_clk3_out
    BUFHCE_X0Y48         BUFH (Prop_bufh_I_O)         0.106     7.407 r  ddr3.u_axi_wrap_ddr/mig_axi/u_mig_axi_32_mig/u_ddr3_infrastructure/u_bufh_pll_clk3/O
                         net (fo=1, routed)           0.841     8.248    ddr3.u_axi_wrap_ddr/mig_axi/u_mig_axi_32_mig/u_ddr3_infrastructure/pll_clk3
    MMCME2_ADV_X0Y4      MMCME2_ADV (Prop_mmcme2_adv_CLKIN1_CLKFBOUT)
                                                     -3.816     4.432 r  ddr3.u_axi_wrap_ddr/mig_axi/u_mig_axi_32_mig/u_ddr3_infrastructure/gen_mmcm.mmcm_i/CLKFBOUT
                         net (fo=1, routed)           2.061     6.493    ddr3.u_axi_wrap_ddr/mig_axi/u_mig_axi_32_mig/u_ddr3_infrastructure/clk_pll_i
    BUFGCTRL_X0Y16       BUFG (Prop_bufg_I_O)         0.081     6.574 r  ddr3.u_axi_wrap_ddr/mig_axi/u_mig_axi_32_mig/u_ddr3_infrastructure/u_bufg_clkdiv0/O
                         net (fo=7005, routed)        1.561     8.135    ddr3.u_axi_wrap_ddr/u_Axi_CDC/rFifo/ram_reg_0_7_30_35/WCLK
    SLICE_X42Y214        RAMD32                                       r  ddr3.u_axi_wrap_ddr/u_Axi_CDC/rFifo/ram_reg_0_7_30_35/RAMA/CLK
  -------------------------------------------------------------------    -------------------
    SLICE_X42Y214        RAMD32 (Prop_ramd32_CLK_O)
                                                      1.109     9.244 r  ddr3.u_axi_wrap_ddr/u_Axi_CDC/rFifo/ram_reg_0_7_30_35/RAMA/O
                         net (fo=1, routed)           0.609     9.853    ddr3.u_axi_wrap_ddr/u_Axi_CDC/rFifo/_zz_ram_port10__3[30]
    SLICE_X44Y214        FDRE                                         r  ddr3.u_axi_wrap_ddr/u_Axi_CDC/rFifo/_zz_ram_port1_reg[30]/D
  -------------------------------------------------------------------    -------------------

                         (clock sys_clk rise edge)   10.000    10.000 r  
    AC19                                              0.000    10.000 r  clk (IN)
                         net (fo=0)                   0.000    10.000    clk
    AC19                 IBUF (Prop_ibuf_I_O)         1.350    11.350 r  clk_IBUF_inst/O
                         net (fo=1, routed)           2.471    13.821    clk_IBUF
    BUFGCTRL_X0Y0        BUFG (Prop_bufg_I_O)         0.077    13.898 r  clk_IBUF_BUFG_inst/O
                         net (fo=2000, routed)        1.434    15.331    fpga_pll.u_clk_pll/inst/clk_in1
    PLLE2_ADV_X0Y2       PLLE2_ADV (Prop_plle2_adv_CLKIN1_CLKOUT1)
                                                     -2.995    12.336 r  fpga_pll.u_clk_pll/inst/plle2_adv_inst/CLKOUT1
                         net (fo=1, routed)           1.484    13.821    fpga_pll.u_clk_pll/inst/sys_clk_clk_pll
    BUFGCTRL_X0Y3        BUFG (Prop_bufg_I_O)         0.077    13.898 r  fpga_pll.u_clk_pll/inst/clkout2_buf/O
                         net (fo=3588, routed)        1.449    15.347    ddr3.u_axi_wrap_ddr/u_Axi_CDC/rFifo/sys_clk
    SLICE_X44Y214        FDRE                                         r  ddr3.u_axi_wrap_ddr/u_Axi_CDC/rFifo/_zz_ram_port1_reg[30]/C
                         clock pessimism              0.201    15.548    
                         clock uncertainty           -0.236    15.312    
    SLICE_X44Y214        FDRE (Setup_fdre_C_D)       -0.190    15.122    ddr3.u_axi_wrap_ddr/u_Axi_CDC/rFifo/_zz_ram_port1_reg[30]
  -------------------------------------------------------------------
                         required time                         15.122    
                         arrival time                          -9.853    
  -------------------------------------------------------------------
                         slack                                  5.269    





---------------------------------------------------------------------------------------------------
From Clock:  clk
  To Clock:  dbg_hub/inst/BSCANID.u_xsdbm_id/SWITCH_N_EXT_BSCAN.bscan_inst/SERIES7_BSCAN.bscan_inst/TCK

Setup :            0  Failing Endpoints,  Worst Slack        8.562ns,  Total Violation        0.000ns
Hold  :           NA  Failing Endpoints,  Worst Slack           NA  ,  Total Violation           NA
---------------------------------------------------------------------------------------------------


Max Delay Paths
--------------------------------------------------------------------------------------
Slack (MET) :             8.562ns  (required time - arrival time)
  Source:                 dbg_hub/inst/BSCANID.u_xsdbm_id/CORE_XSDB.UUT_MASTER/U_ICON_INTERFACE/U_CMD6_RD/U_RD_FIFO/SUBCORE_FIFO.xsdbm_v3_0_0_rdfifo_inst/inst_fifo_gen/gconvfifo.rf/grf.rf/gntv_or_sync_fifo.gcx.clkx/gnxpm_cdc.wr_pntr_gc_reg[0]/C
                            (rising edge-triggered cell FDCE clocked by clk  {rise@0.000ns fall@5.000ns period=10.000ns})
  Destination:            dbg_hub/inst/BSCANID.u_xsdbm_id/CORE_XSDB.UUT_MASTER/U_ICON_INTERFACE/U_CMD6_RD/U_RD_FIFO/SUBCORE_FIFO.xsdbm_v3_0_0_rdfifo_inst/inst_fifo_gen/gconvfifo.rf/grf.rf/gntv_or_sync_fifo.gcx.clkx/gnxpm_cdc.gsync_stage[1].rd_stg_inst/Q_reg_reg[0]/D
                            (rising edge-triggered cell FDCE clocked by dbg_hub/inst/BSCANID.u_xsdbm_id/SWITCH_N_EXT_BSCAN.bscan_inst/SERIES7_BSCAN.bscan_inst/TCK  {rise@0.000ns fall@16.500ns period=33.000ns})
  Path Group:             dbg_hub/inst/BSCANID.u_xsdbm_id/SWITCH_N_EXT_BSCAN.bscan_inst/SERIES7_BSCAN.bscan_inst/TCK
  Path Type:              Setup (Max at Slow Process Corner)
  Requirement:            10.000ns  (MaxDelay Path 10.000ns)
  Data Path Delay:        1.401ns  (logic 0.433ns (30.899%)  route 0.968ns (69.101%))
  Logic Levels:           0  
  Timing Exception:       MaxDelay Path 10.000ns -datapath_only

    Location             Delay type                Incr(ns)  Path(ns)    Netlist Resource(s)
  -------------------------------------------------------------------    -------------------
    SLICE_X66Y194                                     0.000     0.000 r  dbg_hub/inst/BSCANID.u_xsdbm_id/CORE_XSDB.UUT_MASTER/U_ICON_INTERFACE/U_CMD6_RD/U_RD_FIFO/SUBCORE_FIFO.xsdbm_v3_0_0_rdfifo_inst/inst_fifo_gen/gconvfifo.rf/grf.rf/gntv_or_sync_fifo.gcx.clkx/gnxpm_cdc.wr_pntr_gc_reg[0]/C
    SLICE_X66Y194        FDCE (Prop_fdce_C_Q)         0.433     0.433 r  dbg_hub/inst/BSCANID.u_xsdbm_id/CORE_XSDB.UUT_MASTER/U_ICON_INTERFACE/U_CMD6_RD/U_RD_FIFO/SUBCORE_FIFO.xsdbm_v3_0_0_rdfifo_inst/inst_fifo_gen/gconvfifo.rf/grf.rf/gntv_or_sync_fifo.gcx.clkx/gnxpm_cdc.wr_pntr_gc_reg[0]/Q
                         net (fo=1, routed)           0.968     1.401    dbg_hub/inst/BSCANID.u_xsdbm_id/CORE_XSDB.UUT_MASTER/U_ICON_INTERFACE/U_CMD6_RD/U_RD_FIFO/SUBCORE_FIFO.xsdbm_v3_0_0_rdfifo_inst/inst_fifo_gen/gconvfifo.rf/grf.rf/gntv_or_sync_fifo.gcx.clkx/gnxpm_cdc.gsync_stage[1].rd_stg_inst/Q[0]
    SLICE_X72Y191        FDCE                                         r  dbg_hub/inst/BSCANID.u_xsdbm_id/CORE_XSDB.UUT_MASTER/U_ICON_INTERFACE/U_CMD6_RD/U_RD_FIFO/SUBCORE_FIFO.xsdbm_v3_0_0_rdfifo_inst/inst_fifo_gen/gconvfifo.rf/grf.rf/gntv_or_sync_fifo.gcx.clkx/gnxpm_cdc.gsync_stage[1].rd_stg_inst/Q_reg_reg[0]/D
  -------------------------------------------------------------------    -------------------

                         max delay                   10.000    10.000    
    SLICE_X72Y191        FDCE (Setup_fdce_C_D)       -0.037     9.963    dbg_hub/inst/BSCANID.u_xsdbm_id/CORE_XSDB.UUT_MASTER/U_ICON_INTERFACE/U_CMD6_RD/U_RD_FIFO/SUBCORE_FIFO.xsdbm_v3_0_0_rdfifo_inst/inst_fifo_gen/gconvfifo.rf/grf.rf/gntv_or_sync_fifo.gcx.clkx/gnxpm_cdc.gsync_stage[1].rd_stg_inst/Q_reg_reg[0]
  -------------------------------------------------------------------
                         required time                          9.963    
                         arrival time                          -1.401    
  -------------------------------------------------------------------
                         slack                                  8.562    





---------------------------------------------------------------------------------------------------
Path Group:  **async_default**
From Clock:  clk
  To Clock:  clk

Setup :            0  Failing Endpoints,  Worst Slack        7.348ns,  Total Violation        0.000ns
Hold  :           NA  Failing Endpoints,  Worst Slack           NA  ,  Total Violation           NA
---------------------------------------------------------------------------------------------------


Max Delay Paths
--------------------------------------------------------------------------------------
Slack (MET) :             7.348ns  (required time - arrival time)
  Source:                 dbg_hub/inst/BSCANID.u_xsdbm_id/CORE_XSDB.UUT_MASTER/U_ICON_INTERFACE/U_CMD1/ctl_reg_reg[0]/C
                            (rising edge-triggered cell FDRE clocked by clk  {rise@0.000ns fall@5.000ns period=10.000ns})
  Destination:            dbg_hub/inst/BSCANID.u_xsdbm_id/CORE_XSDB.UUT_MASTER/U_XSDB_BUS_CONTROLLER/FSM_onehot_current_state_reg[6]/CLR
                            (recovery check against rising-edge clock clk  {rise@0.000ns fall@5.000ns period=10.000ns})
  Path Group:             **async_default**
  Path Type:              Recovery (Max at Slow Process Corner)
  Requirement:            10.000ns  (clk rise@10.000ns - clk rise@0.000ns)
  Data Path Delay:        2.222ns  (logic 0.433ns (19.489%)  route 1.789ns (80.511%))
  Logic Levels:           0  
  Clock Path Skew:        -0.064ns (DCD - SCD + CPR)
    Destination Clock Delay (DCD):    5.155ns = ( 15.155 - 10.000 ) 
    Source Clock Delay      (SCD):    5.486ns
    Clock Pessimism Removal (CPR):    0.267ns
  Clock Uncertainty:      0.035ns  ((TSJ^2 + TIJ^2)^1/2 + DJ) / 2 + PE
    Total System Jitter     (TSJ):    0.071ns
    Total Input Jitter      (TIJ):    0.000ns
    Discrete Jitter          (DJ):    0.000ns
    Phase Error              (PE):    0.000ns

    Location             Delay type                Incr(ns)  Path(ns)    Netlist Resource(s)
  -------------------------------------------------------------------    -------------------
                         (clock clk rise edge)        0.000     0.000 r  
    AC19                                              0.000     0.000 r  clk (IN)
                         net (fo=0)                   0.000     0.000    clk
    AC19                 IBUF (Prop_ibuf_I_O)         1.416     1.416 r  clk_IBUF_inst/O
                         net (fo=1, routed)           2.602     4.018    clk_IBUF
    BUFGCTRL_X0Y0        BUFG (Prop_bufg_I_O)         0.081     4.099 r  clk_IBUF_BUFG_inst/O
                         net (fo=2000, routed)        1.387     5.486    dbg_hub/inst/BSCANID.u_xsdbm_id/CORE_XSDB.UUT_MASTER/U_ICON_INTERFACE/U_CMD1/clk
    SLICE_X72Y195        FDRE                                         r  dbg_hub/inst/BSCANID.u_xsdbm_id/CORE_XSDB.UUT_MASTER/U_ICON_INTERFACE/U_CMD1/ctl_reg_reg[0]/C
  -------------------------------------------------------------------    -------------------
    SLICE_X72Y195        FDRE (Prop_fdre_C_Q)         0.433     5.919 f  dbg_hub/inst/BSCANID.u_xsdbm_id/CORE_XSDB.UUT_MASTER/U_ICON_INTERFACE/U_CMD1/ctl_reg_reg[0]/Q
                         net (fo=182, routed)         1.789     7.708    dbg_hub/inst/BSCANID.u_xsdbm_id/CORE_XSDB.UUT_MASTER/U_XSDB_BUS_CONTROLLER/out[0]
    SLICE_X82Y198        FDCE                                         f  dbg_hub/inst/BSCANID.u_xsdbm_id/CORE_XSDB.UUT_MASTER/U_XSDB_BUS_CONTROLLER/FSM_onehot_current_state_reg[6]/CLR
  -------------------------------------------------------------------    -------------------

                         (clock clk rise edge)       10.000    10.000 r  
    AC19                                              0.000    10.000 r  clk (IN)
                         net (fo=0)                   0.000    10.000    clk
    AC19                 IBUF (Prop_ibuf_I_O)         1.350    11.350 r  clk_IBUF_inst/O
                         net (fo=1, routed)           2.471    13.821    clk_IBUF
    BUFGCTRL_X0Y0        BUFG (Prop_bufg_I_O)         0.077    13.898 r  clk_IBUF_BUFG_inst/O
                         net (fo=2000, routed)        1.257    15.155    dbg_hub/inst/BSCANID.u_xsdbm_id/CORE_XSDB.UUT_MASTER/U_XSDB_BUS_CONTROLLER/clk
    SLICE_X82Y198        FDCE                                         r  dbg_hub/inst/BSCANID.u_xsdbm_id/CORE_XSDB.UUT_MASTER/U_XSDB_BUS_CONTROLLER/FSM_onehot_current_state_reg[6]/C
                         clock pessimism              0.267    15.422    
                         clock uncertainty           -0.035    15.387    
    SLICE_X82Y198        FDCE (Recov_fdce_C_CLR)     -0.331    15.056    dbg_hub/inst/BSCANID.u_xsdbm_id/CORE_XSDB.UUT_MASTER/U_XSDB_BUS_CONTROLLER/FSM_onehot_current_state_reg[6]
  -------------------------------------------------------------------
                         required time                         15.056    
                         arrival time                          -7.708    
  -------------------------------------------------------------------
                         slack                                  7.348    





---------------------------------------------------------------------------------------------------
Path Group:  **async_default**
From Clock:  clk_pll_i
  To Clock:  clk_pll_i

Setup :            0  Failing Endpoints,  Worst Slack        5.898ns,  Total Violation        0.000ns
Hold  :           NA  Failing Endpoints,  Worst Slack           NA  ,  Total Violation           NA
---------------------------------------------------------------------------------------------------


Max Delay Paths
--------------------------------------------------------------------------------------
Slack (MET) :             5.898ns  (required time - arrival time)
  Source:                 ddr3.u_axi_wrap_ddr/ddr_aresetn_reg/C
                            (rising edge-triggered cell FDRE clocked by clk_pll_i  {rise@0.000ns fall@5.000ns period=10.000ns})
  Destination:            ddr3.u_axi_wrap_ddr/u_Axi_CDC/bFifo/pushCC_pushPtrGray_reg[0]/CLR
                            (recovery check against rising-edge clock clk_pll_i  {rise@0.000ns fall@5.000ns period=10.000ns})
  Path Group:             **async_default**
  Path Type:              Recovery (Max at Slow Process Corner)
  Requirement:            10.000ns  (clk_pll_i rise@10.000ns - clk_pll_i rise@0.000ns)
  Data Path Delay:        3.375ns  (logic 0.484ns (14.340%)  route 2.891ns (85.660%))
  Logic Levels:           1  (LUT1=1)
  Clock Path Skew:        -0.336ns (DCD - SCD + CPR)
    Destination Clock Delay (DCD):    7.522ns = ( 17.522 - 10.000 ) 
    Source Clock Delay      (SCD):    8.291ns
    Clock Pessimism Removal (CPR):    0.433ns
  Clock Uncertainty:      0.060ns  ((TSJ^2 + DJ^2)^1/2) / 2 + PE
    Total System Jitter     (TSJ):    0.071ns
    Discrete Jitter          (DJ):    0.098ns
    Phase Error              (PE):    0.000ns

    Location             Delay type                Incr(ns)  Path(ns)    Netlist Resource(s)
  -------------------------------------------------------------------    -------------------
                         (clock clk_pll_i rise edge)
                                                      0.000     0.000 r  
    AC19                                              0.000     0.000 r  clk (IN)
                         net (fo=0)                   0.000     0.000    clk
    AC19                 IBUF (Prop_ibuf_I_O)         1.416     1.416 r  clk_IBUF_inst/O
                         net (fo=1, routed)           2.602     4.018    clk_IBUF
    BUFGCTRL_X0Y0        BUFG (Prop_bufg_I_O)         0.081     4.099 r  clk_IBUF_BUFG_inst/O
                         net (fo=2000, routed)        1.696     5.795    ddr3.u_axi_wrap_ddr/mig_axi/u_mig_axi_32_mig/u_ddr3_infrastructure/mmcm_clk
    PLLE2_ADV_X0Y4       PLLE2_ADV (Prop_plle2_adv_CLKIN1_CLKOUT3)
                                                      0.077     5.872 r  ddr3.u_axi_wrap_ddr/mig_axi/u_mig_axi_32_mig/u_ddr3_infrastructure/plle2_i/CLKOUT3
                         net (fo=1, routed)           1.429     7.301    ddr3.u_axi_wrap_ddr/mig_axi/u_mig_axi_32_mig/u_ddr3_infrastructure/pll_clk3_out
    BUFHCE_X0Y48         BUFH (Prop_bufh_I_O)         0.106     7.407 r  ddr3.u_axi_wrap_ddr/mig_axi/u_mig_axi_32_mig/u_ddr3_infrastructure/u_bufh_pll_clk3/O
                         net (fo=1, routed)           0.841     8.248    ddr3.u_axi_wrap_ddr/mig_axi/u_mig_axi_32_mig/u_ddr3_infrastructure/pll_clk3
    MMCME2_ADV_X0Y4      MMCME2_ADV (Prop_mmcme2_adv_CLKIN1_CLKFBOUT)
                                                     -3.816     4.432 r  ddr3.u_axi_wrap_ddr/mig_axi/u_mig_axi_32_mig/u_ddr3_infrastructure/gen_mmcm.mmcm_i/CLKFBOUT
                         net (fo=1, routed)           2.061     6.493    ddr3.u_axi_wrap_ddr/mig_axi/u_mig_axi_32_mig/u_ddr3_infrastructure/clk_pll_i
    BUFGCTRL_X0Y16       BUFG (Prop_bufg_I_O)         0.081     6.574 r  ddr3.u_axi_wrap_ddr/mig_axi/u_mig_axi_32_mig/u_ddr3_infrastructure/u_bufg_clkdiv0/O
                         net (fo=7005, routed)        1.717     8.291    ddr3.u_axi_wrap_ddr/ui_clk
    SLICE_X5Y234         FDRE                                         r  ddr3.u_axi_wrap_ddr/ddr_aresetn_reg/C
  -------------------------------------------------------------------    -------------------
    SLICE_X5Y234         FDRE (Prop_fdre_C_Q)         0.379     8.670 r  ddr3.u_axi_wrap_ddr/ddr_aresetn_reg/Q
                         net (fo=3, routed)           1.737    10.407    ddr3.u_axi_wrap_ddr/u_Axi_CDC/rFifo/popToPushGray_buffercc/aresetn
    SLICE_X17Y211        LUT1 (Prop_lut1_I0_O)        0.105    10.512 f  ddr3.u_axi_wrap_ddr/u_Axi_CDC/rFifo/popToPushGray_buffercc/pushCC_pushPtr[2]_i_3__0/O
                         net (fo=30, routed)          1.154    11.666    ddr3.u_axi_wrap_ddr/u_Axi_CDC/bFifo/buffers_0_reg[2]
    SLICE_X9Y198         FDCE                                         f  ddr3.u_axi_wrap_ddr/u_Axi_CDC/bFifo/pushCC_pushPtrGray_reg[0]/CLR
  -------------------------------------------------------------------    -------------------

                         (clock clk_pll_i rise edge)
                                                     10.000    10.000 r  
    AC19                                              0.000    10.000 r  clk (IN)
                         net (fo=0)                   0.000    10.000    clk
    AC19                 IBUF (Prop_ibuf_I_O)         1.350    11.350 r  clk_IBUF_inst/O
                         net (fo=1, routed)           2.471    13.821    clk_IBUF
    BUFGCTRL_X0Y0        BUFG (Prop_bufg_I_O)         0.077    13.898 r  clk_IBUF_BUFG_inst/O
                         net (fo=2000, routed)        1.586    15.484    ddr3.u_axi_wrap_ddr/mig_axi/u_mig_axi_32_mig/u_ddr3_infrastructure/mmcm_clk
    PLLE2_ADV_X0Y4       PLLE2_ADV (Prop_plle2_adv_CLKIN1_CLKOUT3)
                                                      0.073    15.557 r  ddr3.u_axi_wrap_ddr/mig_axi/u_mig_axi_32_mig/u_ddr3_infrastructure/plle2_i/CLKOUT3
                         net (fo=1, routed)           1.281    16.838    ddr3.u_axi_wrap_ddr/mig_axi/u_mig_axi_32_mig/u_ddr3_infrastructure/pll_clk3_out
    BUFHCE_X0Y48         BUFH (Prop_bufh_I_O)         0.069    16.907 r  ddr3.u_axi_wrap_ddr/mig_axi/u_mig_axi_32_mig/u_ddr3_infrastructure/u_bufh_pll_clk3/O
                         net (fo=1, routed)           0.805    17.712    ddr3.u_axi_wrap_ddr/mig_axi/u_mig_axi_32_mig/u_ddr3_infrastructure/pll_clk3
    MMCME2_ADV_X0Y4      MMCME2_ADV (Prop_mmcme2_adv_CLKIN1_CLKFBOUT)
                                                     -3.606    14.105 r  ddr3.u_axi_wrap_ddr/mig_axi/u_mig_axi_32_mig/u_ddr3_infrastructure/gen_mmcm.mmcm_i/CLKFBOUT
                         net (fo=1, routed)           1.964    16.070    ddr3.u_axi_wrap_ddr/mig_axi/u_mig_axi_32_mig/u_ddr3_infrastructure/clk_pll_i
    BUFGCTRL_X0Y16       BUFG (Prop_bufg_I_O)         0.077    16.147 r  ddr3.u_axi_wrap_ddr/mig_axi/u_mig_axi_32_mig/u_ddr3_infrastructure/u_bufg_clkdiv0/O
                         net (fo=7005, routed)        1.375    17.522    ddr3.u_axi_wrap_ddr/u_Axi_CDC/bFifo/ui_clk
    SLICE_X9Y198         FDCE                                         r  ddr3.u_axi_wrap_ddr/u_Axi_CDC/bFifo/pushCC_pushPtrGray_reg[0]/C
                         clock pessimism              0.433    17.955    
                         clock uncertainty           -0.060    17.895    
    SLICE_X9Y198         FDCE (Recov_fdce_C_CLR)     -0.331    17.564    ddr3.u_axi_wrap_ddr/u_Axi_CDC/bFifo/pushCC_pushPtrGray_reg[0]
  -------------------------------------------------------------------
                         required time                         17.564    
                         arrival time                         -11.666    
  -------------------------------------------------------------------
                         slack                                  5.898    





---------------------------------------------------------------------------------------------------
Path Group:  **async_default**
From Clock:  sys_clk
  To Clock:  clk_pll_i

Setup :            0  Failing Endpoints,  Worst Slack        5.640ns,  Total Violation        0.000ns
Hold  :           NA  Failing Endpoints,  Worst Slack           NA  ,  Total Violation           NA
---------------------------------------------------------------------------------------------------


Max Delay Paths
--------------------------------------------------------------------------------------
Slack (MET) :             5.640ns  (required time - arrival time)
  Source:                 fpga_pll.u_rst_sys/delay_reg[1]/C
                            (rising edge-triggered cell FDCE clocked by sys_clk  {rise@0.000ns fall@5.000ns period=10.000ns})
  Destination:            ddr3.u_axi_wrap_ddr/u_Axi_CDC/awFifo/bufferCC_12/buffers_0_reg/CLR
                            (recovery check against rising-edge clock clk_pll_i  {rise@0.000ns fall@5.000ns period=10.000ns})
  Path Group:             **async_default**
  Path Type:              Recovery (Max at Slow Process Corner)
  Requirement:            10.000ns  (clk_pll_i rise@10.000ns - sys_clk rise@0.000ns)
  Data Path Delay:        5.687ns  (logic 0.504ns (8.863%)  route 5.183ns (91.137%))
  Logic Levels:           1  (LUT1=1)
  Clock Path Skew:        2.053ns (DCD - SCD + CPR)
    Destination Clock Delay (DCD):    7.677ns = ( 17.677 - 10.000 ) 
    Source Clock Delay      (SCD):    5.825ns
    Clock Pessimism Removal (CPR):    0.201ns
  Clock Uncertainty:      0.236ns  ((TSJ^2 + DJ^2)^1/2) / 2 + PE
    Total System Jitter     (TSJ):    0.071ns
    Discrete Jitter          (DJ):    0.175ns
    Phase Error              (PE):    0.142ns

    Location             Delay type                Incr(ns)  Path(ns)    Netlist Resource(s)
  -------------------------------------------------------------------    -------------------
                         (clock sys_clk rise edge)    0.000     0.000 r  
    AC19                                              0.000     0.000 r  clk (IN)
                         net (fo=0)                   0.000     0.000    clk
    AC19                 IBUF (Prop_ibuf_I_O)         1.416     1.416 r  clk_IBUF_inst/O
                         net (fo=1, routed)           2.602     4.018    clk_IBUF
    BUFGCTRL_X0Y0        BUFG (Prop_bufg_I_O)         0.081     4.099 r  clk_IBUF_BUFG_inst/O
                         net (fo=2000, routed)        1.536     5.635    fpga_pll.u_clk_pll/inst/clk_in1
    PLLE2_ADV_X0Y2       PLLE2_ADV (Prop_plle2_adv_CLKIN1_CLKOUT1)
                                                     -3.173     2.461 r  fpga_pll.u_clk_pll/inst/plle2_adv_inst/CLKOUT1
                         net (fo=1, routed)           1.557     4.018    fpga_pll.u_clk_pll/inst/sys_clk_clk_pll
    BUFGCTRL_X0Y3        BUFG (Prop_bufg_I_O)         0.081     4.099 r  fpga_pll.u_clk_pll/inst/clkout2_buf/O
                         net (fo=3588, routed)        1.726     5.825    fpga_pll.u_rst_sys/sys_clk
    SLICE_X0Y212         FDCE                                         r  fpga_pll.u_rst_sys/delay_reg[1]/C
  -------------------------------------------------------------------    -------------------
    SLICE_X0Y212         FDCE (Prop_fdce_C_Q)         0.379     6.204 r  fpga_pll.u_rst_sys/delay_reg[1]/Q
                         net (fo=36, routed)          2.090     8.294    fpga_pll.u_rst_sys/Q[0]
    SLICE_X8Y191         LUT1 (Prop_lut1_I0_O)        0.125     8.419 f  fpga_pll.u_rst_sys/pushCC_pushPtr[2]_i_3__1/O
                         net (fo=718, routed)         3.092    11.512    ddr3.u_axi_wrap_ddr/u_Axi_CDC/awFifo/bufferCC_12/prst
    SLICE_X33Y205        FDCE                                         f  ddr3.u_axi_wrap_ddr/u_Axi_CDC/awFifo/bufferCC_12/buffers_0_reg/CLR
  -------------------------------------------------------------------    -------------------

                         (clock clk_pll_i rise edge)
                                                     10.000    10.000 r  
    AC19                                              0.000    10.000 r  clk (IN)
                         net (fo=0)                   0.000    10.000    clk
    AC19                 IBUF (Prop_ibuf_I_O)         1.350    11.350 r  clk_IBUF_inst/O
                         net (fo=1, routed)           2.471    13.821    clk_IBUF
    BUFGCTRL_X0Y0        BUFG (Prop_bufg_I_O)         0.077    13.898 r  clk_IBUF_BUFG_inst/O
                         net (fo=2000, routed)        1.586    15.484    ddr3.u_axi_wrap_ddr/mig_axi/u_mig_axi_32_mig/u_ddr3_infrastructure/mmcm_clk
    PLLE2_ADV_X0Y4       PLLE2_ADV (Prop_plle2_adv_CLKIN1_CLKOUT3)
                                                      0.073    15.557 r  ddr3.u_axi_wrap_ddr/mig_axi/u_mig_axi_32_mig/u_ddr3_infrastructure/plle2_i/CLKOUT3
                         net (fo=1, routed)           1.281    16.838    ddr3.u_axi_wrap_ddr/mig_axi/u_mig_axi_32_mig/u_ddr3_infrastructure/pll_clk3_out
    BUFHCE_X0Y48         BUFH (Prop_bufh_I_O)         0.069    16.907 r  ddr3.u_axi_wrap_ddr/mig_axi/u_mig_axi_32_mig/u_ddr3_infrastructure/u_bufh_pll_clk3/O
                         net (fo=1, routed)           0.805    17.712    ddr3.u_axi_wrap_ddr/mig_axi/u_mig_axi_32_mig/u_ddr3_infrastructure/pll_clk3
    MMCME2_ADV_X0Y4      MMCME2_ADV (Prop_mmcme2_adv_CLKIN1_CLKFBOUT)
                                                     -3.606    14.105 r  ddr3.u_axi_wrap_ddr/mig_axi/u_mig_axi_32_mig/u_ddr3_infrastructure/gen_mmcm.mmcm_i/CLKFBOUT
                         net (fo=1, routed)           1.964    16.070    ddr3.u_axi_wrap_ddr/mig_axi/u_mig_axi_32_mig/u_ddr3_infrastructure/clk_pll_i
    BUFGCTRL_X0Y16       BUFG (Prop_bufg_I_O)         0.077    16.147 r  ddr3.u_axi_wrap_ddr/mig_axi/u_mig_axi_32_mig/u_ddr3_infrastructure/u_bufg_clkdiv0/O
                         net (fo=7005, routed)        1.530    17.677    ddr3.u_axi_wrap_ddr/u_Axi_CDC/awFifo/bufferCC_12/ui_clk
    SLICE_X33Y205        FDCE                                         r  ddr3.u_axi_wrap_ddr/u_Axi_CDC/awFifo/bufferCC_12/buffers_0_reg/C
                         clock pessimism              0.201    17.878    
                         clock uncertainty           -0.236    17.642    
    SLICE_X33Y205        FDCE (Recov_fdce_C_CLR)     -0.490    17.152    ddr3.u_axi_wrap_ddr/u_Axi_CDC/awFifo/bufferCC_12/buffers_0_reg
  -------------------------------------------------------------------
                         required time                         17.152    
                         arrival time                         -11.512    
  -------------------------------------------------------------------
                         slack                                  5.640    





---------------------------------------------------------------------------------------------------
Path Group:  **async_default**
From Clock:  cpu_clk
  To Clock:  cpu_clk

Setup :            0  Failing Endpoints,  Worst Slack       11.185ns,  Total Violation        0.000ns
Hold  :           NA  Failing Endpoints,  Worst Slack           NA  ,  Total Violation           NA
---------------------------------------------------------------------------------------------------


Max Delay Paths
--------------------------------------------------------------------------------------
Slack (MET) :             11.185ns  (required time - arrival time)
  Source:                 fpga_pll.u_rst_cpu/delay_reg[1]_rep__9/C
                            (rising edge-triggered cell FDCE clocked by cpu_clk  {rise@0.000ns fall@15.278ns period=30.556ns})
  Destination:            u_cpu/core_inst/lsu_inst/store_queue_i/req_hold_addr_reg[21]/CLR
                            (recovery check against rising-edge clock cpu_clk  {rise@0.000ns fall@15.278ns period=30.556ns})
  Path Group:             **async_default**
  Path Type:              Recovery (Max at Slow Process Corner)
  Requirement:            30.556ns  (cpu_clk rise@30.556ns - cpu_clk rise@0.000ns)
  Data Path Delay:        19.313ns  (logic 0.538ns (2.786%)  route 18.775ns (97.214%))
  Logic Levels:           1  (LUT1=1)
  Clock Path Skew:        0.260ns (DCD - SCD + CPR)
    Destination Clock Delay (DCD):    5.559ns = ( 36.114 - 30.556 ) 
    Source Clock Delay      (SCD):    5.506ns
    Clock Pessimism Removal (CPR):    0.207ns
  Clock Uncertainty:      0.060ns  ((TSJ^2 + DJ^2)^1/2) / 2 + PE
    Total System Jitter     (TSJ):    0.071ns
    Discrete Jitter          (DJ):    0.097ns
    Phase Error              (PE):    0.000ns

    Location             Delay type                Incr(ns)  Path(ns)    Netlist Resource(s)
  -------------------------------------------------------------------    -------------------
                         (clock cpu_clk rise edge)    0.000     0.000 r  
    AC19                                              0.000     0.000 r  clk (IN)
                         net (fo=0)                   0.000     0.000    clk
    AC19                 IBUF (Prop_ibuf_I_O)         1.416     1.416 r  clk_IBUF_inst/O
                         net (fo=1, routed)           2.602     4.018    clk_IBUF
    BUFGCTRL_X0Y0        BUFG (Prop_bufg_I_O)         0.081     4.099 r  clk_IBUF_BUFG_inst/O
                         net (fo=2000, routed)        1.536     5.635    fpga_pll.u_clk_pll/inst/clk_in1
    PLLE2_ADV_X0Y2       PLLE2_ADV (Prop_plle2_adv_CLKIN1_CLKOUT0)
                                                     -3.173     2.461 r  fpga_pll.u_clk_pll/inst/plle2_adv_inst/CLKOUT0
                         net (fo=1, routed)           1.557     4.018    fpga_pll.u_clk_pll/inst/cpu_clk_clk_pll
    BUFGCTRL_X0Y2        BUFG (Prop_bufg_I_O)         0.081     4.099 r  fpga_pll.u_clk_pll/inst/clkout1_buf/O
                         net (fo=59802, routed)       1.407     5.506    fpga_pll.u_rst_cpu/cpu_clk
    SLICE_X56Y112        FDCE                                         r  fpga_pll.u_rst_cpu/delay_reg[1]_rep__9/C
  -------------------------------------------------------------------    -------------------
    SLICE_X56Y112        FDCE (Prop_fdce_C_Q)         0.433     5.939 r  fpga_pll.u_rst_cpu/delay_reg[1]_rep__9/Q
                         net (fo=117, routed)         3.981     9.920    fpga_pll.u_rst_cpu/delay_reg[1]_rep__9_1
    SLICE_X103Y191       LUT1 (Prop_lut1_I0_O)        0.105    10.025 f  fpga_pll.u_rst_cpu/entry_valid[15]_i_1/O
                         net (fo=13607, routed)      14.793    24.818    u_cpu/core_inst/lsu_inst/store_queue_i/alloc_hint_reg[3]_3
    SLICE_X22Y22         FDCE                                         f  u_cpu/core_inst/lsu_inst/store_queue_i/req_hold_addr_reg[21]/CLR
  -------------------------------------------------------------------    -------------------

                         (clock cpu_clk rise edge)   30.556    30.556 r  
    AC19                                              0.000    30.556 r  clk (IN)
                         net (fo=0)                   0.000    30.556    clk
    AC19                 IBUF (Prop_ibuf_I_O)         1.350    31.906 r  clk_IBUF_inst/O
                         net (fo=1, routed)           2.471    34.376    clk_IBUF
    BUFGCTRL_X0Y0        BUFG (Prop_bufg_I_O)         0.077    34.453 r  clk_IBUF_BUFG_inst/O
                         net (fo=2000, routed)        1.434    35.887    fpga_pll.u_clk_pll/inst/clk_in1
    PLLE2_ADV_X0Y2       PLLE2_ADV (Prop_plle2_adv_CLKIN1_CLKOUT0)
                                                     -2.995    32.892 r  fpga_pll.u_clk_pll/inst/plle2_adv_inst/CLKOUT0
                         net (fo=1, routed)           1.484    34.376    fpga_pll.u_clk_pll/inst/cpu_clk_clk_pll
    BUFGCTRL_X0Y2        BUFG (Prop_bufg_I_O)         0.077    34.453 r  fpga_pll.u_clk_pll/inst/clkout1_buf/O
                         net (fo=59802, routed)       1.661    36.114    u_cpu/core_inst/lsu_inst/store_queue_i/cpu_clk
    SLICE_X22Y22         FDCE                                         r  u_cpu/core_inst/lsu_inst/store_queue_i/req_hold_addr_reg[21]/C
                         clock pessimism              0.207    36.322    
                         clock uncertainty           -0.060    36.262    
    SLICE_X22Y22         FDCE (Recov_fdce_C_CLR)     -0.258    36.004    u_cpu/core_inst/lsu_inst/store_queue_i/req_hold_addr_reg[21]
  -------------------------------------------------------------------
                         required time                         36.004    
                         arrival time                         -24.818    
  -------------------------------------------------------------------
                         slack                                 11.185    





---------------------------------------------------------------------------------------------------
Path Group:  **async_default**
From Clock:  dbg_hub/inst/BSCANID.u_xsdbm_id/SWITCH_N_EXT_BSCAN.bscan_inst/SERIES7_BSCAN.bscan_inst/TCK
  To Clock:  dbg_hub/inst/BSCANID.u_xsdbm_id/SWITCH_N_EXT_BSCAN.bscan_inst/SERIES7_BSCAN.bscan_inst/TCK

Setup :            0  Failing Endpoints,  Worst Slack       28.799ns,  Total Violation        0.000ns
Hold  :           NA  Failing Endpoints,  Worst Slack           NA  ,  Total Violation           NA
---------------------------------------------------------------------------------------------------


Max Delay Paths
--------------------------------------------------------------------------------------
Slack (MET) :             28.799ns  (required time - arrival time)
  Source:                 dbg_hub/inst/BSCANID.u_xsdbm_id/SWITCH_N_EXT_BSCAN.bscan_switch/portno_reg[0]/C
                            (rising edge-triggered cell FDRE clocked by dbg_hub/inst/BSCANID.u_xsdbm_id/SWITCH_N_EXT_BSCAN.bscan_inst/SERIES7_BSCAN.bscan_inst/TCK  {rise@0.000ns fall@16.500ns period=33.000ns})
  Destination:            dbg_hub/inst/BSCANID.u_xsdbm_id/CORE_XSDB.U_ICON/U_CMD/iTARGET_reg[6]/CLR
                            (recovery check against rising-edge clock dbg_hub/inst/BSCANID.u_xsdbm_id/SWITCH_N_EXT_BSCAN.bscan_inst/SERIES7_BSCAN.bscan_inst/TCK  {rise@0.000ns fall@16.500ns period=33.000ns})
  Path Group:             **async_default**
  Path Type:              Recovery (Max at Slow Process Corner)
  Requirement:            33.000ns  (dbg_hub/inst/BSCANID.u_xsdbm_id/SWITCH_N_EXT_BSCAN.bscan_inst/SERIES7_BSCAN.bscan_inst/TCK rise@33.000ns - dbg_hub/inst/BSCANID.u_xsdbm_id/SWITCH_N_EXT_BSCAN.bscan_inst/SERIES7_BSCAN.bscan_inst/TCK rise@0.000ns)
  Data Path Delay:        3.725ns  (logic 0.878ns (23.572%)  route 2.847ns (76.429%))
  Logic Levels:           3  (LUT1=1 LUT4=1 LUT6=1)
  Clock Path Skew:        -0.110ns (DCD - SCD + CPR)
    Destination Clock Delay (DCD):    3.680ns = ( 36.680 - 33.000 ) 
    Source Clock Delay      (SCD):    4.160ns
    Clock Pessimism Removal (CPR):    0.370ns
  Clock Uncertainty:      0.035ns  ((TSJ^2 + TIJ^2)^1/2 + DJ) / 2 + PE
    Total System Jitter     (TSJ):    0.071ns
    Total Input Jitter      (TIJ):    0.000ns
    Discrete Jitter          (DJ):    0.000ns
    Phase Error              (PE):    0.000ns

    Location             Delay type                Incr(ns)  Path(ns)    Netlist Resource(s)
  -------------------------------------------------------------------    -------------------
                         (clock dbg_hub/inst/BSCANID.u_xsdbm_id/SWITCH_N_EXT_BSCAN.bscan_inst/SERIES7_BSCAN.bscan_inst/TCK rise edge)
                                                      0.000     0.000 r  
    BSCAN_X0Y0           BSCANE2                      0.000     0.000 r  dbg_hub/inst/BSCANID.u_xsdbm_id/SWITCH_N_EXT_BSCAN.bscan_inst/SERIES7_BSCAN.bscan_inst/TCK
                         net (fo=1, routed)           2.705     2.705    dbg_hub/inst/BSCANID.u_xsdbm_id/tck_bs
    BUFGCTRL_X0Y4        BUFG (Prop_bufg_I_O)         0.081     2.786 r  dbg_hub/inst/BSCANID.u_xsdbm_id/SWITCH_N_EXT_BSCAN.u_bufg_icon_tck/O
                         net (fo=486, routed)         1.374     4.160    dbg_hub/inst/BSCANID.u_xsdbm_id/SWITCH_N_EXT_BSCAN.bscan_switch/s_bscan_tck
    SLICE_X86Y195        FDRE                                         r  dbg_hub/inst/BSCANID.u_xsdbm_id/SWITCH_N_EXT_BSCAN.bscan_switch/portno_reg[0]/C
  -------------------------------------------------------------------    -------------------
    SLICE_X86Y195        FDRE (Prop_fdre_C_Q)         0.379     4.539 f  dbg_hub/inst/BSCANID.u_xsdbm_id/SWITCH_N_EXT_BSCAN.bscan_switch/portno_reg[0]/Q
                         net (fo=1, routed)           1.061     5.601    dbg_hub/inst/BSCANID.u_xsdbm_id/SWITCH_N_EXT_BSCAN.bscan_switch/portno[0]
    SLICE_X86Y196        LUT6 (Prop_lut6_I2_O)        0.105     5.706 f  dbg_hub/inst/BSCANID.u_xsdbm_id/SWITCH_N_EXT_BSCAN.bscan_switch/m_bscan_drck[0]_INST_0_i_1/O
                         net (fo=5, routed)           0.680     6.385    dbg_hub/inst/BSCANID.u_xsdbm_id/SWITCH_N_EXT_BSCAN.bscan_switch/m_bscan_drck[0]_INST_0_i_1_n_0
    SLICE_X86Y195        LUT4 (Prop_lut4_I3_O)        0.119     6.504 r  dbg_hub/inst/BSCANID.u_xsdbm_id/SWITCH_N_EXT_BSCAN.bscan_switch/m_bscan_sel[0]_INST_0/O
                         net (fo=2, routed)           0.595     7.099    dbg_hub/inst/BSCANID.u_xsdbm_id/CORE_XSDB.U_ICON/U_CMD/iTARGET_reg[6]_0
    SLICE_X83Y195        LUT1 (Prop_lut1_I0_O)        0.275     7.374 f  dbg_hub/inst/BSCANID.u_xsdbm_id/CORE_XSDB.U_ICON/U_CMD/iTARGET[15]_i_2/O
                         net (fo=10, routed)          0.511     7.885    dbg_hub/inst/BSCANID.u_xsdbm_id/CORE_XSDB.U_ICON/U_CMD/iSEL_n
    SLICE_X82Y193        FDCE                                         f  dbg_hub/inst/BSCANID.u_xsdbm_id/CORE_XSDB.U_ICON/U_CMD/iTARGET_reg[6]/CLR
  -------------------------------------------------------------------    -------------------

                         (clock dbg_hub/inst/BSCANID.u_xsdbm_id/SWITCH_N_EXT_BSCAN.bscan_inst/SERIES7_BSCAN.bscan_inst/TCK rise edge)
                                                     33.000    33.000 r  
    BSCAN_X0Y0           BSCANE2                      0.000    33.000 r  dbg_hub/inst/BSCANID.u_xsdbm_id/SWITCH_N_EXT_BSCAN.bscan_inst/SERIES7_BSCAN.bscan_inst/TCK
                         net (fo=1, routed)           2.346    35.346    dbg_hub/inst/BSCANID.u_xsdbm_id/tck_bs
    BUFGCTRL_X0Y4        BUFG (Prop_bufg_I_O)         0.077    35.423 r  dbg_hub/inst/BSCANID.u_xsdbm_id/SWITCH_N_EXT_BSCAN.u_bufg_icon_tck/O
                         net (fo=486, routed)         1.257    36.680    dbg_hub/inst/BSCANID.u_xsdbm_id/CORE_XSDB.U_ICON/U_CMD/m_bscan_tck[0]
    SLICE_X82Y193        FDCE                                         r  dbg_hub/inst/BSCANID.u_xsdbm_id/CORE_XSDB.U_ICON/U_CMD/iTARGET_reg[6]/C
                         clock pessimism              0.370    37.050    
                         clock uncertainty           -0.035    37.015    
    SLICE_X82Y193        FDCE (Recov_fdce_C_CLR)     -0.331    36.684    dbg_hub/inst/BSCANID.u_xsdbm_id/CORE_XSDB.U_ICON/U_CMD/iTARGET_reg[6]
  -------------------------------------------------------------------
                         required time                         36.684    
                         arrival time                          -7.885    
  -------------------------------------------------------------------
                         slack                                 28.799    





---------------------------------------------------------------------------------------------------
Path Group:  **async_default**
From Clock:  clk_pll_i
  To Clock:  sys_clk

Setup :            0  Failing Endpoints,  Worst Slack        3.555ns,  Total Violation        0.000ns
Hold  :           NA  Failing Endpoints,  Worst Slack           NA  ,  Total Violation           NA
---------------------------------------------------------------------------------------------------


Max Delay Paths
--------------------------------------------------------------------------------------
Slack (MET) :             3.555ns  (required time - arrival time)
  Source:                 ddr3.u_axi_wrap_ddr/ddr_aresetn_reg/C
                            (rising edge-triggered cell FDRE clocked by clk_pll_i  {rise@0.000ns fall@5.000ns period=10.000ns})
  Destination:            ddr3.u_axi_wrap_ddr/u_Axi_CDC/bFifo/bufferCC_12/buffers_0_reg/CLR
                            (recovery check against rising-edge clock sys_clk  {rise@0.000ns fall@5.000ns period=10.000ns})
  Path Group:             **async_default**
  Path Type:              Recovery (Max at Slow Process Corner)
  Requirement:            10.000ns  (sys_clk rise@10.000ns - clk_pll_i rise@0.000ns)
  Data Path Delay:        3.218ns  (logic 0.484ns (15.041%)  route 2.734ns (84.959%))
  Logic Levels:           1  (LUT1=1)
  Clock Path Skew:        -2.660ns (DCD - SCD + CPR)
    Destination Clock Delay (DCD):    5.430ns = ( 15.430 - 10.000 ) 
    Source Clock Delay      (SCD):    8.291ns
    Clock Pessimism Removal (CPR):    0.201ns
  Clock Uncertainty:      0.236ns  ((TSJ^2 + DJ^2)^1/2) / 2 + PE
    Total System Jitter     (TSJ):    0.071ns
    Discrete Jitter          (DJ):    0.175ns
    Phase Error              (PE):    0.142ns

    Location             Delay type                Incr(ns)  Path(ns)    Netlist Resource(s)
  -------------------------------------------------------------------    -------------------
                         (clock clk_pll_i rise edge)
                                                      0.000     0.000 r  
    AC19                                              0.000     0.000 r  clk (IN)
                         net (fo=0)                   0.000     0.000    clk
    AC19                 IBUF (Prop_ibuf_I_O)         1.416     1.416 r  clk_IBUF_inst/O
                         net (fo=1, routed)           2.602     4.018    clk_IBUF
    BUFGCTRL_X0Y0        BUFG (Prop_bufg_I_O)         0.081     4.099 r  clk_IBUF_BUFG_inst/O
                         net (fo=2000, routed)        1.696     5.795    ddr3.u_axi_wrap_ddr/mig_axi/u_mig_axi_32_mig/u_ddr3_infrastructure/mmcm_clk
    PLLE2_ADV_X0Y4       PLLE2_ADV (Prop_plle2_adv_CLKIN1_CLKOUT3)
                                                      0.077     5.872 r  ddr3.u_axi_wrap_ddr/mig_axi/u_mig_axi_32_mig/u_ddr3_infrastructure/plle2_i/CLKOUT3
                         net (fo=1, routed)           1.429     7.301    ddr3.u_axi_wrap_ddr/mig_axi/u_mig_axi_32_mig/u_ddr3_infrastructure/pll_clk3_out
    BUFHCE_X0Y48         BUFH (Prop_bufh_I_O)         0.106     7.407 r  ddr3.u_axi_wrap_ddr/mig_axi/u_mig_axi_32_mig/u_ddr3_infrastructure/u_bufh_pll_clk3/O
                         net (fo=1, routed)           0.841     8.248    ddr3.u_axi_wrap_ddr/mig_axi/u_mig_axi_32_mig/u_ddr3_infrastructure/pll_clk3
    MMCME2_ADV_X0Y4      MMCME2_ADV (Prop_mmcme2_adv_CLKIN1_CLKFBOUT)
                                                     -3.816     4.432 r  ddr3.u_axi_wrap_ddr/mig_axi/u_mig_axi_32_mig/u_ddr3_infrastructure/gen_mmcm.mmcm_i/CLKFBOUT
                         net (fo=1, routed)           2.061     6.493    ddr3.u_axi_wrap_ddr/mig_axi/u_mig_axi_32_mig/u_ddr3_infrastructure/clk_pll_i
    BUFGCTRL_X0Y16       BUFG (Prop_bufg_I_O)         0.081     6.574 r  ddr3.u_axi_wrap_ddr/mig_axi/u_mig_axi_32_mig/u_ddr3_infrastructure/u_bufg_clkdiv0/O
                         net (fo=7005, routed)        1.717     8.291    ddr3.u_axi_wrap_ddr/ui_clk
    SLICE_X5Y234         FDRE                                         r  ddr3.u_axi_wrap_ddr/ddr_aresetn_reg/C
  -------------------------------------------------------------------    -------------------
    SLICE_X5Y234         FDRE (Prop_fdre_C_Q)         0.379     8.670 r  ddr3.u_axi_wrap_ddr/ddr_aresetn_reg/Q
                         net (fo=3, routed)           1.737    10.407    ddr3.u_axi_wrap_ddr/u_Axi_CDC/rFifo/popToPushGray_buffercc/aresetn
    SLICE_X17Y211        LUT1 (Prop_lut1_I0_O)        0.105    10.512 f  ddr3.u_axi_wrap_ddr/u_Axi_CDC/rFifo/popToPushGray_buffercc/pushCC_pushPtr[2]_i_3__0/O
                         net (fo=30, routed)          0.997    11.509    ddr3.u_axi_wrap_ddr/u_Axi_CDC/bFifo/bufferCC_12/buffers_0_reg_0
    SLICE_X28Y213        FDCE                                         f  ddr3.u_axi_wrap_ddr/u_Axi_CDC/bFifo/bufferCC_12/buffers_0_reg/CLR
  -------------------------------------------------------------------    -------------------

                         (clock sys_clk rise edge)   10.000    10.000 r  
    AC19                                              0.000    10.000 r  clk (IN)
                         net (fo=0)                   0.000    10.000    clk
    AC19                 IBUF (Prop_ibuf_I_O)         1.350    11.350 r  clk_IBUF_inst/O
                         net (fo=1, routed)           2.471    13.821    clk_IBUF
    BUFGCTRL_X0Y0        BUFG (Prop_bufg_I_O)         0.077    13.898 r  clk_IBUF_BUFG_inst/O
                         net (fo=2000, routed)        1.434    15.331    fpga_pll.u_clk_pll/inst/clk_in1
    PLLE2_ADV_X0Y2       PLLE2_ADV (Prop_plle2_adv_CLKIN1_CLKOUT1)
                                                     -2.995    12.336 r  fpga_pll.u_clk_pll/inst/plle2_adv_inst/CLKOUT1
                         net (fo=1, routed)           1.484    13.821    fpga_pll.u_clk_pll/inst/sys_clk_clk_pll
    BUFGCTRL_X0Y3        BUFG (Prop_bufg_I_O)         0.077    13.898 r  fpga_pll.u_clk_pll/inst/clkout2_buf/O
                         net (fo=3588, routed)        1.532    15.430    ddr3.u_axi_wrap_ddr/u_Axi_CDC/bFifo/bufferCC_12/sys_clk
    SLICE_X28Y213        FDCE                                         r  ddr3.u_axi_wrap_ddr/u_Axi_CDC/bFifo/bufferCC_12/buffers_0_reg/C
                         clock pessimism              0.201    15.631    
                         clock uncertainty           -0.236    15.395    
    SLICE_X28Y213        FDCE (Recov_fdce_C_CLR)     -0.331    15.064    ddr3.u_axi_wrap_ddr/u_Axi_CDC/bFifo/bufferCC_12/buffers_0_reg
  -------------------------------------------------------------------
                         required time                         15.064    
                         arrival time                         -11.509    
  -------------------------------------------------------------------
                         slack                                  3.555    





---------------------------------------------------------------------------------------------------
Path Group:  **async_default**
From Clock:  sys_clk
  To Clock:  sys_clk

Setup :            0  Failing Endpoints,  Worst Slack        2.466ns,  Total Violation        0.000ns
Hold  :           NA  Failing Endpoints,  Worst Slack           NA  ,  Total Violation           NA
---------------------------------------------------------------------------------------------------


Max Delay Paths
--------------------------------------------------------------------------------------
Slack (MET) :             2.466ns  (required time - arrival time)
  Source:                 fpga_pll.u_rst_sys/delay_reg[1]/C
                            (rising edge-triggered cell FDCE clocked by sys_clk  {rise@0.000ns fall@5.000ns period=10.000ns})
  Destination:            ddr3.u_axi_wrap_ddr/b_countcmp_reg[0]/CLR
                            (recovery check against rising-edge clock sys_clk  {rise@0.000ns fall@5.000ns period=10.000ns})
  Path Group:             **async_default**
  Path Type:              Recovery (Max at Slow Process Corner)
  Requirement:            10.000ns  (sys_clk rise@10.000ns - sys_clk rise@0.000ns)
  Data Path Delay:        6.716ns  (logic 0.504ns (7.505%)  route 6.212ns (92.495%))
  Logic Levels:           1  (LUT1=1)
  Clock Path Skew:        -0.348ns (DCD - SCD + CPR)
    Destination Clock Delay (DCD):    5.269ns = ( 15.269 - 10.000 ) 
    Source Clock Delay      (SCD):    5.825ns
    Clock Pessimism Removal (CPR):    0.208ns
  Clock Uncertainty:      0.053ns  ((TSJ^2 + DJ^2)^1/2) / 2 + PE
    Total System Jitter     (TSJ):    0.071ns
    Discrete Jitter          (DJ):    0.079ns
    Phase Error              (PE):    0.000ns

    Location             Delay type                Incr(ns)  Path(ns)    Netlist Resource(s)
  -------------------------------------------------------------------    -------------------
                         (clock sys_clk rise edge)    0.000     0.000 r  
    AC19                                              0.000     0.000 r  clk (IN)
                         net (fo=0)                   0.000     0.000    clk
    AC19                 IBUF (Prop_ibuf_I_O)         1.416     1.416 r  clk_IBUF_inst/O
                         net (fo=1, routed)           2.602     4.018    clk_IBUF
    BUFGCTRL_X0Y0        BUFG (Prop_bufg_I_O)         0.081     4.099 r  clk_IBUF_BUFG_inst/O
                         net (fo=2000, routed)        1.536     5.635    fpga_pll.u_clk_pll/inst/clk_in1
    PLLE2_ADV_X0Y2       PLLE2_ADV (Prop_plle2_adv_CLKIN1_CLKOUT1)
                                                     -3.173     2.461 r  fpga_pll.u_clk_pll/inst/plle2_adv_inst/CLKOUT1
                         net (fo=1, routed)           1.557     4.018    fpga_pll.u_clk_pll/inst/sys_clk_clk_pll
    BUFGCTRL_X0Y3        BUFG (Prop_bufg_I_O)         0.081     4.099 r  fpga_pll.u_clk_pll/inst/clkout2_buf/O
                         net (fo=3588, routed)        1.726     5.825    fpga_pll.u_rst_sys/sys_clk
    SLICE_X0Y212         FDCE                                         r  fpga_pll.u_rst_sys/delay_reg[1]/C
  -------------------------------------------------------------------    -------------------
    SLICE_X0Y212         FDCE (Prop_fdce_C_Q)         0.379     6.204 r  fpga_pll.u_rst_sys/delay_reg[1]/Q
                         net (fo=36, routed)          2.090     8.294    fpga_pll.u_rst_sys/Q[0]
    SLICE_X8Y191         LUT1 (Prop_lut1_I0_O)        0.125     8.419 f  fpga_pll.u_rst_sys/pushCC_pushPtr[2]_i_3__1/O
                         net (fo=718, routed)         4.122    12.541    ddr3.u_axi_wrap_ddr/prst
    SLICE_X8Y165         FDCE                                         f  ddr3.u_axi_wrap_ddr/b_countcmp_reg[0]/CLR
  -------------------------------------------------------------------    -------------------

                         (clock sys_clk rise edge)   10.000    10.000 r  
    AC19                                              0.000    10.000 r  clk (IN)
                         net (fo=0)                   0.000    10.000    clk
    AC19                 IBUF (Prop_ibuf_I_O)         1.350    11.350 r  clk_IBUF_inst/O
                         net (fo=1, routed)           2.471    13.821    clk_IBUF
    BUFGCTRL_X0Y0        BUFG (Prop_bufg_I_O)         0.077    13.898 r  clk_IBUF_BUFG_inst/O
                         net (fo=2000, routed)        1.434    15.331    fpga_pll.u_clk_pll/inst/clk_in1
    PLLE2_ADV_X0Y2       PLLE2_ADV (Prop_plle2_adv_CLKIN1_CLKOUT1)
                                                     -2.995    12.336 r  fpga_pll.u_clk_pll/inst/plle2_adv_inst/CLKOUT1
                         net (fo=1, routed)           1.484    13.821    fpga_pll.u_clk_pll/inst/sys_clk_clk_pll
    BUFGCTRL_X0Y3        BUFG (Prop_bufg_I_O)         0.077    13.898 r  fpga_pll.u_clk_pll/inst/clkout2_buf/O
                         net (fo=3588, routed)        1.371    15.269    ddr3.u_axi_wrap_ddr/sys_clk
    SLICE_X8Y165         FDCE                                         r  ddr3.u_axi_wrap_ddr/b_countcmp_reg[0]/C
                         clock pessimism              0.208    15.477    
                         clock uncertainty           -0.053    15.424    
    SLICE_X8Y165         FDCE (Recov_fdce_C_CLR)     -0.417    15.007    ddr3.u_axi_wrap_ddr/b_countcmp_reg[0]
  -------------------------------------------------------------------
                         required time                         15.007    
                         arrival time                         -12.541    
  -------------------------------------------------------------------
                         slack                                  2.466    





---------------------------------------------------------------------------------------------------
Path Group:  **default**
From Clock:  clk_pll_i
  To Clock:  

Setup :            0  Failing Endpoints,  Worst Slack        2.277ns,  Total Violation        0.000ns
Hold  :           NA  Failing Endpoints,  Worst Slack           NA  ,  Total Violation           NA
---------------------------------------------------------------------------------------------------


Max Delay Paths
--------------------------------------------------------------------------------------
Slack (MET) :             2.277ns  (required time - arrival time)
  Source:                 ddr3.u_axi_wrap_ddr/mig_axi/u_mig_axi_32_mig/u_ddr3_infrastructure/rstdiv0_sync_r1_reg_rep/C
                            (rising edge-triggered cell FDPE clocked by clk_pll_i  {rise@0.000ns fall@5.000ns period=10.000ns})
  Destination:            ddr3.u_axi_wrap_ddr/mig_axi/u_mig_axi_32_mig/u_memc_ui_top_axi/mem_intfc0/ddr_phy_top0/u_ddr_mc_phy_wrapper/u_ddr_mc_phy/ddr_phy_4lanes_0.u_ddr_phy_4lanes/phy_control_i/RESET
  Path Group:             **default**
  Path Type:              Max at Slow Process Corner
  Requirement:            5.000ns  (MaxDelay Path 5.000ns)
  Data Path Delay:        2.723ns  (logic 0.379ns (13.916%)  route 2.344ns (86.084%))
  Logic Levels:           0  
  Output Delay:           0.000ns
  Timing Exception:       MaxDelay Path 5.000ns -datapath_only

    Location             Delay type                Incr(ns)  Path(ns)    Netlist Resource(s)
  -------------------------------------------------------------------    -------------------
    SLICE_X33Y244                                     0.000     0.000 r  ddr3.u_axi_wrap_ddr/mig_axi/u_mig_axi_32_mig/u_ddr3_infrastructure/rstdiv0_sync_r1_reg_rep/C
    SLICE_X33Y244        FDPE (Prop_fdpe_C_Q)         0.379     0.379 r  ddr3.u_axi_wrap_ddr/mig_axi/u_mig_axi_32_mig/u_ddr3_infrastructure/rstdiv0_sync_r1_reg_rep/Q
                         net (fo=32, routed)          2.344     2.723    ddr3.u_axi_wrap_ddr/mig_axi/u_mig_axi_32_mig/u_memc_ui_top_axi/mem_intfc0/ddr_phy_top0/u_ddr_mc_phy_wrapper/u_ddr_mc_phy/ddr_phy_4lanes_0.u_ddr_phy_4lanes/in0
    PHY_CONTROL_X0Y4     PHY_CONTROL                                  r  ddr3.u_axi_wrap_ddr/mig_axi/u_mig_axi_32_mig/u_memc_ui_top_axi/mem_intfc0/ddr_phy_top0/u_ddr_mc_phy_wrapper/u_ddr_mc_phy/ddr_phy_4lanes_0.u_ddr_phy_4lanes/phy_control_i/RESET
  -------------------------------------------------------------------    -------------------

                         max delay                    5.000     5.000    
    PHY_CONTROL_X0Y4     PHY_CONTROL                  0.000     5.000    ddr3.u_axi_wrap_ddr/mig_axi/u_mig_axi_32_mig/u_memc_ui_top_axi/mem_intfc0/ddr_phy_top0/u_ddr_mc_phy_wrapper/u_ddr_mc_phy/ddr_phy_4lanes_0.u_ddr_phy_4lanes/phy_control_i
                         output delay                -0.000     5.000    
  -------------------------------------------------------------------
                         required time                          5.000    
                         arrival time                          -2.723    
  -------------------------------------------------------------------
                         slack                                  2.277    





--------------------------------------------------------------------------------------
Path Group:  (none)
From Clock:  clk
  To Clock:  clk

Max Delay           146 Endpoints
Min Delay             0 Endpoints
--------------------------------------------------------------------------------------


Max Delay Paths
--------------------------------------------------------------------------------------
Slack:                    inf
  Source:                 vio/inst/DECODER_INST/Hold_probe_in_reg/C
                            (rising edge-triggered cell FDRE clocked by clk  {rise@0.000ns fall@5.000ns period=10.000ns})
  Destination:            vio/inst/PROBE_IN_INST/probe_in_reg_reg[0]/CE
                            (rising edge-triggered cell FDRE clocked by clk  {rise@0.000ns fall@5.000ns period=10.000ns})
  Path Group:             (none)
  Path Type:              Setup (Max at Slow Process Corner)
  Data Path Delay:        2.519ns  (logic 0.484ns (19.214%)  route 2.035ns (80.786%))
  Logic Levels:           1  (LUT1=1)
  Clock Path Skew:        -0.321ns (DCD - SCD + CPR)
    Destination Clock Delay (DCD):    5.175ns
    Source Clock Delay      (SCD):    5.496ns
    Clock Pessimism Removal (CPR):    0.000ns
  Clock Uncertainty:      0.035ns  ((TSJ^2 + TIJ^2)^1/2 + DJ) / 2 + PE
    Total System Jitter     (TSJ):    0.071ns
    Total Input Jitter      (TIJ):    0.000ns
    Discrete Jitter          (DJ):    0.000ns
    Phase Error              (PE):    0.000ns
  Timing Exception:       False Path

    Location             Delay type                Incr(ns)  Path(ns)    Netlist Resource(s)
  -------------------------------------------------------------------    -------------------
                         (clock clk rise edge)        0.000     0.000 r  
    AC19                                              0.000     0.000 r  clk (IN)
                         net (fo=0)                   0.000     0.000    clk
    AC19                 IBUF (Prop_ibuf_I_O)         1.416     1.416 r  clk_IBUF_inst/O
                         net (fo=1, routed)           2.602     4.018    clk_IBUF
    BUFGCTRL_X0Y0        BUFG (Prop_bufg_I_O)         0.081     4.099 r  clk_IBUF_BUFG_inst/O
                         net (fo=2000, routed)        1.397     5.496    vio/inst/DECODER_INST/out
    SLICE_X54Y197        FDRE                                         r  vio/inst/DECODER_INST/Hold_probe_in_reg/C
  -------------------------------------------------------------------    -------------------
    SLICE_X54Y197        FDRE (Prop_fdre_C_Q)         0.379     5.875 f  vio/inst/DECODER_INST/Hold_probe_in_reg/Q
                         net (fo=1, routed)           0.556     6.431    vio/inst/DECODER_INST/Hold_probe_in
    SLICE_X55Y197        LUT1 (Prop_lut1_I0_O)        0.105     6.536 r  vio/inst/DECODER_INST/probe_in_reg[51]_i_1/O
                         net (fo=52, routed)          1.479     8.015    vio/inst/PROBE_IN_INST/E[0]
    SLICE_X67Y191        FDRE                                         r  vio/inst/PROBE_IN_INST/probe_in_reg_reg[0]/CE
  -------------------------------------------------------------------    -------------------

                         (clock clk rise edge)        0.000     0.000 r  
    AC19                                              0.000     0.000 r  clk (IN)
                         net (fo=0)                   0.000     0.000    clk
    AC19                 IBUF (Prop_ibuf_I_O)         1.350     1.350 r  clk_IBUF_inst/O
                         net (fo=1, routed)           2.471     3.821    clk_IBUF
    BUFGCTRL_X0Y0        BUFG (Prop_bufg_I_O)         0.077     3.898 r  clk_IBUF_BUFG_inst/O
                         net (fo=2000, routed)        1.277     5.175    vio/inst/PROBE_IN_INST/clk
    SLICE_X67Y191        FDRE                                         r  vio/inst/PROBE_IN_INST/probe_in_reg_reg[0]/C





--------------------------------------------------------------------------------------
Path Group:  (none)
From Clock:  dbg_hub/inst/BSCANID.u_xsdbm_id/SWITCH_N_EXT_BSCAN.bscan_inst/SERIES7_BSCAN.bscan_inst/TCK
  To Clock:  clk

Max Delay            79 Endpoints
Min Delay             0 Endpoints
--------------------------------------------------------------------------------------


Max Delay Paths
--------------------------------------------------------------------------------------
Slack:                    inf
  Source:                 dbg_hub/inst/BSCANID.u_xsdbm_id/CORE_XSDB.UUT_MASTER/U_ICON_INTERFACE/wrdata_rst_reg/C
                            (rising edge-triggered cell FDRE clocked by dbg_hub/inst/BSCANID.u_xsdbm_id/SWITCH_N_EXT_BSCAN.bscan_inst/SERIES7_BSCAN.bscan_inst/TCK  {rise@0.000ns fall@16.500ns period=33.000ns})
  Destination:            dbg_hub/inst/BSCANID.u_xsdbm_id/CORE_XSDB.UUT_MASTER/U_ICON_INTERFACE/U_CMD6_WR/U_WR_FIFO/SUBCORE_FIFO.xsdbm_v3_0_0_wrfifo_inst/inst_fifo_gen/gconvfifo.rf/grf.rf/rstblk/ngwrdrst.grst.g7serrst.rst_rd_reg1_reg/PRE
                            (recovery check against rising-edge clock clk  {rise@0.000ns fall@5.000ns period=10.000ns})
  Path Group:             (none)
  Path Type:              Recovery (Max at Slow Process Corner)
  Data Path Delay:        2.585ns  (logic 0.433ns (16.751%)  route 2.152ns (83.249%))
  Logic Levels:           0  
  Clock Path Skew:        1.166ns (DCD - SCD + CPR)
    Destination Clock Delay (DCD):    5.340ns
    Source Clock Delay      (SCD):    4.173ns
    Clock Pessimism Removal (CPR):    0.000ns
  Clock Uncertainty:      0.035ns  ((TSJ^2 + TIJ^2)^1/2 + DJ) / 2 + PE
    Total System Jitter     (TSJ):    0.071ns
    Total Input Jitter      (TIJ):    0.000ns
    Discrete Jitter          (DJ):    0.000ns
    Phase Error              (PE):    0.000ns
  Timing Exception:       False Path

    Location             Delay type                Incr(ns)  Path(ns)    Netlist Resource(s)
  -------------------------------------------------------------------    -------------------
                         (clock dbg_hub/inst/BSCANID.u_xsdbm_id/SWITCH_N_EXT_BSCAN.bscan_inst/SERIES7_BSCAN.bscan_inst/TCK rise edge)
                                                      0.000     0.000 r  
    BSCAN_X0Y0           BSCANE2                      0.000     0.000 r  dbg_hub/inst/BSCANID.u_xsdbm_id/SWITCH_N_EXT_BSCAN.bscan_inst/SERIES7_BSCAN.bscan_inst/TCK
                         net (fo=1, routed)           2.705     2.705    dbg_hub/inst/BSCANID.u_xsdbm_id/tck_bs
    BUFGCTRL_X0Y4        BUFG (Prop_bufg_I_O)         0.081     2.786 r  dbg_hub/inst/BSCANID.u_xsdbm_id/SWITCH_N_EXT_BSCAN.u_bufg_icon_tck/O
                         net (fo=486, routed)         1.387     4.173    dbg_hub/inst/BSCANID.u_xsdbm_id/CORE_XSDB.UUT_MASTER/U_ICON_INTERFACE/m_bscan_tck[0]
    SLICE_X66Y192        FDRE                                         r  dbg_hub/inst/BSCANID.u_xsdbm_id/CORE_XSDB.UUT_MASTER/U_ICON_INTERFACE/wrdata_rst_reg/C
  -------------------------------------------------------------------    -------------------
    SLICE_X66Y192        FDRE (Prop_fdre_C_Q)         0.433     4.606 f  dbg_hub/inst/BSCANID.u_xsdbm_id/CORE_XSDB.UUT_MASTER/U_ICON_INTERFACE/wrdata_rst_reg/Q
                         net (fo=20, routed)          2.152     6.758    dbg_hub/inst/BSCANID.u_xsdbm_id/CORE_XSDB.UUT_MASTER/U_ICON_INTERFACE/U_CMD6_WR/U_WR_FIFO/SUBCORE_FIFO.xsdbm_v3_0_0_wrfifo_inst/inst_fifo_gen/gconvfifo.rf/grf.rf/rstblk/rst
    SLICE_X45Y222        FDPE                                         f  dbg_hub/inst/BSCANID.u_xsdbm_id/CORE_XSDB.UUT_MASTER/U_ICON_INTERFACE/U_CMD6_WR/U_WR_FIFO/SUBCORE_FIFO.xsdbm_v3_0_0_wrfifo_inst/inst_fifo_gen/gconvfifo.rf/grf.rf/rstblk/ngwrdrst.grst.g7serrst.rst_rd_reg1_reg/PRE
  -------------------------------------------------------------------    -------------------

                         (clock clk rise edge)        0.000     0.000 r  
    AC19                                              0.000     0.000 r  clk (IN)
                         net (fo=0)                   0.000     0.000    clk
    AC19                 IBUF (Prop_ibuf_I_O)         1.350     1.350 r  clk_IBUF_inst/O
                         net (fo=1, routed)           2.471     3.821    clk_IBUF
    BUFGCTRL_X0Y0        BUFG (Prop_bufg_I_O)         0.077     3.898 r  clk_IBUF_BUFG_inst/O
                         net (fo=2000, routed)        1.442     5.340    dbg_hub/inst/BSCANID.u_xsdbm_id/CORE_XSDB.UUT_MASTER/U_ICON_INTERFACE/U_CMD6_WR/U_WR_FIFO/SUBCORE_FIFO.xsdbm_v3_0_0_wrfifo_inst/inst_fifo_gen/gconvfifo.rf/grf.rf/rstblk/rd_clk
    SLICE_X45Y222        FDPE                                         r  dbg_hub/inst/BSCANID.u_xsdbm_id/CORE_XSDB.UUT_MASTER/U_ICON_INTERFACE/U_CMD6_WR/U_WR_FIFO/SUBCORE_FIFO.xsdbm_v3_0_0_wrfifo_inst/inst_fifo_gen/gconvfifo.rf/grf.rf/rstblk/ngwrdrst.grst.g7serrst.rst_rd_reg1_reg/C





--------------------------------------------------------------------------------------
Path Group:  (none)
From Clock:  sys_clk
  To Clock:  clk

Max Delay            93 Endpoints
Min Delay             0 Endpoints
--------------------------------------------------------------------------------------


Max Delay Paths
--------------------------------------------------------------------------------------
Slack:                    inf
  Source:                 u_jtag_axi_wrap/u_jtag_axi/inst/jtag_axi_engine_u/status_reg_datain_reg[12]/C
                            (rising edge-triggered cell FDRE clocked by sys_clk  {rise@0.000ns fall@5.000ns period=10.000ns})
  Destination:            u_jtag_axi_wrap/u_jtag_axi/inst/jtag_axi_engine_u/status_reg_datain_ff_reg[12]/D
                            (rising edge-triggered cell FDRE clocked by clk  {rise@0.000ns fall@5.000ns period=10.000ns})
  Path Group:             (none)
  Path Type:              Setup (Max at Slow Process Corner)
  Data Path Delay:        1.109ns  (logic 0.379ns (34.175%)  route 0.730ns (65.825%))
  Logic Levels:           0  
  Clock Path Skew:        -0.395ns (DCD - SCD + CPR)
    Destination Clock Delay (DCD):    5.346ns
    Source Clock Delay      (SCD):    5.741ns
    Clock Pessimism Removal (CPR):    0.000ns
  Clock Uncertainty:      0.137ns  ((TSJ^2 + DJ^2)^1/2) / 2 + PE
    Total System Jitter     (TSJ):    0.071ns
    Discrete Jitter          (DJ):    0.079ns
    Phase Error              (PE):    0.084ns
  Timing Exception:       Asynchronous Clock Groups

    Location             Delay type                Incr(ns)  Path(ns)    Netlist Resource(s)
  -------------------------------------------------------------------    -------------------
                         (clock sys_clk rise edge)    0.000     0.000 r  
    AC19                                              0.000     0.000 r  clk (IN)
                         net (fo=0)                   0.000     0.000    clk
    AC19                 IBUF (Prop_ibuf_I_O)         1.416     1.416 r  clk_IBUF_inst/O
                         net (fo=1, routed)           2.602     4.018    clk_IBUF
    BUFGCTRL_X0Y0        BUFG (Prop_bufg_I_O)         0.081     4.099 r  clk_IBUF_BUFG_inst/O
                         net (fo=2000, routed)        1.536     5.635    fpga_pll.u_clk_pll/inst/clk_in1
    PLLE2_ADV_X0Y2       PLLE2_ADV (Prop_plle2_adv_CLKIN1_CLKOUT1)
                                                     -3.173     2.461 r  fpga_pll.u_clk_pll/inst/plle2_adv_inst/CLKOUT1
                         net (fo=1, routed)           1.557     4.018    fpga_pll.u_clk_pll/inst/sys_clk_clk_pll
    BUFGCTRL_X0Y3        BUFG (Prop_bufg_I_O)         0.081     4.099 r  fpga_pll.u_clk_pll/inst/clkout2_buf/O
                         net (fo=3588, routed)        1.642     5.741    u_jtag_axi_wrap/u_jtag_axi/inst/jtag_axi_engine_u/DEVICE_7SERIES.NO_BMM_INFO.SDP.WIDE_PRIM36_NO_ECC.ram
    SLICE_X35Y234        FDRE                                         r  u_jtag_axi_wrap/u_jtag_axi/inst/jtag_axi_engine_u/status_reg_datain_reg[12]/C
  -------------------------------------------------------------------    -------------------
    SLICE_X35Y234        FDRE (Prop_fdre_C_Q)         0.379     6.120 r  u_jtag_axi_wrap/u_jtag_axi/inst/jtag_axi_engine_u/status_reg_datain_reg[12]/Q
                         net (fo=1, routed)           0.730     6.850    u_jtag_axi_wrap/u_jtag_axi/inst/jtag_axi_engine_u/status_reg_datain[12]
    SLICE_X45Y234        FDRE                                         r  u_jtag_axi_wrap/u_jtag_axi/inst/jtag_axi_engine_u/status_reg_datain_ff_reg[12]/D
  -------------------------------------------------------------------    -------------------

                         (clock clk rise edge)        0.000     0.000 r  
    AC19                                              0.000     0.000 r  clk (IN)
                         net (fo=0)                   0.000     0.000    clk
    AC19                 IBUF (Prop_ibuf_I_O)         1.350     1.350 r  clk_IBUF_inst/O
                         net (fo=1, routed)           2.471     3.821    clk_IBUF
    BUFGCTRL_X0Y0        BUFG (Prop_bufg_I_O)         0.077     3.898 r  clk_IBUF_BUFG_inst/O
                         net (fo=2000, routed)        1.448     5.346    u_jtag_axi_wrap/u_jtag_axi/inst/jtag_axi_engine_u/xsdb_clk
    SLICE_X45Y234        FDRE                                         r  u_jtag_axi_wrap/u_jtag_axi/inst/jtag_axi_engine_u/status_reg_datain_ff_reg[12]/C





--------------------------------------------------------------------------------------
Path Group:  (none)
From Clock:  
  To Clock:  clk_pll_i

Max Delay            33 Endpoints
Min Delay             0 Endpoints
--------------------------------------------------------------------------------------


Max Delay Paths
--------------------------------------------------------------------------------------
Slack:                    inf
  Source:                 resetn_fpga
                            (input port)
  Destination:            ddr3.u_axi_wrap_ddr/mig_axi/u_mig_axi_32_mig/u_ddr3_infrastructure/rstdiv0_sync_r_reg[10]/PRE
                            (recovery check against rising-edge clock clk_pll_i  {rise@0.000ns fall@5.000ns period=10.000ns})
  Path Group:             (none)
  Path Type:              Recovery (Max at Slow Process Corner)
  Data Path Delay:        13.015ns  (logic 1.646ns (12.646%)  route 11.369ns (87.354%))
  Logic Levels:           3  (IBUF=1 LUT2=1 LUT4=1)
  Clock Path Skew:        7.677ns (DCD - SCD + CPR)
    Destination Clock Delay (DCD):    7.677ns
    Source Clock Delay      (SCD):    0.000ns
    Clock Pessimism Removal (CPR):    0.000ns
  Clock Uncertainty:      0.168ns  ((TSJ^2 + DJ^2)^1/2) / 2 + PE
    Total System Jitter     (TSJ):    0.050ns
    Discrete Jitter          (DJ):    0.096ns
    Phase Error              (PE):    0.114ns
  Timing Exception:       False Path

    Location             Delay type                Incr(ns)  Path(ns)    Netlist Resource(s)
  -------------------------------------------------------------------    -------------------
    Y3                                                0.000     0.000 r  resetn_fpga (IN)
                         net (fo=0)                   0.000     0.000    resetn_fpga
    Y3                   IBUF (Prop_ibuf_I_O)         1.436     1.436 r  resetn_fpga_IBUF_inst/O
                         net (fo=2, routed)           5.178     6.614    ddr3.u_axi_wrap_ddr/resetn_fpga_IBUF
    SLICE_X58Y195        LUT2 (Prop_lut2_I0_O)        0.105     6.719 r  ddr3.u_axi_wrap_ddr/mig_axi_i_3/O
                         net (fo=4, routed)           2.958     9.678    ddr3.u_axi_wrap_ddr/mig_axi/u_mig_axi_32_mig/u_iodelay_ctrl/sys_rst_i
    SLICE_X2Y230         LUT4 (Prop_lut4_I2_O)        0.105     9.783 f  ddr3.u_axi_wrap_ddr/mig_axi/u_mig_axi_32_mig/u_iodelay_ctrl/rstdiv2_sync_r[11]_i_1/O
                         net (fo=33, routed)          3.233    13.015    ddr3.u_axi_wrap_ddr/mig_axi/u_mig_axi_32_mig/u_ddr3_infrastructure/rst_tmp
    SLICE_X34Y245        FDPE                                         f  ddr3.u_axi_wrap_ddr/mig_axi/u_mig_axi_32_mig/u_ddr3_infrastructure/rstdiv0_sync_r_reg[10]/PRE
  -------------------------------------------------------------------    -------------------

                         (clock clk_pll_i rise edge)
                                                      0.000     0.000 r  
    AC19                                              0.000     0.000 r  clk (IN)
                         net (fo=0)                   0.000     0.000    clk
    AC19                 IBUF (Prop_ibuf_I_O)         1.350     1.350 r  clk_IBUF_inst/O
                         net (fo=1, routed)           2.471     3.821    clk_IBUF
    BUFGCTRL_X0Y0        BUFG (Prop_bufg_I_O)         0.077     3.898 r  clk_IBUF_BUFG_inst/O
                         net (fo=2000, routed)        1.586     5.484    ddr3.u_axi_wrap_ddr/mig_axi/u_mig_axi_32_mig/u_ddr3_infrastructure/mmcm_clk
    PLLE2_ADV_X0Y4       PLLE2_ADV (Prop_plle2_adv_CLKIN1_CLKOUT3)
                                                      0.073     5.557 r  ddr3.u_axi_wrap_ddr/mig_axi/u_mig_axi_32_mig/u_ddr3_infrastructure/plle2_i/CLKOUT3
                         net (fo=1, routed)           1.281     6.838    ddr3.u_axi_wrap_ddr/mig_axi/u_mig_axi_32_mig/u_ddr3_infrastructure/pll_clk3_out
    BUFHCE_X0Y48         BUFH (Prop_bufh_I_O)         0.069     6.907 r  ddr3.u_axi_wrap_ddr/mig_axi/u_mig_axi_32_mig/u_ddr3_infrastructure/u_bufh_pll_clk3/O
                         net (fo=1, routed)           0.805     7.712    ddr3.u_axi_wrap_ddr/mig_axi/u_mig_axi_32_mig/u_ddr3_infrastructure/pll_clk3
    MMCME2_ADV_X0Y4      MMCME2_ADV (Prop_mmcme2_adv_CLKIN1_CLKFBOUT)
                                                     -3.606     4.105 r  ddr3.u_axi_wrap_ddr/mig_axi/u_mig_axi_32_mig/u_ddr3_infrastructure/gen_mmcm.mmcm_i/CLKFBOUT
                         net (fo=1, routed)           1.964     6.070    ddr3.u_axi_wrap_ddr/mig_axi/u_mig_axi_32_mig/u_ddr3_infrastructure/clk_pll_i
    BUFGCTRL_X0Y16       BUFG (Prop_bufg_I_O)         0.077     6.147 r  ddr3.u_axi_wrap_ddr/mig_axi/u_mig_axi_32_mig/u_ddr3_infrastructure/u_bufg_clkdiv0/O
                         net (fo=7005, routed)        1.530     7.677    ddr3.u_axi_wrap_ddr/mig_axi/u_mig_axi_32_mig/u_ddr3_infrastructure/CLK
    SLICE_X34Y245        FDPE                                         r  ddr3.u_axi_wrap_ddr/mig_axi/u_mig_axi_32_mig/u_ddr3_infrastructure/rstdiv0_sync_r_reg[10]/C





--------------------------------------------------------------------------------------
Path Group:  (none)
From Clock:  clk
  To Clock:  clk_pll_i

Max Delay            33 Endpoints
Min Delay             0 Endpoints
--------------------------------------------------------------------------------------


Max Delay Paths
--------------------------------------------------------------------------------------
Slack:                    inf
  Source:                 vio/inst/PROBE_OUT_ALL_INST/G_PROBE_OUT[0].PROBE_OUT0_INST/Probe_out_reg[0]/C
                            (rising edge-triggered cell FDSE clocked by clk  {rise@0.000ns fall@5.000ns period=10.000ns})
  Destination:            ddr3.u_axi_wrap_ddr/mig_axi/u_mig_axi_32_mig/u_ddr3_infrastructure/rstdiv0_sync_r_reg[10]/PRE
                            (recovery check against rising-edge clock clk_pll_i  {rise@0.000ns fall@5.000ns period=10.000ns})
  Path Group:             (none)
  Path Type:              Recovery (Max at Slow Process Corner)
  Data Path Delay:        7.045ns  (logic 0.589ns (8.360%)  route 6.456ns (91.640%))
  Logic Levels:           2  (LUT2=1 LUT4=1)
  Clock Path Skew:        2.180ns (DCD - SCD + CPR)
    Destination Clock Delay (DCD):    7.677ns
    Source Clock Delay      (SCD):    5.496ns
    Clock Pessimism Removal (CPR):    0.000ns
  Clock Uncertainty:      0.174ns  ((TSJ^2 + DJ^2)^1/2) / 2 + PE
    Total System Jitter     (TSJ):    0.071ns
    Discrete Jitter          (DJ):    0.096ns
    Phase Error              (PE):    0.114ns
  Timing Exception:       False Path

    Location             Delay type                Incr(ns)  Path(ns)    Netlist Resource(s)
  -------------------------------------------------------------------    -------------------
                         (clock clk rise edge)        0.000     0.000 r  
    AC19                                              0.000     0.000 r  clk (IN)
                         net (fo=0)                   0.000     0.000    clk
    AC19                 IBUF (Prop_ibuf_I_O)         1.416     1.416 r  clk_IBUF_inst/O
                         net (fo=1, routed)           2.602     4.018    clk_IBUF
    BUFGCTRL_X0Y0        BUFG (Prop_bufg_I_O)         0.081     4.099 r  clk_IBUF_BUFG_inst/O
                         net (fo=2000, routed)        1.397     5.496    vio/inst/PROBE_OUT_ALL_INST/G_PROBE_OUT[0].PROBE_OUT0_INST/clk
    SLICE_X57Y195        FDSE                                         r  vio/inst/PROBE_OUT_ALL_INST/G_PROBE_OUT[0].PROBE_OUT0_INST/Probe_out_reg[0]/C
  -------------------------------------------------------------------    -------------------
    SLICE_X57Y195        FDSE (Prop_fdse_C_Q)         0.379     5.875 r  vio/inst/PROBE_OUT_ALL_INST/G_PROBE_OUT[0].PROBE_OUT0_INST/Probe_out_reg[0]/Q
                         net (fo=2, routed)           0.265     6.141    ddr3.u_axi_wrap_ddr/out
    SLICE_X58Y195        LUT2 (Prop_lut2_I1_O)        0.105     6.246 r  ddr3.u_axi_wrap_ddr/mig_axi_i_3/O
                         net (fo=4, routed)           2.958     9.204    ddr3.u_axi_wrap_ddr/mig_axi/u_mig_axi_32_mig/u_iodelay_ctrl/sys_rst_i
    SLICE_X2Y230         LUT4 (Prop_lut4_I2_O)        0.105     9.309 f  ddr3.u_axi_wrap_ddr/mig_axi/u_mig_axi_32_mig/u_iodelay_ctrl/rstdiv2_sync_r[11]_i_1/O
                         net (fo=33, routed)          3.233    12.541    ddr3.u_axi_wrap_ddr/mig_axi/u_mig_axi_32_mig/u_ddr3_infrastructure/rst_tmp
    SLICE_X34Y245        FDPE                                         f  ddr3.u_axi_wrap_ddr/mig_axi/u_mig_axi_32_mig/u_ddr3_infrastructure/rstdiv0_sync_r_reg[10]/PRE
  -------------------------------------------------------------------    -------------------

                         (clock clk_pll_i rise edge)
                                                      0.000     0.000 r  
    AC19                                              0.000     0.000 r  clk (IN)
                         net (fo=0)                   0.000     0.000    clk
    AC19                 IBUF (Prop_ibuf_I_O)         1.350     1.350 r  clk_IBUF_inst/O
                         net (fo=1, routed)           2.471     3.821    clk_IBUF
    BUFGCTRL_X0Y0        BUFG (Prop_bufg_I_O)         0.077     3.898 r  clk_IBUF_BUFG_inst/O
                         net (fo=2000, routed)        1.586     5.484    ddr3.u_axi_wrap_ddr/mig_axi/u_mig_axi_32_mig/u_ddr3_infrastructure/mmcm_clk
    PLLE2_ADV_X0Y4       PLLE2_ADV (Prop_plle2_adv_CLKIN1_CLKOUT3)
                                                      0.073     5.557 r  ddr3.u_axi_wrap_ddr/mig_axi/u_mig_axi_32_mig/u_ddr3_infrastructure/plle2_i/CLKOUT3
                         net (fo=1, routed)           1.281     6.838    ddr3.u_axi_wrap_ddr/mig_axi/u_mig_axi_32_mig/u_ddr3_infrastructure/pll_clk3_out
    BUFHCE_X0Y48         BUFH (Prop_bufh_I_O)         0.069     6.907 r  ddr3.u_axi_wrap_ddr/mig_axi/u_mig_axi_32_mig/u_ddr3_infrastructure/u_bufh_pll_clk3/O
                         net (fo=1, routed)           0.805     7.712    ddr3.u_axi_wrap_ddr/mig_axi/u_mig_axi_32_mig/u_ddr3_infrastructure/pll_clk3
    MMCME2_ADV_X0Y4      MMCME2_ADV (Prop_mmcme2_adv_CLKIN1_CLKFBOUT)
                                                     -3.606     4.105 r  ddr3.u_axi_wrap_ddr/mig_axi/u_mig_axi_32_mig/u_ddr3_infrastructure/gen_mmcm.mmcm_i/CLKFBOUT
                         net (fo=1, routed)           1.964     6.070    ddr3.u_axi_wrap_ddr/mig_axi/u_mig_axi_32_mig/u_ddr3_infrastructure/clk_pll_i
    BUFGCTRL_X0Y16       BUFG (Prop_bufg_I_O)         0.077     6.147 r  ddr3.u_axi_wrap_ddr/mig_axi/u_mig_axi_32_mig/u_ddr3_infrastructure/u_bufg_clkdiv0/O
                         net (fo=7005, routed)        1.530     7.677    ddr3.u_axi_wrap_ddr/mig_axi/u_mig_axi_32_mig/u_ddr3_infrastructure/CLK
    SLICE_X34Y245        FDPE                                         r  ddr3.u_axi_wrap_ddr/mig_axi/u_mig_axi_32_mig/u_ddr3_infrastructure/rstdiv0_sync_r_reg[10]/C





--------------------------------------------------------------------------------------
Path Group:  (none)
From Clock:  mem_refclk
  To Clock:  clk_pll_i

Max Delay             2 Endpoints
Min Delay             0 Endpoints
--------------------------------------------------------------------------------------


Max Delay Paths
--------------------------------------------------------------------------------------
Slack:                    inf
  Source:                 ddr3.u_axi_wrap_ddr/mig_axi/u_mig_axi_32_mig/u_memc_ui_top_axi/mem_intfc0/ddr_phy_top0/u_ddr_mc_phy_wrapper/u_ddr_mc_phy/ddr_phy_4lanes_0.u_ddr_phy_4lanes/ddr_byte_lane_A.ddr_byte_lane_A/phaser_in_gen.phaser_in/MEMREFCLK
                            (rising edge-triggered cell PHASER_IN_PHY clocked by mem_refclk  {rise@0.000ns fall@1.250ns period=2.500ns})
  Destination:            ddr3.u_axi_wrap_ddr/mig_axi/u_mig_axi_32_mig/u_memc_ui_top_axi/mem_intfc0/ddr_phy_top0/u_ddr_calib_top/dqsfind_calib_left.u_ddr_phy_dqs_found_cal_hr/pi_dqs_found_lanes_r1_reg[0]/D
                            (rising edge-triggered cell FDRE clocked by clk_pll_i  {rise@0.000ns fall@5.000ns period=10.000ns})
  Path Group:             (none)
  Path Type:              Setup (Max at Slow Process Corner)
  Data Path Delay:        1.839ns  (logic 0.365ns (19.849%)  route 1.474ns (80.151%))
  Logic Levels:           0  
  Clock Path Skew:        1.288ns (DCD - SCD + CPR)
    Destination Clock Delay (DCD):    7.689ns
    Source Clock Delay      (SCD):    6.401ns
    Clock Pessimism Removal (CPR):    0.000ns
  Clock Uncertainty:      0.226ns  ((TSJ^2 + DJ^2)^1/2) / 2 + PE
    Total System Jitter     (TSJ):    0.071ns
    Discrete Jitter          (DJ):    0.098ns
    Phase Error              (PE):    0.166ns
  Timing Exception:       False Path

    Location             Delay type                Incr(ns)  Path(ns)    Netlist Resource(s)
  -------------------------------------------------------------------    -------------------
                         (clock mem_refclk rise edge)
                                                      0.000     0.000 r  
    AC19                                              0.000     0.000 r  clk (IN)
                         net (fo=0)                   0.000     0.000    clk
    AC19                 IBUF (Prop_ibuf_I_O)         1.416     1.416 r  clk_IBUF_inst/O
                         net (fo=1, routed)           2.602     4.018    clk_IBUF
    BUFGCTRL_X0Y0        BUFG (Prop_bufg_I_O)         0.081     4.099 r  clk_IBUF_BUFG_inst/O
                         net (fo=2000, routed)        1.696     5.795    ddr3.u_axi_wrap_ddr/mig_axi/u_mig_axi_32_mig/u_ddr3_infrastructure/mmcm_clk
    PLLE2_ADV_X0Y4       PLLE2_ADV (Prop_plle2_adv_CLKIN1_CLKOUT1)
                                                      0.077     5.872 r  ddr3.u_axi_wrap_ddr/mig_axi/u_mig_axi_32_mig/u_ddr3_infrastructure/plle2_i/CLKOUT1
                         net (fo=7, routed)           0.529     6.401    ddr3.u_axi_wrap_ddr/mig_axi/u_mig_axi_32_mig/u_memc_ui_top_axi/mem_intfc0/ddr_phy_top0/u_ddr_mc_phy_wrapper/u_ddr_mc_phy/ddr_phy_4lanes_0.u_ddr_phy_4lanes/ddr_byte_lane_A.ddr_byte_lane_A/mem_refclk
    PHASER_IN_PHY_X0Y16  PHASER_IN_PHY                                r  ddr3.u_axi_wrap_ddr/mig_axi/u_mig_axi_32_mig/u_memc_ui_top_axi/mem_intfc0/ddr_phy_top0/u_ddr_mc_phy_wrapper/u_ddr_mc_phy/ddr_phy_4lanes_0.u_ddr_phy_4lanes/ddr_byte_lane_A.ddr_byte_lane_A/phaser_in_gen.phaser_in/MEMREFCLK
  -------------------------------------------------------------------    -------------------
    PHASER_IN_PHY_X0Y16  PHASER_IN_PHY (Prop_phaser_in_phy_MEMREFCLK_DQSFOUND)
                                                      0.365     6.766 r  ddr3.u_axi_wrap_ddr/mig_axi/u_mig_axi_32_mig/u_memc_ui_top_axi/mem_intfc0/ddr_phy_top0/u_ddr_mc_phy_wrapper/u_ddr_mc_phy/ddr_phy_4lanes_0.u_ddr_phy_4lanes/ddr_byte_lane_A.ddr_byte_lane_A/phaser_in_gen.phaser_in/DQSFOUND
                         net (fo=1, routed)           1.474     8.240    ddr3.u_axi_wrap_ddr/mig_axi/u_mig_axi_32_mig/u_memc_ui_top_axi/mem_intfc0/ddr_phy_top0/u_ddr_calib_top/dqsfind_calib_left.u_ddr_phy_dqs_found_cal_hr/pi_dqs_found_lanes[0]
    SLICE_X10Y241        FDRE                                         r  ddr3.u_axi_wrap_ddr/mig_axi/u_mig_axi_32_mig/u_memc_ui_top_axi/mem_intfc0/ddr_phy_top0/u_ddr_calib_top/dqsfind_calib_left.u_ddr_phy_dqs_found_cal_hr/pi_dqs_found_lanes_r1_reg[0]/D
  -------------------------------------------------------------------    -------------------

                         (clock clk_pll_i rise edge)
                                                      0.000     0.000 r  
    AC19                                              0.000     0.000 r  clk (IN)
                         net (fo=0)                   0.000     0.000    clk
    AC19                 IBUF (Prop_ibuf_I_O)         1.350     1.350 r  clk_IBUF_inst/O
                         net (fo=1, routed)           2.471     3.821    clk_IBUF
    BUFGCTRL_X0Y0        BUFG (Prop_bufg_I_O)         0.077     3.898 r  clk_IBUF_BUFG_inst/O
                         net (fo=2000, routed)        1.586     5.484    ddr3.u_axi_wrap_ddr/mig_axi/u_mig_axi_32_mig/u_ddr3_infrastructure/mmcm_clk
    PLLE2_ADV_X0Y4       PLLE2_ADV (Prop_plle2_adv_CLKIN1_CLKOUT3)
                                                      0.073     5.557 r  ddr3.u_axi_wrap_ddr/mig_axi/u_mig_axi_32_mig/u_ddr3_infrastructure/plle2_i/CLKOUT3
                         net (fo=1, routed)           1.281     6.838    ddr3.u_axi_wrap_ddr/mig_axi/u_mig_axi_32_mig/u_ddr3_infrastructure/pll_clk3_out
    BUFHCE_X0Y48         BUFH (Prop_bufh_I_O)         0.069     6.907 r  ddr3.u_axi_wrap_ddr/mig_axi/u_mig_axi_32_mig/u_ddr3_infrastructure/u_bufh_pll_clk3/O
                         net (fo=1, routed)           0.805     7.712    ddr3.u_axi_wrap_ddr/mig_axi/u_mig_axi_32_mig/u_ddr3_infrastructure/pll_clk3
    MMCME2_ADV_X0Y4      MMCME2_ADV (Prop_mmcme2_adv_CLKIN1_CLKFBOUT)
                                                     -3.606     4.105 r  ddr3.u_axi_wrap_ddr/mig_axi/u_mig_axi_32_mig/u_ddr3_infrastructure/gen_mmcm.mmcm_i/CLKFBOUT
                         net (fo=1, routed)           1.964     6.070    ddr3.u_axi_wrap_ddr/mig_axi/u_mig_axi_32_mig/u_ddr3_infrastructure/clk_pll_i
    BUFGCTRL_X0Y16       BUFG (Prop_bufg_I_O)         0.077     6.147 r  ddr3.u_axi_wrap_ddr/mig_axi/u_mig_axi_32_mig/u_ddr3_infrastructure/u_bufg_clkdiv0/O
                         net (fo=7005, routed)        1.542     7.689    ddr3.u_axi_wrap_ddr/mig_axi/u_mig_axi_32_mig/u_memc_ui_top_axi/mem_intfc0/ddr_phy_top0/u_ddr_calib_top/dqsfind_calib_left.u_ddr_phy_dqs_found_cal_hr/CLK
    SLICE_X10Y241        FDRE                                         r  ddr3.u_axi_wrap_ddr/mig_axi/u_mig_axi_32_mig/u_memc_ui_top_axi/mem_intfc0/ddr_phy_top0/u_ddr_calib_top/dqsfind_calib_left.u_ddr_phy_dqs_found_cal_hr/pi_dqs_found_lanes_r1_reg[0]/C





--------------------------------------------------------------------------------------
Path Group:  (none)
From Clock:  sys_clk
  To Clock:  cpu_clk

Max Delay            72 Endpoints
Min Delay             0 Endpoints
--------------------------------------------------------------------------------------


Max Delay Paths
--------------------------------------------------------------------------------------
Slack:                    inf
  Source:                 fpga_pll.u_rst_sys/delay_reg[1]/C
                            (rising edge-triggered cell FDCE clocked by sys_clk  {rise@0.000ns fall@5.000ns period=10.000ns})
  Destination:            fpga_pll.u_rst_cpu/delay_reg[1]_rep__5/CLR
                            (recovery check against rising-edge clock cpu_clk  {rise@0.000ns fall@15.278ns period=30.556ns})
  Path Group:             (none)
  Path Type:              Recovery (Max at Slow Process Corner)
  Data Path Delay:        8.068ns  (logic 0.484ns (5.999%)  route 7.584ns (94.001%))
  Logic Levels:           1  (LUT2=1)
  Clock Path Skew:        -0.407ns (DCD - SCD + CPR)
    Destination Clock Delay (DCD):    5.418ns
    Source Clock Delay      (SCD):    5.825ns
    Clock Pessimism Removal (CPR):    0.000ns
  Clock Uncertainty:      0.180ns  ((TSJ^2 + DJ^2)^1/2) / 2 + PE
    Total System Jitter     (TSJ):    0.071ns
    Discrete Jitter          (DJ):    0.097ns
    Phase Error              (PE):    0.120ns
  Timing Exception:       Asynchronous Clock Groups

    Location             Delay type                Incr(ns)  Path(ns)    Netlist Resource(s)
  -------------------------------------------------------------------    -------------------
                         (clock sys_clk rise edge)    0.000     0.000 r  
    AC19                                              0.000     0.000 r  clk (IN)
                         net (fo=0)                   0.000     0.000    clk
    AC19                 IBUF (Prop_ibuf_I_O)         1.416     1.416 r  clk_IBUF_inst/O
                         net (fo=1, routed)           2.602     4.018    clk_IBUF
    BUFGCTRL_X0Y0        BUFG (Prop_bufg_I_O)         0.081     4.099 r  clk_IBUF_BUFG_inst/O
                         net (fo=2000, routed)        1.536     5.635    fpga_pll.u_clk_pll/inst/clk_in1
    PLLE2_ADV_X0Y2       PLLE2_ADV (Prop_plle2_adv_CLKIN1_CLKOUT1)
                                                     -3.173     2.461 r  fpga_pll.u_clk_pll/inst/plle2_adv_inst/CLKOUT1
                         net (fo=1, routed)           1.557     4.018    fpga_pll.u_clk_pll/inst/sys_clk_clk_pll
    BUFGCTRL_X0Y3        BUFG (Prop_bufg_I_O)         0.081     4.099 r  fpga_pll.u_clk_pll/inst/clkout2_buf/O
                         net (fo=3588, routed)        1.726     5.825    fpga_pll.u_rst_sys/sys_clk
    SLICE_X0Y212         FDCE                                         r  fpga_pll.u_rst_sys/delay_reg[1]/C
  -------------------------------------------------------------------    -------------------
    SLICE_X0Y212         FDCE (Prop_fdce_C_Q)         0.379     6.204 r  fpga_pll.u_rst_sys/delay_reg[1]/Q
                         net (fo=36, routed)          1.889     8.093    fpga_pll.u_rst_cpu/delay_reg[1]_rep__10_4[0]
    SLICE_X14Y188        LUT2 (Prop_lut2_I1_O)        0.105     8.198 f  fpga_pll.u_rst_cpu/delay[1]_i_1/O
                         net (fo=14, routed)          5.695    13.893    fpga_pll.u_rst_cpu/delay[1]_i_1_n_0
    SLICE_X30Y92         FDCE                                         f  fpga_pll.u_rst_cpu/delay_reg[1]_rep__5/CLR
  -------------------------------------------------------------------    -------------------

                         (clock cpu_clk rise edge)    0.000     0.000 r  
    AC19                                              0.000     0.000 r  clk (IN)
                         net (fo=0)                   0.000     0.000    clk
    AC19                 IBUF (Prop_ibuf_I_O)         1.350     1.350 r  clk_IBUF_inst/O
                         net (fo=1, routed)           2.471     3.821    clk_IBUF
    BUFGCTRL_X0Y0        BUFG (Prop_bufg_I_O)         0.077     3.898 r  clk_IBUF_BUFG_inst/O
                         net (fo=2000, routed)        1.434     5.331    fpga_pll.u_clk_pll/inst/clk_in1
    PLLE2_ADV_X0Y2       PLLE2_ADV (Prop_plle2_adv_CLKIN1_CLKOUT0)
                                                     -2.995     2.336 r  fpga_pll.u_clk_pll/inst/plle2_adv_inst/CLKOUT0
                         net (fo=1, routed)           1.484     3.821    fpga_pll.u_clk_pll/inst/cpu_clk_clk_pll
    BUFGCTRL_X0Y2        BUFG (Prop_bufg_I_O)         0.077     3.898 r  fpga_pll.u_clk_pll/inst/clkout1_buf/O
                         net (fo=59802, routed)       1.520     5.418    fpga_pll.u_rst_cpu/cpu_clk
    SLICE_X30Y92         FDCE                                         r  fpga_pll.u_rst_cpu/delay_reg[1]_rep__5/C





--------------------------------------------------------------------------------------
Path Group:  (none)
From Clock:  clk
  To Clock:  dbg_hub/inst/BSCANID.u_xsdbm_id/SWITCH_N_EXT_BSCAN.bscan_inst/SERIES7_BSCAN.bscan_inst/TCK

Max Delay            95 Endpoints
Min Delay             0 Endpoints
--------------------------------------------------------------------------------------


Max Delay Paths
--------------------------------------------------------------------------------------
Slack:                    inf
  Source:                 dbg_hub/inst/BSCANID.u_xsdbm_id/CORE_XSDB.UUT_MASTER/U_ICON_INTERFACE/U_CMD1/ctl_reg_reg[0]/C
                            (rising edge-triggered cell FDRE clocked by clk  {rise@0.000ns fall@5.000ns period=10.000ns})
  Destination:            dbg_hub/inst/BSCANID.u_xsdbm_id/CORE_XSDB.UUT_MASTER/U_ICON_INTERFACE/U_CMD7_CTL/shift_reg_in_reg[0]/R
                            (rising edge-triggered cell FDRE clocked by dbg_hub/inst/BSCANID.u_xsdbm_id/SWITCH_N_EXT_BSCAN.bscan_inst/SERIES7_BSCAN.bscan_inst/TCK  {rise@0.000ns fall@16.500ns period=33.000ns})
  Path Group:             (none)
  Path Type:              Setup (Max at Slow Process Corner)
  Data Path Delay:        2.644ns  (logic 0.433ns (16.374%)  route 2.211ns (83.626%))
  Logic Levels:           0  
  Clock Path Skew:        -1.801ns (DCD - SCD + CPR)
    Destination Clock Delay (DCD):    3.685ns
    Source Clock Delay      (SCD):    5.486ns
    Clock Pessimism Removal (CPR):    0.000ns
  Clock Uncertainty:      0.035ns  ((TSJ^2 + TIJ^2)^1/2 + DJ) / 2 + PE
    Total System Jitter     (TSJ):    0.071ns
    Total Input Jitter      (TIJ):    0.000ns
    Discrete Jitter          (DJ):    0.000ns
    Phase Error              (PE):    0.000ns
  Timing Exception:       False Path

    Location             Delay type                Incr(ns)  Path(ns)    Netlist Resource(s)
  -------------------------------------------------------------------    -------------------
                         (clock clk rise edge)        0.000     0.000 r  
    AC19                                              0.000     0.000 r  clk (IN)
                         net (fo=0)                   0.000     0.000    clk
    AC19                 IBUF (Prop_ibuf_I_O)         1.416     1.416 r  clk_IBUF_inst/O
                         net (fo=1, routed)           2.602     4.018    clk_IBUF
    BUFGCTRL_X0Y0        BUFG (Prop_bufg_I_O)         0.081     4.099 r  clk_IBUF_BUFG_inst/O
                         net (fo=2000, routed)        1.387     5.486    dbg_hub/inst/BSCANID.u_xsdbm_id/CORE_XSDB.UUT_MASTER/U_ICON_INTERFACE/U_CMD1/clk
    SLICE_X72Y195        FDRE                                         r  dbg_hub/inst/BSCANID.u_xsdbm_id/CORE_XSDB.UUT_MASTER/U_ICON_INTERFACE/U_CMD1/ctl_reg_reg[0]/C
  -------------------------------------------------------------------    -------------------
    SLICE_X72Y195        FDRE (Prop_fdre_C_Q)         0.433     5.919 r  dbg_hub/inst/BSCANID.u_xsdbm_id/CORE_XSDB.UUT_MASTER/U_ICON_INTERFACE/U_CMD1/ctl_reg_reg[0]/Q
                         net (fo=182, routed)         2.211     8.131    dbg_hub/inst/BSCANID.u_xsdbm_id/CORE_XSDB.UUT_MASTER/U_ICON_INTERFACE/U_CMD7_CTL/out
    SLICE_X79Y196        FDRE                                         r  dbg_hub/inst/BSCANID.u_xsdbm_id/CORE_XSDB.UUT_MASTER/U_ICON_INTERFACE/U_CMD7_CTL/shift_reg_in_reg[0]/R
  -------------------------------------------------------------------    -------------------

                         (clock dbg_hub/inst/BSCANID.u_xsdbm_id/SWITCH_N_EXT_BSCAN.bscan_inst/SERIES7_BSCAN.bscan_inst/TCK rise edge)
                                                      0.000     0.000 r  
    BSCAN_X0Y0           BSCANE2                      0.000     0.000 r  dbg_hub/inst/BSCANID.u_xsdbm_id/SWITCH_N_EXT_BSCAN.bscan_inst/SERIES7_BSCAN.bscan_inst/TCK
                         net (fo=1, routed)           2.346     2.346    dbg_hub/inst/BSCANID.u_xsdbm_id/tck_bs
    BUFGCTRL_X0Y4        BUFG (Prop_bufg_I_O)         0.077     2.423 r  dbg_hub/inst/BSCANID.u_xsdbm_id/SWITCH_N_EXT_BSCAN.u_bufg_icon_tck/O
                         net (fo=486, routed)         1.262     3.685    dbg_hub/inst/BSCANID.u_xsdbm_id/CORE_XSDB.UUT_MASTER/U_ICON_INTERFACE/U_CMD7_CTL/m_bscan_tck[0]
    SLICE_X79Y196        FDRE                                         r  dbg_hub/inst/BSCANID.u_xsdbm_id/CORE_XSDB.UUT_MASTER/U_ICON_INTERFACE/U_CMD7_CTL/shift_reg_in_reg[0]/C





--------------------------------------------------------------------------------------
Path Group:  (none)
From Clock:  
  To Clock:  ddr_clk

Max Delay            15 Endpoints
Min Delay             0 Endpoints
--------------------------------------------------------------------------------------


Max Delay Paths
--------------------------------------------------------------------------------------
Slack:                    inf
  Source:                 resetn_fpga
                            (input port)
  Destination:            ddr3.u_axi_wrap_ddr/mig_axi/u_mig_axi_32_mig/u_iodelay_ctrl/rst_ref_sync_r_reg[0][0]/PRE
                            (recovery check against rising-edge clock ddr_clk  {rise@0.000ns fall@2.500ns period=5.000ns})
  Path Group:             (none)
  Path Type:              Recovery (Max at Slow Process Corner)
  Data Path Delay:        11.015ns  (logic 1.646ns (14.943%)  route 9.369ns (85.057%))
  Logic Levels:           3  (IBUF=1 LUT1=1 LUT2=1)
  Clock Path Skew:        5.512ns (DCD - SCD + CPR)
    Destination Clock Delay (DCD):    5.512ns
    Source Clock Delay      (SCD):    0.000ns
    Clock Pessimism Removal (CPR):    0.000ns
  Clock Uncertainty:      0.160ns  ((TSJ^2 + DJ^2)^1/2) / 2 + PE
    Total System Jitter     (TSJ):    0.050ns
    Discrete Jitter          (DJ):    0.113ns
    Phase Error              (PE):    0.099ns
  Timing Exception:       False Path

    Location             Delay type                Incr(ns)  Path(ns)    Netlist Resource(s)
  -------------------------------------------------------------------    -------------------
    Y3                                                0.000     0.000 r  resetn_fpga (IN)
                         net (fo=0)                   0.000     0.000    resetn_fpga
    Y3                   IBUF (Prop_ibuf_I_O)         1.436     1.436 r  resetn_fpga_IBUF_inst/O
                         net (fo=2, routed)           5.178     6.614    ddr3.u_axi_wrap_ddr/resetn_fpga_IBUF
    SLICE_X58Y195        LUT2 (Prop_lut2_I0_O)        0.105     6.719 r  ddr3.u_axi_wrap_ddr/mig_axi_i_3/O
                         net (fo=4, routed)           3.188     9.907    ddr3.u_axi_wrap_ddr/mig_axi/u_mig_axi_32_mig/u_iodelay_ctrl/sys_rst_i
    SLICE_X1Y236         LUT1 (Prop_lut1_I0_O)        0.105    10.012 f  ddr3.u_axi_wrap_ddr/mig_axi/u_mig_axi_32_mig/u_iodelay_ctrl/plle2_i_i_1/O
                         net (fo=16, routed)          1.002    11.015    ddr3.u_axi_wrap_ddr/mig_axi/u_mig_axi_32_mig/u_iodelay_ctrl/AS[0]
    SLICE_X3Y247         FDPE                                         f  ddr3.u_axi_wrap_ddr/mig_axi/u_mig_axi_32_mig/u_iodelay_ctrl/rst_ref_sync_r_reg[0][0]/PRE
  -------------------------------------------------------------------    -------------------

                         (clock ddr_clk rise edge)    0.000     0.000 r  
    AC19                                              0.000     0.000 r  clk (IN)
                         net (fo=0)                   0.000     0.000    clk
    AC19                 IBUF (Prop_ibuf_I_O)         1.350     1.350 r  clk_IBUF_inst/O
                         net (fo=1, routed)           2.471     3.821    clk_IBUF
    BUFGCTRL_X0Y0        BUFG (Prop_bufg_I_O)         0.077     3.898 r  clk_IBUF_BUFG_inst/O
                         net (fo=2000, routed)        1.706     5.604    fpga_pll.u_clk_pll_ddr/inst/clk_in1
    PLLE2_ADV_X1Y0       PLLE2_ADV (Prop_plle2_adv_CLKIN1_CLKOUT0)
                                                     -3.960     1.644 r  fpga_pll.u_clk_pll_ddr/inst/plle2_adv_inst/CLKOUT0
                         net (fo=1, routed)           2.177     3.821    fpga_pll.u_clk_pll_ddr/inst/ddr_clk_clk_pll_ddr
    BUFGCTRL_X0Y1        BUFG (Prop_bufg_I_O)         0.077     3.898 r  fpga_pll.u_clk_pll_ddr/inst/clkout1_buf/O
                         net (fo=62, routed)          1.614     5.512    ddr3.u_axi_wrap_ddr/mig_axi/u_mig_axi_32_mig/u_iodelay_ctrl/clk_ref_i
    SLICE_X3Y247         FDPE                                         r  ddr3.u_axi_wrap_ddr/mig_axi/u_mig_axi_32_mig/u_iodelay_ctrl/rst_ref_sync_r_reg[0][0]/C





--------------------------------------------------------------------------------------
Path Group:  (none)
From Clock:  clk
  To Clock:  ddr_clk

Max Delay            15 Endpoints
Min Delay             0 Endpoints
--------------------------------------------------------------------------------------


Max Delay Paths
--------------------------------------------------------------------------------------
Slack:                    inf
  Source:                 vio/inst/PROBE_OUT_ALL_INST/G_PROBE_OUT[0].PROBE_OUT0_INST/Probe_out_reg[0]/C
                            (rising edge-triggered cell FDSE clocked by clk  {rise@0.000ns fall@5.000ns period=10.000ns})
  Destination:            ddr3.u_axi_wrap_ddr/mig_axi/u_mig_axi_32_mig/u_iodelay_ctrl/rst_ref_sync_r_reg[0][0]/PRE
                            (recovery check against rising-edge clock ddr_clk  {rise@0.000ns fall@2.500ns period=5.000ns})
  Path Group:             (none)
  Path Type:              Recovery (Max at Slow Process Corner)
  Data Path Delay:        5.045ns  (logic 0.589ns (11.676%)  route 4.456ns (88.324%))
  Logic Levels:           2  (LUT1=1 LUT2=1)
  Clock Path Skew:        0.015ns (DCD - SCD + CPR)
    Destination Clock Delay (DCD):    5.512ns
    Source Clock Delay      (SCD):    5.496ns
    Clock Pessimism Removal (CPR):    0.000ns
  Clock Uncertainty:      0.165ns  ((TSJ^2 + DJ^2)^1/2) / 2 + PE
    Total System Jitter     (TSJ):    0.071ns
    Discrete Jitter          (DJ):    0.113ns
    Phase Error              (PE):    0.099ns
  Timing Exception:       Asynchronous Clock Groups

    Location             Delay type                Incr(ns)  Path(ns)    Netlist Resource(s)
  -------------------------------------------------------------------    -------------------
                         (clock clk rise edge)        0.000     0.000 r  
    AC19                                              0.000     0.000 r  clk (IN)
                         net (fo=0)                   0.000     0.000    clk
    AC19                 IBUF (Prop_ibuf_I_O)         1.416     1.416 r  clk_IBUF_inst/O
                         net (fo=1, routed)           2.602     4.018    clk_IBUF
    BUFGCTRL_X0Y0        BUFG (Prop_bufg_I_O)         0.081     4.099 r  clk_IBUF_BUFG_inst/O
                         net (fo=2000, routed)        1.397     5.496    vio/inst/PROBE_OUT_ALL_INST/G_PROBE_OUT[0].PROBE_OUT0_INST/clk
    SLICE_X57Y195        FDSE                                         r  vio/inst/PROBE_OUT_ALL_INST/G_PROBE_OUT[0].PROBE_OUT0_INST/Probe_out_reg[0]/C
  -------------------------------------------------------------------    -------------------
    SLICE_X57Y195        FDSE (Prop_fdse_C_Q)         0.379     5.875 r  vio/inst/PROBE_OUT_ALL_INST/G_PROBE_OUT[0].PROBE_OUT0_INST/Probe_out_reg[0]/Q
                         net (fo=2, routed)           0.265     6.141    ddr3.u_axi_wrap_ddr/out
    SLICE_X58Y195        LUT2 (Prop_lut2_I1_O)        0.105     6.246 r  ddr3.u_axi_wrap_ddr/mig_axi_i_3/O
                         net (fo=4, routed)           3.188     9.433    ddr3.u_axi_wrap_ddr/mig_axi/u_mig_axi_32_mig/u_iodelay_ctrl/sys_rst_i
    SLICE_X1Y236         LUT1 (Prop_lut1_I0_O)        0.105     9.538 f  ddr3.u_axi_wrap_ddr/mig_axi/u_mig_axi_32_mig/u_iodelay_ctrl/plle2_i_i_1/O
                         net (fo=16, routed)          1.002    10.541    ddr3.u_axi_wrap_ddr/mig_axi/u_mig_axi_32_mig/u_iodelay_ctrl/AS[0]
    SLICE_X3Y247         FDPE                                         f  ddr3.u_axi_wrap_ddr/mig_axi/u_mig_axi_32_mig/u_iodelay_ctrl/rst_ref_sync_r_reg[0][0]/PRE
  -------------------------------------------------------------------    -------------------

                         (clock ddr_clk rise edge)    0.000     0.000 r  
    AC19                                              0.000     0.000 r  clk (IN)
                         net (fo=0)                   0.000     0.000    clk
    AC19                 IBUF (Prop_ibuf_I_O)         1.350     1.350 r  clk_IBUF_inst/O
                         net (fo=1, routed)           2.471     3.821    clk_IBUF
    BUFGCTRL_X0Y0        BUFG (Prop_bufg_I_O)         0.077     3.898 r  clk_IBUF_BUFG_inst/O
                         net (fo=2000, routed)        1.706     5.604    fpga_pll.u_clk_pll_ddr/inst/clk_in1
    PLLE2_ADV_X1Y0       PLLE2_ADV (Prop_plle2_adv_CLKIN1_CLKOUT0)
                                                     -3.960     1.644 r  fpga_pll.u_clk_pll_ddr/inst/plle2_adv_inst/CLKOUT0
                         net (fo=1, routed)           2.177     3.821    fpga_pll.u_clk_pll_ddr/inst/ddr_clk_clk_pll_ddr
    BUFGCTRL_X0Y1        BUFG (Prop_bufg_I_O)         0.077     3.898 r  fpga_pll.u_clk_pll_ddr/inst/clkout1_buf/O
                         net (fo=62, routed)          1.614     5.512    ddr3.u_axi_wrap_ddr/mig_axi/u_mig_axi_32_mig/u_iodelay_ctrl/clk_ref_i
    SLICE_X3Y247         FDPE                                         r  ddr3.u_axi_wrap_ddr/mig_axi/u_mig_axi_32_mig/u_iodelay_ctrl/rst_ref_sync_r_reg[0][0]/C





--------------------------------------------------------------------------------------
Path Group:  (none)
From Clock:  clk
  To Clock:  sys_clk

Max Delay            93 Endpoints
Min Delay             0 Endpoints
--------------------------------------------------------------------------------------


Max Delay Paths
--------------------------------------------------------------------------------------
Slack:                    inf
  Source:                 u_jtag_axi_wrap/u_jtag_axi/inst/jtag_axi_engine_u/tx_fifo_i/inst_fifo_gen/gconvfifo.rf/grf.rf/gntv_or_sync_fifo.mem/gdm.dm_gen.dm/RAM_reg_128_191_9_11/RAMC/CLK
                            (rising edge-triggered cell RAMD64E clocked by clk  {rise@0.000ns fall@5.000ns period=10.000ns})
  Destination:            u_jtag_axi_wrap/u_jtag_axi/inst/jtag_axi_engine_u/tx_fifo_i/inst_fifo_gen/gconvfifo.rf/grf.rf/gntv_or_sync_fifo.mem/gdm.dm_gen.dm/gpr1.dout_i_reg[11]/D
                            (rising edge-triggered cell FDRE clocked by sys_clk  {rise@0.000ns fall@5.000ns period=10.000ns})
  Path Group:             (none)
  Path Type:              Setup (Max at Slow Process Corner)
  Data Path Delay:        2.164ns  (logic 1.189ns (54.940%)  route 0.975ns (45.060%))
  Logic Levels:           1  (LUT6=1)
  Clock Path Skew:        -0.317ns (DCD - SCD + CPR)
    Destination Clock Delay (DCD):    5.351ns
    Source Clock Delay      (SCD):    5.668ns
    Clock Pessimism Removal (CPR):    0.000ns
  Clock Uncertainty:      0.137ns  ((TSJ^2 + DJ^2)^1/2) / 2 + PE
    Total System Jitter     (TSJ):    0.071ns
    Discrete Jitter          (DJ):    0.079ns
    Phase Error              (PE):    0.084ns
  Timing Exception:       Asynchronous Clock Groups

    Location             Delay type                Incr(ns)  Path(ns)    Netlist Resource(s)
  -------------------------------------------------------------------    -------------------
                         (clock clk rise edge)        0.000     0.000 r  
    AC19                                              0.000     0.000 r  clk (IN)
                         net (fo=0)                   0.000     0.000    clk
    AC19                 IBUF (Prop_ibuf_I_O)         1.416     1.416 r  clk_IBUF_inst/O
                         net (fo=1, routed)           2.602     4.018    clk_IBUF
    BUFGCTRL_X0Y0        BUFG (Prop_bufg_I_O)         0.081     4.099 r  clk_IBUF_BUFG_inst/O
                         net (fo=2000, routed)        1.569     5.668    u_jtag_axi_wrap/u_jtag_axi/inst/jtag_axi_engine_u/tx_fifo_i/inst_fifo_gen/gconvfifo.rf/grf.rf/gntv_or_sync_fifo.mem/gdm.dm_gen.dm/RAM_reg_128_191_9_11/WCLK
    SLICE_X46Y208        RAMD64E                                      r  u_jtag_axi_wrap/u_jtag_axi/inst/jtag_axi_engine_u/tx_fifo_i/inst_fifo_gen/gconvfifo.rf/grf.rf/gntv_or_sync_fifo.mem/gdm.dm_gen.dm/RAM_reg_128_191_9_11/RAMC/CLK
  -------------------------------------------------------------------    -------------------
    SLICE_X46Y208        RAMD64E (Prop_ramd64e_CLK_O)
                                                      1.084     6.752 r  u_jtag_axi_wrap/u_jtag_axi/inst/jtag_axi_engine_u/tx_fifo_i/inst_fifo_gen/gconvfifo.rf/grf.rf/gntv_or_sync_fifo.mem/gdm.dm_gen.dm/RAM_reg_128_191_9_11/RAMC/O
                         net (fo=1, routed)           0.975     7.727    u_jtag_axi_wrap/u_jtag_axi/inst/jtag_axi_engine_u/tx_fifo_i/inst_fifo_gen/gconvfifo.rf/grf.rf/gntv_or_sync_fifo.mem/gdm.dm_gen.dm/RAM_reg_128_191_9_11_n_2
    SLICE_X47Y207        LUT6 (Prop_lut6_I1_O)        0.105     7.832 r  u_jtag_axi_wrap/u_jtag_axi/inst/jtag_axi_engine_u/tx_fifo_i/inst_fifo_gen/gconvfifo.rf/grf.rf/gntv_or_sync_fifo.mem/gdm.dm_gen.dm/gpr1.dout_i[11]_i_1/O
                         net (fo=1, routed)           0.000     7.832    u_jtag_axi_wrap/u_jtag_axi/inst/jtag_axi_engine_u/tx_fifo_i/inst_fifo_gen/gconvfifo.rf/grf.rf/gntv_or_sync_fifo.mem/gdm.dm_gen.dm/dout_i0[11]
    SLICE_X47Y207        FDRE                                         r  u_jtag_axi_wrap/u_jtag_axi/inst/jtag_axi_engine_u/tx_fifo_i/inst_fifo_gen/gconvfifo.rf/grf.rf/gntv_or_sync_fifo.mem/gdm.dm_gen.dm/gpr1.dout_i_reg[11]/D
  -------------------------------------------------------------------    -------------------

                         (clock sys_clk rise edge)    0.000     0.000 r  
    AC19                                              0.000     0.000 r  clk (IN)
                         net (fo=0)                   0.000     0.000    clk
    AC19                 IBUF (Prop_ibuf_I_O)         1.350     1.350 r  clk_IBUF_inst/O
                         net (fo=1, routed)           2.471     3.821    clk_IBUF
    BUFGCTRL_X0Y0        BUFG (Prop_bufg_I_O)         0.077     3.898 r  clk_IBUF_BUFG_inst/O
                         net (fo=2000, routed)        1.434     5.331    fpga_pll.u_clk_pll/inst/clk_in1
    PLLE2_ADV_X0Y2       PLLE2_ADV (Prop_plle2_adv_CLKIN1_CLKOUT1)
                                                     -2.995     2.336 r  fpga_pll.u_clk_pll/inst/plle2_adv_inst/CLKOUT1
                         net (fo=1, routed)           1.484     3.821    fpga_pll.u_clk_pll/inst/sys_clk_clk_pll
    BUFGCTRL_X0Y3        BUFG (Prop_bufg_I_O)         0.077     3.898 r  fpga_pll.u_clk_pll/inst/clkout2_buf/O
                         net (fo=3588, routed)        1.453     5.351    u_jtag_axi_wrap/u_jtag_axi/inst/jtag_axi_engine_u/tx_fifo_i/inst_fifo_gen/gconvfifo.rf/grf.rf/gntv_or_sync_fifo.mem/gdm.dm_gen.dm/gpr1.dout_i_reg[31]_0
    SLICE_X47Y207        FDRE                                         r  u_jtag_axi_wrap/u_jtag_axi/inst/jtag_axi_engine_u/tx_fifo_i/inst_fifo_gen/gconvfifo.rf/grf.rf/gntv_or_sync_fifo.mem/gdm.dm_gen.dm/gpr1.dout_i_reg[11]/C





--------------------------------------------------------------------------------------
Path Group:  (none)
From Clock:  cpu_clk
  To Clock:  sys_clk

Max Delay           136 Endpoints
Min Delay             0 Endpoints
--------------------------------------------------------------------------------------


Max Delay Paths
--------------------------------------------------------------------------------------
Slack:                    inf
  Source:                 fpga_pll.u_rst_cpu/delay_reg[1]_rep__9/C
                            (rising edge-triggered cell FDCE clocked by cpu_clk  {rise@0.000ns fall@15.278ns period=30.556ns})
  Destination:            u_axi_clock_sync/awFifo/bufferCC_12/buffers_0_reg/CLR
                            (recovery check against rising-edge clock sys_clk  {rise@0.000ns fall@5.000ns period=10.000ns})
  Path Group:             (none)
  Path Type:              Recovery (Max at Slow Process Corner)
  Data Path Delay:        8.589ns  (logic 0.538ns (6.264%)  route 8.051ns (93.736%))
  Logic Levels:           1  (LUT1=1)
  Clock Path Skew:        -0.239ns (DCD - SCD + CPR)
    Destination Clock Delay (DCD):    5.267ns
    Source Clock Delay      (SCD):    5.506ns
    Clock Pessimism Removal (CPR):    0.000ns
  Clock Uncertainty:      0.180ns  ((TSJ^2 + DJ^2)^1/2) / 2 + PE
    Total System Jitter     (TSJ):    0.071ns
    Discrete Jitter          (DJ):    0.097ns
    Phase Error              (PE):    0.120ns
  Timing Exception:       Asynchronous Clock Groups

    Location             Delay type                Incr(ns)  Path(ns)    Netlist Resource(s)
  -------------------------------------------------------------------    -------------------
                         (clock cpu_clk rise edge)    0.000     0.000 r  
    AC19                                              0.000     0.000 r  clk (IN)
                         net (fo=0)                   0.000     0.000    clk
    AC19                 IBUF (Prop_ibuf_I_O)         1.416     1.416 r  clk_IBUF_inst/O
                         net (fo=1, routed)           2.602     4.018    clk_IBUF
    BUFGCTRL_X0Y0        BUFG (Prop_bufg_I_O)         0.081     4.099 r  clk_IBUF_BUFG_inst/O
                         net (fo=2000, routed)        1.536     5.635    fpga_pll.u_clk_pll/inst/clk_in1
    PLLE2_ADV_X0Y2       PLLE2_ADV (Prop_plle2_adv_CLKIN1_CLKOUT0)
                                                     -3.173     2.461 r  fpga_pll.u_clk_pll/inst/plle2_adv_inst/CLKOUT0
                         net (fo=1, routed)           1.557     4.018    fpga_pll.u_clk_pll/inst/cpu_clk_clk_pll
    BUFGCTRL_X0Y2        BUFG (Prop_bufg_I_O)         0.081     4.099 r  fpga_pll.u_clk_pll/inst/clkout1_buf/O
                         net (fo=59802, routed)       1.407     5.506    fpga_pll.u_rst_cpu/cpu_clk
    SLICE_X56Y112        FDCE                                         r  fpga_pll.u_rst_cpu/delay_reg[1]_rep__9/C
  -------------------------------------------------------------------    -------------------
    SLICE_X56Y112        FDCE (Prop_fdce_C_Q)         0.433     5.939 r  fpga_pll.u_rst_cpu/delay_reg[1]_rep__9/Q
                         net (fo=117, routed)         3.981     9.920    fpga_pll.u_rst_cpu/delay_reg[1]_rep__9_1
    SLICE_X103Y191       LUT1 (Prop_lut1_I0_O)        0.105    10.025 f  fpga_pll.u_rst_cpu/entry_valid[15]_i_1/O
                         net (fo=13607, routed)       4.070    14.095    u_axi_clock_sync/awFifo/bufferCC_12/buffers_1_reg_1
    SLICE_X13Y181        FDCE                                         f  u_axi_clock_sync/awFifo/bufferCC_12/buffers_0_reg/CLR
  -------------------------------------------------------------------    -------------------

                         (clock sys_clk rise edge)    0.000     0.000 r  
    AC19                                              0.000     0.000 r  clk (IN)
                         net (fo=0)                   0.000     0.000    clk
    AC19                 IBUF (Prop_ibuf_I_O)         1.350     1.350 r  clk_IBUF_inst/O
                         net (fo=1, routed)           2.471     3.821    clk_IBUF
    BUFGCTRL_X0Y0        BUFG (Prop_bufg_I_O)         0.077     3.898 r  clk_IBUF_BUFG_inst/O
                         net (fo=2000, routed)        1.434     5.331    fpga_pll.u_clk_pll/inst/clk_in1
    PLLE2_ADV_X0Y2       PLLE2_ADV (Prop_plle2_adv_CLKIN1_CLKOUT1)
                                                     -2.995     2.336 r  fpga_pll.u_clk_pll/inst/plle2_adv_inst/CLKOUT1
                         net (fo=1, routed)           1.484     3.821    fpga_pll.u_clk_pll/inst/sys_clk_clk_pll
    BUFGCTRL_X0Y3        BUFG (Prop_bufg_I_O)         0.077     3.898 r  fpga_pll.u_clk_pll/inst/clkout2_buf/O
                         net (fo=3588, routed)        1.369     5.267    u_axi_clock_sync/awFifo/bufferCC_12/sys_clk
    SLICE_X13Y181        FDCE                                         r  u_axi_clock_sync/awFifo/bufferCC_12/buffers_0_reg/C





--------------------------------------------------------------------------------------
Path Group:  (none)
From Clock:  clk_pll_i
  To Clock:  

Max Delay             2 Endpoints
Min Delay             0 Endpoints
--------------------------------------------------------------------------------------


Max Delay Paths
--------------------------------------------------------------------------------------
Slack:                    inf
  Source:                 ddr3.u_axi_wrap_ddr/mig_axi/u_mig_axi_32_mig/u_memc_ui_top_axi/mem_intfc0/ddr_phy_top0/u_ddr_calib_top/u_ddr_phy_init/phy_reset_n_reg/C
                            (rising edge-triggered cell FDCE clocked by clk_pll_i  {rise@0.000ns fall@5.000ns period=10.000ns})
  Destination:            ddr3_reset_n
                            (output port)
  Path Group:             (none)
  Path Type:              Max at Slow Process Corner
  Data Path Delay:        5.331ns  (logic 2.068ns (38.786%)  route 3.263ns (61.214%))
  Logic Levels:           2  (LUT2=1 OBUF=1)
  Clock Uncertainty:      0.168ns  ((TSJ^2 + DJ^2)^1/2) / 2 + PE
    Total System Jitter     (TSJ):    0.050ns
    Discrete Jitter          (DJ):    0.096ns
    Phase Error              (PE):    0.114ns

    Location             Delay type                Incr(ns)  Path(ns)    Netlist Resource(s)
  -------------------------------------------------------------------    -------------------
                         (clock clk_pll_i rise edge)
                                                      0.000     0.000 r  
    AC19                                              0.000     0.000 r  clk (IN)
                         net (fo=0)                   0.000     0.000    clk
    AC19                 IBUF (Prop_ibuf_I_O)         1.416     1.416 r  clk_IBUF_inst/O
                         net (fo=1, routed)           2.602     4.018    clk_IBUF
    BUFGCTRL_X0Y0        BUFG (Prop_bufg_I_O)         0.081     4.099 r  clk_IBUF_BUFG_inst/O
                         net (fo=2000, routed)        1.696     5.795    ddr3.u_axi_wrap_ddr/mig_axi/u_mig_axi_32_mig/u_ddr3_infrastructure/mmcm_clk
    PLLE2_ADV_X0Y4       PLLE2_ADV (Prop_plle2_adv_CLKIN1_CLKOUT3)
                                                      0.077     5.872 r  ddr3.u_axi_wrap_ddr/mig_axi/u_mig_axi_32_mig/u_ddr3_infrastructure/plle2_i/CLKOUT3
                         net (fo=1, routed)           1.429     7.301    ddr3.u_axi_wrap_ddr/mig_axi/u_mig_axi_32_mig/u_ddr3_infrastructure/pll_clk3_out
    BUFHCE_X0Y48         BUFH (Prop_bufh_I_O)         0.106     7.407 r  ddr3.u_axi_wrap_ddr/mig_axi/u_mig_axi_32_mig/u_ddr3_infrastructure/u_bufh_pll_clk3/O
                         net (fo=1, routed)           0.841     8.248    ddr3.u_axi_wrap_ddr/mig_axi/u_mig_axi_32_mig/u_ddr3_infrastructure/pll_clk3
    MMCME2_ADV_X0Y4      MMCME2_ADV (Prop_mmcme2_adv_CLKIN1_CLKFBOUT)
                                                     -3.816     4.432 r  ddr3.u_axi_wrap_ddr/mig_axi/u_mig_axi_32_mig/u_ddr3_infrastructure/gen_mmcm.mmcm_i/CLKFBOUT
                         net (fo=1, routed)           2.061     6.493    ddr3.u_axi_wrap_ddr/mig_axi/u_mig_axi_32_mig/u_ddr3_infrastructure/clk_pll_i
    BUFGCTRL_X0Y16       BUFG (Prop_bufg_I_O)         0.081     6.574 r  ddr3.u_axi_wrap_ddr/mig_axi/u_mig_axi_32_mig/u_ddr3_infrastructure/u_bufg_clkdiv0/O
                         net (fo=7005, routed)        1.651     8.225    ddr3.u_axi_wrap_ddr/mig_axi/u_mig_axi_32_mig/u_memc_ui_top_axi/mem_intfc0/ddr_phy_top0/u_ddr_calib_top/u_ddr_phy_init/CLK
    SLICE_X24Y244        FDCE                                         r  ddr3.u_axi_wrap_ddr/mig_axi/u_mig_axi_32_mig/u_memc_ui_top_axi/mem_intfc0/ddr_phy_top0/u_ddr_calib_top/u_ddr_phy_init/phy_reset_n_reg/C
  -------------------------------------------------------------------    -------------------
    SLICE_X24Y244        FDCE (Prop_fdce_C_Q)         0.379     8.604 r  ddr3.u_axi_wrap_ddr/mig_axi/u_mig_axi_32_mig/u_memc_ui_top_axi/mem_intfc0/ddr_phy_top0/u_ddr_calib_top/u_ddr_phy_init/phy_reset_n_reg/Q
                         net (fo=1, routed)           1.408    10.012    ddr3.u_axi_wrap_ddr/mig_axi/u_mig_axi_32_mig/u_memc_ui_top_axi/mem_intfc0/ddr_phy_top0/u_ddr_calib_top/u_ddr_phy_init/phy_reset_n
    SLICE_X6Y244         LUT2 (Prop_lut2_I1_O)        0.105    10.117 r  ddr3.u_axi_wrap_ddr/mig_axi/u_mig_axi_32_mig/u_memc_ui_top_axi/mem_intfc0/ddr_phy_top0/u_ddr_calib_top/u_ddr_phy_init/gen_reset_obuf.u_reset_obuf_i_1/O
                         net (fo=1, routed)           1.855    11.972    ddr3.u_axi_wrap_ddr/mig_axi/u_mig_axi_32_mig/u_memc_ui_top_axi/mem_intfc0/ddr_phy_top0/u_ddr_mc_phy_wrapper/mux_reset_n
    A19                  OBUF (Prop_obuf_I_O)         1.584    13.556 r  ddr3.u_axi_wrap_ddr/mig_axi/u_mig_axi_32_mig/u_memc_ui_top_axi/mem_intfc0/ddr_phy_top0/u_ddr_mc_phy_wrapper/gen_reset_obuf.u_reset_obuf/O
                         net (fo=0)                   0.000    13.556    ddr3_reset_n
    A19                                                               r  ddr3_reset_n (OUT)
  -------------------------------------------------------------------    -------------------





--------------------------------------------------------------------------------------
Path Group:  (none)
From Clock:  clkfbout_clk_pll
  To Clock:  

Max Delay             1 Endpoint
Min Delay             0 Endpoints
--------------------------------------------------------------------------------------


Max Delay Paths
--------------------------------------------------------------------------------------
Slack:                    inf
  Source:                 fpga_pll.u_clk_pll/inst/plle2_adv_inst/CLKFBOUT
                            (clock source 'clkfbout_clk_pll'  {rise@0.000ns fall@5.000ns period=10.000ns})
  Destination:            fpga_pll.u_clk_pll/inst/plle2_adv_inst/CLKFBIN
  Path Group:             (none)
  Path Type:              Max at Slow Process Corner
  Data Path Delay:        3.173ns  (logic 0.081ns (2.552%)  route 3.092ns (97.448%))
  Logic Levels:           1  (BUFG=1)
  Clock Uncertainty:      0.118ns  ((TSJ^2 + DJ^2)^1/2) / 2 + PE
    Total System Jitter     (TSJ):    0.050ns
    Discrete Jitter          (DJ):    0.047ns
    Phase Error              (PE):    0.084ns

    Location             Delay type                Incr(ns)  Path(ns)    Netlist Resource(s)
  -------------------------------------------------------------------    -------------------
                         (clock clkfbout_clk_pll fall edge)
                                                      5.000     5.000 f  
    AC19                                              0.000     5.000 f  clk (IN)
                         net (fo=0)                   0.000     5.000    clk
    AC19                 IBUF (Prop_ibuf_I_O)         1.416     6.416 f  clk_IBUF_inst/O
                         net (fo=1, routed)           2.602     9.018    clk_IBUF
    BUFGCTRL_X0Y0        BUFG (Prop_bufg_I_O)         0.081     9.099 f  clk_IBUF_BUFG_inst/O
                         net (fo=2000, routed)        1.536    10.635    fpga_pll.u_clk_pll/inst/clk_in1
  -------------------------------------------------------------------    -------------------
    PLLE2_ADV_X0Y2       PLLE2_ADV (Prop_plle2_adv_CLKIN1_CLKFBOUT)
                                                     -3.173     7.461 f  fpga_pll.u_clk_pll/inst/plle2_adv_inst/CLKFBOUT
                         net (fo=1, routed)           1.557     9.018    fpga_pll.u_clk_pll/inst/clkfbout_clk_pll
    BUFGCTRL_X0Y5        BUFG (Prop_bufg_I_O)         0.081     9.099 f  fpga_pll.u_clk_pll/inst/clkf_buf/O
                         net (fo=1, routed)           1.536    10.635    fpga_pll.u_clk_pll/inst/clkfbout_buf_clk_pll
    PLLE2_ADV_X0Y2       PLLE2_ADV                                    f  fpga_pll.u_clk_pll/inst/plle2_adv_inst/CLKFBIN
  -------------------------------------------------------------------    -------------------





--------------------------------------------------------------------------------------
Path Group:  (none)
From Clock:  clkfbout_clk_pll_ddr
  To Clock:  

Max Delay             1 Endpoint
Min Delay             0 Endpoints
--------------------------------------------------------------------------------------


Max Delay Paths
--------------------------------------------------------------------------------------
Slack:                    inf
  Source:                 fpga_pll.u_clk_pll_ddr/inst/plle2_adv_inst/CLKFBOUT
                            (clock source 'clkfbout_clk_pll_ddr'  {rise@0.000ns fall@5.000ns period=10.000ns})
  Destination:            fpga_pll.u_clk_pll_ddr/inst/plle2_adv_inst/CLKFBIN
  Path Group:             (none)
  Path Type:              Max at Slow Process Corner
  Data Path Delay:        4.192ns  (logic 0.081ns (1.932%)  route 4.111ns (98.068%))
  Logic Levels:           1  (BUFG=1)
  Clock Uncertainty:      0.147ns  ((TSJ^2 + DJ^2)^1/2) / 2 + PE
    Total System Jitter     (TSJ):    0.050ns
    Discrete Jitter          (DJ):    0.083ns
    Phase Error              (PE):    0.099ns

    Location             Delay type                Incr(ns)  Path(ns)    Netlist Resource(s)
  -------------------------------------------------------------------    -------------------
                         (clock clkfbout_clk_pll_ddr fall edge)
                                                      5.000     5.000 f  
    AC19                                              0.000     5.000 f  clk (IN)
                         net (fo=0)                   0.000     5.000    clk
    AC19                 IBUF (Prop_ibuf_I_O)         1.416     6.416 f  clk_IBUF_inst/O
                         net (fo=1, routed)           2.602     9.018    clk_IBUF
    BUFGCTRL_X0Y0        BUFG (Prop_bufg_I_O)         0.081     9.099 f  clk_IBUF_BUFG_inst/O
                         net (fo=2000, routed)        1.823    10.922    fpga_pll.u_clk_pll_ddr/inst/clk_in1
  -------------------------------------------------------------------    -------------------
    PLLE2_ADV_X1Y0       PLLE2_ADV (Prop_plle2_adv_CLKIN1_CLKFBOUT)
                                                     -4.192     6.730 f  fpga_pll.u_clk_pll_ddr/inst/plle2_adv_inst/CLKFBOUT
                         net (fo=1, routed)           2.288     9.018    fpga_pll.u_clk_pll_ddr/inst/clkfbout_clk_pll_ddr
    BUFGCTRL_X0Y6        BUFG (Prop_bufg_I_O)         0.081     9.099 f  fpga_pll.u_clk_pll_ddr/inst/clkf_buf/O
                         net (fo=1, routed)           1.823    10.922    fpga_pll.u_clk_pll_ddr/inst/clkfbout_buf_clk_pll_ddr
    PLLE2_ADV_X1Y0       PLLE2_ADV                                    f  fpga_pll.u_clk_pll_ddr/inst/plle2_adv_inst/CLKFBIN
  -------------------------------------------------------------------    -------------------





--------------------------------------------------------------------------------------
Path Group:  (none)
From Clock:  ddr_clk
  To Clock:  

Max Delay             1 Endpoint
Min Delay             0 Endpoints
--------------------------------------------------------------------------------------


Max Delay Paths
--------------------------------------------------------------------------------------
Slack:                    inf
  Source:                 fpga_pll.u_clk_pll_ddr/inst/plle2_adv_inst/CLKOUT0
                            (clock source 'ddr_clk'  {rise@0.000ns fall@2.500ns period=5.000ns})
  Destination:            ddr3.u_axi_wrap_ddr/mig_axi/u_mig_axi_32_mig/u_iodelay_ctrl/u_idelayctrl_200/REFCLK
  Path Group:             (none)
  Path Type:              Max at Slow Process Corner
  Data Path Delay:        3.841ns  (logic 0.081ns (2.109%)  route 3.760ns (97.891%))
  Logic Levels:           1  (BUFG=1)
  Clock Uncertainty:      0.160ns  ((TSJ^2 + DJ^2)^1/2) / 2 + PE
    Total System Jitter     (TSJ):    0.050ns
    Discrete Jitter          (DJ):    0.113ns
    Phase Error              (PE):    0.099ns

    Location             Delay type                Incr(ns)  Path(ns)    Netlist Resource(s)
  -------------------------------------------------------------------    -------------------
                         (clock ddr_clk fall edge)    2.500     2.500 f  
    AC19                                              0.000     2.500 f  clk (IN)
                         net (fo=0)                   0.000     2.500    clk
    AC19                 IBUF (Prop_ibuf_I_O)         1.416     3.916 f  clk_IBUF_inst/O
                         net (fo=1, routed)           2.602     6.518    clk_IBUF
    BUFGCTRL_X0Y0        BUFG (Prop_bufg_I_O)         0.081     6.599 f  clk_IBUF_BUFG_inst/O
                         net (fo=2000, routed)        1.823     8.422    fpga_pll.u_clk_pll_ddr/inst/clk_in1
  -------------------------------------------------------------------    -------------------
    PLLE2_ADV_X1Y0       PLLE2_ADV (Prop_plle2_adv_CLKIN1_CLKOUT0)
                                                     -4.192     4.230 f  fpga_pll.u_clk_pll_ddr/inst/plle2_adv_inst/CLKOUT0
                         net (fo=1, routed)           2.288     6.518    fpga_pll.u_clk_pll_ddr/inst/ddr_clk_clk_pll_ddr
    BUFGCTRL_X0Y1        BUFG (Prop_bufg_I_O)         0.081     6.599 f  fpga_pll.u_clk_pll_ddr/inst/clkout1_buf/O
                         net (fo=62, routed)          1.472     8.071    ddr3.u_axi_wrap_ddr/mig_axi/u_mig_axi_32_mig/u_iodelay_ctrl/clk_ref_i
    IDELAYCTRL_X0Y4      IDELAYCTRL                                   f  ddr3.u_axi_wrap_ddr/mig_axi/u_mig_axi_32_mig/u_iodelay_ctrl/u_idelayctrl_200/REFCLK
  -------------------------------------------------------------------    -------------------





--------------------------------------------------------------------------------------
Path Group:  (none)
From Clock:  freq_refclk
  To Clock:  

Max Delay             5 Endpoints
Min Delay             0 Endpoints
--------------------------------------------------------------------------------------


Max Delay Paths
--------------------------------------------------------------------------------------
Slack:                    inf
  Source:                 ddr3.u_axi_wrap_ddr/mig_axi/u_mig_axi_32_mig/u_ddr3_infrastructure/plle2_i/CLKOUT0
                            (clock source 'freq_refclk'  {rise@0.000ns fall@0.625ns period=1.250ns})
  Destination:            ddr3.u_axi_wrap_ddr/mig_axi/u_mig_axi_32_mig/u_memc_ui_top_axi/mem_intfc0/ddr_phy_top0/u_ddr_mc_phy_wrapper/u_ddr_mc_phy/ddr_phy_4lanes_0.u_ddr_phy_4lanes/phaser_ref_i/CLKIN
  Path Group:             (none)
  Path Type:              Max at Slow Process Corner
  Data Path Delay:        0.550ns  (logic 0.000ns (0.000%)  route 0.550ns (100.000%))
  Logic Levels:           0  
  Clock Uncertainty:      0.168ns  ((TSJ^2 + DJ^2)^1/2) / 2 + PE
    Total System Jitter     (TSJ):    0.050ns
    Discrete Jitter          (DJ):    0.096ns
    Phase Error              (PE):    0.114ns

    Location             Delay type                Incr(ns)  Path(ns)    Netlist Resource(s)
  -------------------------------------------------------------------    -------------------
                         (clock freq_refclk fall edge)
                                                      0.625     0.625 f  
    AC19                                              0.000     0.625 f  clk (IN)
                         net (fo=0)                   0.000     0.625    clk
    AC19                 IBUF (Prop_ibuf_I_O)         1.416     2.041 f  clk_IBUF_inst/O
                         net (fo=1, routed)           2.602     4.643    clk_IBUF
    BUFGCTRL_X0Y0        BUFG (Prop_bufg_I_O)         0.081     4.724 f  clk_IBUF_BUFG_inst/O
                         net (fo=2000, routed)        1.696     6.420    ddr3.u_axi_wrap_ddr/mig_axi/u_mig_axi_32_mig/u_ddr3_infrastructure/mmcm_clk
  -------------------------------------------------------------------    -------------------
    PLLE2_ADV_X0Y4       PLLE2_ADV (Prop_plle2_adv_CLKIN1_CLKOUT0)
                                                      0.077     6.497 f  ddr3.u_axi_wrap_ddr/mig_axi/u_mig_axi_32_mig/u_ddr3_infrastructure/plle2_i/CLKOUT0
                         net (fo=7, routed)           0.550     7.047    ddr3.u_axi_wrap_ddr/mig_axi/u_mig_axi_32_mig/u_memc_ui_top_axi/mem_intfc0/ddr_phy_top0/u_ddr_mc_phy_wrapper/u_ddr_mc_phy/ddr_phy_4lanes_0.u_ddr_phy_4lanes/freq_refclk
    PHASER_REF_X0Y4      PHASER_REF                                   f  ddr3.u_axi_wrap_ddr/mig_axi/u_mig_axi_32_mig/u_memc_ui_top_axi/mem_intfc0/ddr_phy_top0/u_ddr_mc_phy_wrapper/u_ddr_mc_phy/ddr_phy_4lanes_0.u_ddr_phy_4lanes/phaser_ref_i/CLKIN
  -------------------------------------------------------------------    -------------------





--------------------------------------------------------------------------------------
Path Group:  (none)
From Clock:  pll_clkfbout
  To Clock:  

Max Delay             1 Endpoint
Min Delay             0 Endpoints
--------------------------------------------------------------------------------------


Max Delay Paths
--------------------------------------------------------------------------------------
Slack:                    inf
  Source:                 ddr3.u_axi_wrap_ddr/mig_axi/u_mig_axi_32_mig/u_ddr3_infrastructure/plle2_i/CLKFBOUT
                            (clock source 'pll_clkfbout'  {rise@0.000ns fall@5.000ns period=10.000ns})
  Destination:            ddr3.u_axi_wrap_ddr/mig_axi/u_mig_axi_32_mig/u_ddr3_infrastructure/plle2_i/CLKFBIN
  Path Group:             (none)
  Path Type:              Max at Slow Process Corner
  Data Path Delay:        0.012ns  (logic 0.000ns (0.000%)  route 0.012ns (99.999%))
  Logic Levels:           0  
  Clock Uncertainty:      0.168ns  ((TSJ^2 + DJ^2)^1/2) / 2 + PE
    Total System Jitter     (TSJ):    0.050ns
    Discrete Jitter          (DJ):    0.096ns
    Phase Error              (PE):    0.114ns

    Location             Delay type                Incr(ns)  Path(ns)    Netlist Resource(s)
  -------------------------------------------------------------------    -------------------
                         (clock pll_clkfbout fall edge)
                                                      5.000     5.000 f  
    AC19                                              0.000     5.000 f  clk (IN)
                         net (fo=0)                   0.000     5.000    clk
    AC19                 IBUF (Prop_ibuf_I_O)         1.416     6.416 f  clk_IBUF_inst/O
                         net (fo=1, routed)           2.602     9.018    clk_IBUF
    BUFGCTRL_X0Y0        BUFG (Prop_bufg_I_O)         0.081     9.099 f  clk_IBUF_BUFG_inst/O
                         net (fo=2000, routed)        1.696    10.795    ddr3.u_axi_wrap_ddr/mig_axi/u_mig_axi_32_mig/u_ddr3_infrastructure/mmcm_clk
  -------------------------------------------------------------------    -------------------
    PLLE2_ADV_X0Y4       PLLE2_ADV (Prop_plle2_adv_CLKIN1_CLKFBOUT)
                                                      0.077    10.872 f  ddr3.u_axi_wrap_ddr/mig_axi/u_mig_axi_32_mig/u_ddr3_infrastructure/plle2_i/CLKFBOUT
                         net (fo=1, routed)           0.012    10.884    ddr3.u_axi_wrap_ddr/mig_axi/u_mig_axi_32_mig/u_ddr3_infrastructure/pll_clkfbout
    PLLE2_ADV_X0Y4       PLLE2_ADV                                    f  ddr3.u_axi_wrap_ddr/mig_axi/u_mig_axi_32_mig/u_ddr3_infrastructure/plle2_i/CLKFBIN
  -------------------------------------------------------------------    -------------------





--------------------------------------------------------------------------------------
Path Group:  (none)
From Clock:  sys_clk
  To Clock:  

Max Delay            41 Endpoints
Min Delay             0 Endpoints
--------------------------------------------------------------------------------------


Max Delay Paths
--------------------------------------------------------------------------------------
Slack:                    inf
  Source:                 u_confreg/FSM_onehot_state_reg[3]/C
                            (rising edge-triggered cell FDRE clocked by sys_clk  {rise@0.000ns fall@5.000ns period=10.000ns})
  Destination:            btn_key_col[0]
                            (output port)
  Path Group:             (none)
  Path Type:              Max at Slow Process Corner
  Data Path Delay:        12.040ns  (logic 3.801ns (31.572%)  route 8.239ns (68.428%))
  Logic Levels:           2  (LUT3=1 OBUF=1)
  Clock Uncertainty:      0.131ns  ((TSJ^2 + DJ^2)^1/2) / 2 + PE
    Total System Jitter     (TSJ):    0.050ns
    Discrete Jitter          (DJ):    0.079ns
    Phase Error              (PE):    0.084ns

    Location             Delay type                Incr(ns)  Path(ns)    Netlist Resource(s)
  -------------------------------------------------------------------    -------------------
                         (clock sys_clk rise edge)    0.000     0.000 r  
    AC19                                              0.000     0.000 r  clk (IN)
                         net (fo=0)                   0.000     0.000    clk
    AC19                 IBUF (Prop_ibuf_I_O)         1.416     1.416 r  clk_IBUF_inst/O
                         net (fo=1, routed)           2.602     4.018    clk_IBUF
    BUFGCTRL_X0Y0        BUFG (Prop_bufg_I_O)         0.081     4.099 r  clk_IBUF_BUFG_inst/O
                         net (fo=2000, routed)        1.536     5.635    fpga_pll.u_clk_pll/inst/clk_in1
    PLLE2_ADV_X0Y2       PLLE2_ADV (Prop_plle2_adv_CLKIN1_CLKOUT1)
                                                     -3.173     2.461 r  fpga_pll.u_clk_pll/inst/plle2_adv_inst/CLKOUT1
                         net (fo=1, routed)           1.557     4.018    fpga_pll.u_clk_pll/inst/sys_clk_clk_pll
    BUFGCTRL_X0Y3        BUFG (Prop_bufg_I_O)         0.081     4.099 r  fpga_pll.u_clk_pll/inst/clkout2_buf/O
                         net (fo=3588, routed)        1.381     5.480    u_confreg/aclk
    SLICE_X68Y185        FDRE                                         r  u_confreg/FSM_onehot_state_reg[3]/C
  -------------------------------------------------------------------    -------------------
    SLICE_X68Y185        FDRE (Prop_fdre_C_Q)         0.433     5.913 r  u_confreg/FSM_onehot_state_reg[3]/Q
                         net (fo=20, routed)          1.840     7.753    u_confreg/p_1_in10_in
    SLICE_X82Y186        LUT3 (Prop_lut3_I2_O)        0.105     7.858 r  u_confreg/btn_key_col[0]_INST_0/O
                         net (fo=1, routed)           6.399    14.257    btn_key_col_OBUF[0]
    V8                   OBUF (Prop_obuf_I_O)         3.263    17.520 r  btn_key_col_OBUF[0]_inst/O
                         net (fo=0)                   0.000    17.520    btn_key_col[0]
    V8                                                                r  btn_key_col[0] (OUT)
  -------------------------------------------------------------------    -------------------





--------------------------------------------------------------------------------------
Path Group:  (none)
From Clock:  
  To Clock:  clk

Max Delay             1 Endpoint
Min Delay             0 Endpoints
--------------------------------------------------------------------------------------


Max Delay Paths
--------------------------------------------------------------------------------------
Slack:                    inf
  Source:                 resetn_fpga
                            (input port)
  Destination:            virtual_flag_reg/D
                            (rising edge-triggered cell FDRE clocked by clk  {rise@0.000ns fall@5.000ns period=10.000ns})
  Path Group:             (none)
  Path Type:              Setup (Max at Slow Process Corner)
  Data Path Delay:        6.929ns  (logic 1.541ns (22.240%)  route 5.388ns (77.760%))
  Logic Levels:           2  (IBUF=1 LUT3=1)
  Clock Path Skew:        5.183ns (DCD - SCD + CPR)
    Destination Clock Delay (DCD):    5.183ns
    Source Clock Delay      (SCD):    0.000ns
    Clock Pessimism Removal (CPR):    0.000ns
  Clock Uncertainty:      0.025ns  ((TSJ^2 + TIJ^2)^1/2 + DJ) / 2 + PE
    Total System Jitter     (TSJ):    0.050ns
    Total Input Jitter      (TIJ):    0.000ns
    Discrete Jitter          (DJ):    0.000ns
    Phase Error              (PE):    0.000ns

    Location             Delay type                Incr(ns)  Path(ns)    Netlist Resource(s)
  -------------------------------------------------------------------    -------------------
    Y3                                                0.000     0.000 r  resetn_fpga (IN)
                         net (fo=0)                   0.000     0.000    resetn_fpga
    Y3                   IBUF (Prop_ibuf_I_O)         1.436     1.436 r  resetn_fpga_IBUF_inst/O
                         net (fo=2, routed)           5.388     6.824    resetn_fpga_IBUF
    SLICE_X58Y196        LUT3 (Prop_lut3_I1_O)        0.105     6.929 r  virtual_flag_i_1/O
                         net (fo=1, routed)           0.000     6.929    virtual_flag_i_1_n_0
    SLICE_X58Y196        FDRE                                         r  virtual_flag_reg/D
  -------------------------------------------------------------------    -------------------

                         (clock clk rise edge)        0.000     0.000 r  
    AC19                                              0.000     0.000 r  clk (IN)
                         net (fo=0)                   0.000     0.000    clk
    AC19                 IBUF (Prop_ibuf_I_O)         1.350     1.350 r  clk_IBUF_inst/O
                         net (fo=1, routed)           2.471     3.821    clk_IBUF
    BUFGCTRL_X0Y0        BUFG (Prop_bufg_I_O)         0.077     3.898 r  clk_IBUF_BUFG_inst/O
                         net (fo=2000, routed)        1.285     5.183    clk_IBUF_BUFG
    SLICE_X58Y196        FDRE                                         r  virtual_flag_reg/C





--------------------------------------------------------------------------------------
Path Group:  (none)
From Clock:  
  To Clock:  clk_pll_i

Max Delay            34 Endpoints
Min Delay             0 Endpoints
--------------------------------------------------------------------------------------


Max Delay Paths
--------------------------------------------------------------------------------------
Slack:                    inf
  Source:                 ddr3.u_axi_wrap_ddr/mig_axi/u_mig_axi_32_mig/u_ddr3_infrastructure/gen_mmcm.mmcm_i/LOCKED
                            (internal pin)
  Destination:            ddr3.u_axi_wrap_ddr/mig_axi/u_mig_axi_32_mig/u_ddr3_infrastructure/rstdiv0_sync_r_reg[10]/PRE
                            (recovery check against rising-edge clock clk_pll_i  {rise@0.000ns fall@5.000ns period=10.000ns})
  Path Group:             (none)
  Path Type:              Recovery (Max at Slow Process Corner)
  Data Path Delay:        4.980ns  (logic 0.105ns (2.109%)  route 4.875ns (97.891%))
  Logic Levels:           1  (LUT4=1)
  Clock Uncertainty:      0.168ns  ((TSJ^2 + DJ^2)^1/2) / 2 + PE
    Total System Jitter     (TSJ):    0.050ns
    Discrete Jitter          (DJ):    0.096ns
    Phase Error              (PE):    0.114ns

    Location             Delay type                Incr(ns)  Path(ns)    Netlist Resource(s)
  -------------------------------------------------------------------    -------------------
    MMCME2_ADV_X0Y4      MMCME2_ADV                   0.000     0.000 r  ddr3.u_axi_wrap_ddr/mig_axi/u_mig_axi_32_mig/u_ddr3_infrastructure/gen_mmcm.mmcm_i/LOCKED
                         net (fo=3, routed)           1.642     1.642    ddr3.u_axi_wrap_ddr/mig_axi/u_mig_axi_32_mig/u_iodelay_ctrl/mmcm_locked
    SLICE_X2Y230         LUT4 (Prop_lut4_I0_O)        0.105     1.747 f  ddr3.u_axi_wrap_ddr/mig_axi/u_mig_axi_32_mig/u_iodelay_ctrl/rstdiv2_sync_r[11]_i_1/O
                         net (fo=33, routed)          3.233     4.980    ddr3.u_axi_wrap_ddr/mig_axi/u_mig_axi_32_mig/u_ddr3_infrastructure/rst_tmp
    SLICE_X34Y245        FDPE                                         f  ddr3.u_axi_wrap_ddr/mig_axi/u_mig_axi_32_mig/u_ddr3_infrastructure/rstdiv0_sync_r_reg[10]/PRE
  -------------------------------------------------------------------    -------------------

                         (clock clk_pll_i rise edge)
                                                      0.000     0.000 r  
    AC19                                              0.000     0.000 r  clk (IN)
                         net (fo=0)                   0.000     0.000    clk
    AC19                 IBUF (Prop_ibuf_I_O)         1.350     1.350 r  clk_IBUF_inst/O
                         net (fo=1, routed)           2.471     3.821    clk_IBUF
    BUFGCTRL_X0Y0        BUFG (Prop_bufg_I_O)         0.077     3.898 r  clk_IBUF_BUFG_inst/O
                         net (fo=2000, routed)        1.586     5.484    ddr3.u_axi_wrap_ddr/mig_axi/u_mig_axi_32_mig/u_ddr3_infrastructure/mmcm_clk
    PLLE2_ADV_X0Y4       PLLE2_ADV (Prop_plle2_adv_CLKIN1_CLKOUT3)
                                                      0.073     5.557 r  ddr3.u_axi_wrap_ddr/mig_axi/u_mig_axi_32_mig/u_ddr3_infrastructure/plle2_i/CLKOUT3
                         net (fo=1, routed)           1.281     6.838    ddr3.u_axi_wrap_ddr/mig_axi/u_mig_axi_32_mig/u_ddr3_infrastructure/pll_clk3_out
    BUFHCE_X0Y48         BUFH (Prop_bufh_I_O)         0.069     6.907 r  ddr3.u_axi_wrap_ddr/mig_axi/u_mig_axi_32_mig/u_ddr3_infrastructure/u_bufh_pll_clk3/O
                         net (fo=1, routed)           0.805     7.712    ddr3.u_axi_wrap_ddr/mig_axi/u_mig_axi_32_mig/u_ddr3_infrastructure/pll_clk3
    MMCME2_ADV_X0Y4      MMCME2_ADV (Prop_mmcme2_adv_CLKIN1_CLKFBOUT)
                                                     -3.606     4.105 r  ddr3.u_axi_wrap_ddr/mig_axi/u_mig_axi_32_mig/u_ddr3_infrastructure/gen_mmcm.mmcm_i/CLKFBOUT
                         net (fo=1, routed)           1.964     6.070    ddr3.u_axi_wrap_ddr/mig_axi/u_mig_axi_32_mig/u_ddr3_infrastructure/clk_pll_i
    BUFGCTRL_X0Y16       BUFG (Prop_bufg_I_O)         0.077     6.147 r  ddr3.u_axi_wrap_ddr/mig_axi/u_mig_axi_32_mig/u_ddr3_infrastructure/u_bufg_clkdiv0/O
                         net (fo=7005, routed)        1.530     7.677    ddr3.u_axi_wrap_ddr/mig_axi/u_mig_axi_32_mig/u_ddr3_infrastructure/CLK
    SLICE_X34Y245        FDPE                                         r  ddr3.u_axi_wrap_ddr/mig_axi/u_mig_axi_32_mig/u_ddr3_infrastructure/rstdiv0_sync_r_reg[10]/C





--------------------------------------------------------------------------------------
Path Group:  (none)
From Clock:  
  To Clock:  dbg_hub/inst/BSCANID.u_xsdbm_id/SWITCH_N_EXT_BSCAN.bscan_inst/SERIES7_BSCAN.bscan_inst/TCK

Max Delay           257 Endpoints
Min Delay             0 Endpoints
--------------------------------------------------------------------------------------


Max Delay Paths
--------------------------------------------------------------------------------------
Slack:                    inf
  Source:                 dbg_hub/inst/BSCANID.u_xsdbm_id/SWITCH_N_EXT_BSCAN.bscan_inst/SERIES7_BSCAN.bscan_inst/SHIFT
                            (internal pin)
  Destination:            dbg_hub/inst/BSCANID.u_xsdbm_id/CORE_XSDB.U_ICON/U_STAT/iSTAT_CNT_reg[0]/R
                            (rising edge-triggered cell FDRE clocked by dbg_hub/inst/BSCANID.u_xsdbm_id/SWITCH_N_EXT_BSCAN.bscan_inst/SERIES7_BSCAN.bscan_inst/TCK  {rise@0.000ns fall@16.500ns period=33.000ns})
  Path Group:             (none)
  Path Type:              Setup (Max at Slow Process Corner)
  Data Path Delay:        6.343ns  (logic 0.315ns (4.966%)  route 6.028ns (95.034%))
  Logic Levels:           3  (LUT4=1 LUT5=2)
  Clock Uncertainty:      0.025ns  ((TSJ^2 + TIJ^2)^1/2 + DJ) / 2 + PE
    Total System Jitter     (TSJ):    0.050ns
    Total Input Jitter      (TIJ):    0.000ns
    Discrete Jitter          (DJ):    0.000ns
    Phase Error              (PE):    0.000ns

    Location             Delay type                Incr(ns)  Path(ns)    Netlist Resource(s)
  -------------------------------------------------------------------    -------------------
    BSCAN_X0Y0           BSCANE2                      0.000     0.000 f  dbg_hub/inst/BSCANID.u_xsdbm_id/SWITCH_N_EXT_BSCAN.bscan_inst/SERIES7_BSCAN.bscan_inst/SHIFT
                         net (fo=37, routed)          4.339     4.339    dbg_hub/inst/BSCANID.u_xsdbm_id/SWITCH_N_EXT_BSCAN.bscan_switch/s_bscan_shift
    SLICE_X86Y195        LUT5 (Prop_lut5_I4_O)        0.105     4.444 f  dbg_hub/inst/BSCANID.u_xsdbm_id/SWITCH_N_EXT_BSCAN.bscan_switch/m_bscan_shift[0]_INST_0/O
                         net (fo=4, routed)           0.586     5.029    dbg_hub/inst/BSCANID.u_xsdbm_id/CORE_XSDB.U_ICON/U_CMD/icn_cmd_en_reg[7]
    SLICE_X82Y195        LUT4 (Prop_lut4_I1_O)        0.105     5.134 f  dbg_hub/inst/BSCANID.u_xsdbm_id/CORE_XSDB.U_ICON/U_CMD/iSTAT_CNT[5]_i_4/O
                         net (fo=1, routed)           0.475     5.609    dbg_hub/inst/BSCANID.u_xsdbm_id/CORE_XSDB.U_ICON/U_CMD/iSTAT_CNT[5]_i_4_n_0
    SLICE_X82Y193        LUT5 (Prop_lut5_I4_O)        0.105     5.714 r  dbg_hub/inst/BSCANID.u_xsdbm_id/CORE_XSDB.U_ICON/U_CMD/iSTAT_CNT[5]_i_1/O
                         net (fo=6, routed)           0.629     6.343    dbg_hub/inst/BSCANID.u_xsdbm_id/CORE_XSDB.U_ICON/U_STAT/SR[0]
    SLICE_X76Y191        FDRE                                         r  dbg_hub/inst/BSCANID.u_xsdbm_id/CORE_XSDB.U_ICON/U_STAT/iSTAT_CNT_reg[0]/R
  -------------------------------------------------------------------    -------------------

                         (clock dbg_hub/inst/BSCANID.u_xsdbm_id/SWITCH_N_EXT_BSCAN.bscan_inst/SERIES7_BSCAN.bscan_inst/TCK rise edge)
                                                      0.000     0.000 r  
    BSCAN_X0Y0           BSCANE2                      0.000     0.000 r  dbg_hub/inst/BSCANID.u_xsdbm_id/SWITCH_N_EXT_BSCAN.bscan_inst/SERIES7_BSCAN.bscan_inst/TCK
                         net (fo=1, routed)           2.346     2.346    dbg_hub/inst/BSCANID.u_xsdbm_id/tck_bs
    BUFGCTRL_X0Y4        BUFG (Prop_bufg_I_O)         0.077     2.423 r  dbg_hub/inst/BSCANID.u_xsdbm_id/SWITCH_N_EXT_BSCAN.u_bufg_icon_tck/O
                         net (fo=486, routed)         1.269     3.692    dbg_hub/inst/BSCANID.u_xsdbm_id/CORE_XSDB.U_ICON/U_STAT/m_bscan_tck[0]
    SLICE_X76Y191        FDRE                                         r  dbg_hub/inst/BSCANID.u_xsdbm_id/CORE_XSDB.U_ICON/U_STAT/iSTAT_CNT_reg[0]/C





--------------------------------------------------------------------------------------
Path Group:  (none)
From Clock:  
  To Clock:  sys_clk

Max Delay            62 Endpoints
Min Delay             0 Endpoints
--------------------------------------------------------------------------------------


Max Delay Paths
--------------------------------------------------------------------------------------
Slack:                    inf
  Source:                 btn_key_row[1]
                            (input port)
  Destination:            u_confreg/btn_key_r_reg[6]/D
                            (rising edge-triggered cell FDRE clocked by sys_clk  {rise@0.000ns fall@5.000ns period=10.000ns})
  Path Group:             (none)
  Path Type:              Setup (Max at Slow Process Corner)
  Data Path Delay:        12.490ns  (logic 1.920ns (15.373%)  route 10.570ns (84.627%))
  Logic Levels:           6  (IBUF=1 LUT4=1 LUT5=1 LUT6=3)
  Clock Path Skew:        5.175ns (DCD - SCD + CPR)
    Destination Clock Delay (DCD):    5.175ns
    Source Clock Delay      (SCD):    0.000ns
    Clock Pessimism Removal (CPR):    0.000ns
  Clock Uncertainty:      0.131ns  ((TSJ^2 + DJ^2)^1/2) / 2 + PE
    Total System Jitter     (TSJ):    0.050ns
    Discrete Jitter          (DJ):    0.079ns
    Phase Error              (PE):    0.084ns

    Location             Delay type                Incr(ns)  Path(ns)    Netlist Resource(s)
  -------------------------------------------------------------------    -------------------
    W8                                                0.000     0.000 f  btn_key_row[1] (IN)
                         net (fo=0)                   0.000     0.000    btn_key_row[1]
    W8                   IBUF (Prop_ibuf_I_O)         1.395     1.395 f  btn_key_row_IBUF[1]_inst/O
                         net (fo=31, routed)          7.452     8.847    u_confreg/btn_key_row[1]
    SLICE_X73Y191        LUT5 (Prop_lut5_I1_O)        0.105     8.952 r  u_confreg/btn_key_r[4]_i_7/O
                         net (fo=1, routed)           0.466     9.418    u_confreg/btn_key_r[4]_i_7_n_0
    SLICE_X70Y191        LUT6 (Prop_lut6_I0_O)        0.105     9.523 r  u_confreg/btn_key_r[4]_i_3/O
                         net (fo=4, routed)           0.922    10.445    u_confreg/btn_key_r[4]_i_3_n_0
    SLICE_X74Y193        LUT6 (Prop_lut6_I0_O)        0.105    10.550 r  u_confreg/btn_key_r[13]_i_2/O
                         net (fo=20, routed)          1.383    11.933    u_confreg/btn_key_r0
    SLICE_X63Y188        LUT4 (Prop_lut4_I2_O)        0.105    12.038 r  u_confreg/btn_key_r[6]_i_4/O
                         net (fo=1, routed)           0.347    12.385    u_confreg/btn_key_r[6]_i_4_n_0
    SLICE_X64Y188        LUT6 (Prop_lut6_I5_O)        0.105    12.490 r  u_confreg/btn_key_r[6]_i_1/O
                         net (fo=1, routed)           0.000    12.490    u_confreg/btn_key_r[6]_i_1_n_0
    SLICE_X64Y188        FDRE                                         r  u_confreg/btn_key_r_reg[6]/D
  -------------------------------------------------------------------    -------------------

                         (clock sys_clk rise edge)    0.000     0.000 r  
    AC19                                              0.000     0.000 r  clk (IN)
                         net (fo=0)                   0.000     0.000    clk
    AC19                 IBUF (Prop_ibuf_I_O)         1.350     1.350 r  clk_IBUF_inst/O
                         net (fo=1, routed)           2.471     3.821    clk_IBUF
    BUFGCTRL_X0Y0        BUFG (Prop_bufg_I_O)         0.077     3.898 r  clk_IBUF_BUFG_inst/O
                         net (fo=2000, routed)        1.434     5.331    fpga_pll.u_clk_pll/inst/clk_in1
    PLLE2_ADV_X0Y2       PLLE2_ADV (Prop_plle2_adv_CLKIN1_CLKOUT1)
                                                     -2.995     2.336 r  fpga_pll.u_clk_pll/inst/plle2_adv_inst/CLKOUT1
                         net (fo=1, routed)           1.484     3.821    fpga_pll.u_clk_pll/inst/sys_clk_clk_pll
    BUFGCTRL_X0Y3        BUFG (Prop_bufg_I_O)         0.077     3.898 r  fpga_pll.u_clk_pll/inst/clkout2_buf/O
                         net (fo=3588, routed)        1.277     5.175    u_confreg/aclk
    SLICE_X64Y188        FDRE                                         r  u_confreg/btn_key_r_reg[6]/C





