Copyright 1986-2022 Xilinx, Inc. All Rights Reserved. Copyright 2022-2023 Advanced Micro Devices, Inc. All Rights Reserved.
------------------------------------------------------------------------------------------------------------------------------------------------------------------
| Tool Version : Vivado v.2023.2 (win64) Build 4029153 Fri Oct 13 20:14:34 MDT 2023
| Date         : Tue Aug  4 04:17:28 2026
| Host         : SKY-20240816EVR running 64-bit major release  (build 9200)
| Command      : report_timing -delay_type max -max_paths 20 -nworst 20 -sort_by slack -path_type full_clock_expanded -input_pins -file impl_setup_age_matrix.rpt
| Design       : soc_top
| Device       : 7a200t-fbg676
| Speed File   : -2  PRODUCTION 1.23 2018-06-13
| Design State : Routed
------------------------------------------------------------------------------------------------------------------------------------------------------------------

Timing Report

Slack (VIOLATED) :        -0.039ns  (required time - arrival time)
  Source:                 u_cpu/core_inst/rename/freelist/free_vec_reg[5]/C
                            (rising edge-triggered cell FDCE clocked by cpu_clk  {rise@0.000ns fall@15.278ns period=30.556ns})
  Destination:            u_cpu/core_inst/alu_iq/slot_uop_reg[10][psrc2_busy]/D
                            (rising edge-triggered cell FDRE clocked by cpu_clk  {rise@0.000ns fall@15.278ns period=30.556ns})
  Path Group:             cpu_clk
  Path Type:              Setup (Max at Slow Process Corner)
  Requirement:            30.556ns  (cpu_clk rise@30.556ns - cpu_clk rise@0.000ns)
  Data Path Delay:        30.428ns  (logic 5.790ns (19.028%)  route 24.638ns (80.972%))
  Logic Levels:           48  (LUT2=4 LUT3=1 LUT4=6 LUT5=8 LUT6=29)
  Clock Path Skew:        -0.136ns (DCD - SCD + CPR)
    Destination Clock Delay (DCD):    5.305ns = ( 35.860 - 30.556 ) 
    Source Clock Delay      (SCD):    5.655ns
    Clock Pessimism Removal (CPR):    0.214ns
  Clock Uncertainty:      0.060ns  ((TSJ^2 + DJ^2)^1/2) / 2 + PE
    Total System Jitter     (TSJ):    0.071ns
    Discrete Jitter          (DJ):    0.097ns
    Phase Error              (PE):    0.000ns

    Location             Delay type                Incr(ns)  Path(ns)    Netlist Resource(s)
  -------------------------------------------------------------------    -------------------
                         (clock cpu_clk rise edge)    0.000     0.000 r  
    AC19                                              0.000     0.000 r  clk (IN)
                         net (fo=0)                   0.000     0.000    clk
    AC19                                                              r  clk_IBUF_inst/I
    AC19                 IBUF (Prop_ibuf_I_O)         1.416     1.416 r  clk_IBUF_inst/O
                         net (fo=1, routed)           2.602     4.018    clk_IBUF
    BUFGCTRL_X0Y0                                                     r  clk_IBUF_BUFG_inst/I
    BUFGCTRL_X0Y0        BUFG (Prop_bufg_I_O)         0.081     4.099 r  clk_IBUF_BUFG_inst/O
                         net (fo=2000, routed)        1.536     5.635    fpga_pll.u_clk_pll/inst/clk_in1
    PLLE2_ADV_X0Y2                                                    r  fpga_pll.u_clk_pll/inst/plle2_adv_inst/CLKIN1
    PLLE2_ADV_X0Y2       PLLE2_ADV (Prop_plle2_adv_CLKIN1_CLKOUT0)
                                                     -3.173     2.461 r  fpga_pll.u_clk_pll/inst/plle2_adv_inst/CLKOUT0
                         net (fo=1, routed)           1.557     4.018    fpga_pll.u_clk_pll/inst/cpu_clk_clk_pll
    BUFGCTRL_X0Y2                                                     r  fpga_pll.u_clk_pll/inst/clkout1_buf/I
    BUFGCTRL_X0Y2        BUFG (Prop_bufg_I_O)         0.081     4.099 r  fpga_pll.u_clk_pll/inst/clkout1_buf/O
                         net (fo=59802, routed)       1.556     5.655    u_cpu/core_inst/rename/freelist/cpu_clk
    SLICE_X118Y71        FDCE                                         r  u_cpu/core_inst/rename/freelist/free_vec_reg[5]/C
  -------------------------------------------------------------------    -------------------
    SLICE_X118Y71        FDCE (Prop_fdce_C_Q)         0.379     6.034 r  u_cpu/core_inst/rename/freelist/free_vec_reg[5]/Q
                         net (fo=17, routed)          0.762     6.796    u_cpu/core_inst/rename/freelist/p_45_in
    SLICE_X121Y71                                                     r  u_cpu/core_inst/rename/freelist/rob_tail[4]_i_227/I2
    SLICE_X121Y71        LUT6 (Prop_lut6_I2_O)        0.105     6.901 r  u_cpu/core_inst/rename/freelist/rob_tail[4]_i_227/O
                         net (fo=7, routed)           0.518     7.419    u_cpu/core_inst/rename/freelist/rob_tail[4]_i_227_n_0
    SLICE_X119Y71                                                     r  u_cpu/core_inst/rename/freelist/rob_tail[4]_i_231/I5
    SLICE_X119Y71        LUT6 (Prop_lut6_I5_O)        0.105     7.524 r  u_cpu/core_inst/rename/freelist/rob_tail[4]_i_231/O
                         net (fo=4, routed)           0.472     7.996    u_cpu/core_inst/rename/freelist/rob_tail[4]_i_231_n_0
    SLICE_X120Y70                                                     r  u_cpu/core_inst/rename/freelist/rob_tail[4]_i_213/I0
    SLICE_X120Y70        LUT3 (Prop_lut3_I0_O)        0.105     8.101 r  u_cpu/core_inst/rename/freelist/rob_tail[4]_i_213/O
                         net (fo=1, routed)           0.671     8.771    u_cpu/core_inst/rename/freelist/rob_tail[4]_i_213_n_0
    SLICE_X119Y70                                                     r  u_cpu/core_inst/rename/freelist/rob_tail[4]_i_184/I5
    SLICE_X119Y70        LUT6 (Prop_lut6_I5_O)        0.105     8.876 r  u_cpu/core_inst/rename/freelist/rob_tail[4]_i_184/O
                         net (fo=2, routed)           0.477     9.353    u_cpu/core_inst/rename/freelist/rob_tail[4]_i_184_n_0
    SLICE_X119Y72                                                     r  u_cpu/core_inst/rename/freelist/rob_tail[4]_i_182/I3
    SLICE_X119Y72        LUT6 (Prop_lut6_I3_O)        0.105     9.458 f  u_cpu/core_inst/rename/freelist/rob_tail[4]_i_182/O
                         net (fo=3, routed)           0.332     9.790    u_cpu/core_inst/rename/freelist/rob_tail[4]_i_182_n_0
    SLICE_X119Y72                                                     f  u_cpu/core_inst/rename/freelist/rob_tail[4]_i_204/I3
    SLICE_X119Y72        LUT5 (Prop_lut5_I3_O)        0.105     9.895 f  u_cpu/core_inst/rename/freelist/rob_tail[4]_i_204/O
                         net (fo=4, routed)           0.528    10.423    u_cpu/core_inst/rename/freelist/rob_tail[4]_i_204_n_0
    SLICE_X117Y72                                                     f  u_cpu/core_inst/rename/freelist/rob_tail[4]_i_176/I3
    SLICE_X117Y72        LUT6 (Prop_lut6_I3_O)        0.105    10.528 f  u_cpu/core_inst/rename/freelist/rob_tail[4]_i_176/O
                         net (fo=13, routed)          0.397    10.925    u_cpu/core_inst/rename/freelist/rob_tail[4]_i_176_n_0
    SLICE_X122Y72                                                     f  u_cpu/core_inst/rename/freelist/rob_tail[4]_i_216/I2
    SLICE_X122Y72        LUT5 (Prop_lut5_I2_O)        0.105    11.030 f  u_cpu/core_inst/rename/freelist/rob_tail[4]_i_216/O
                         net (fo=4, routed)           0.569    11.599    u_cpu/core_inst/rename/freelist/rob_tail[4]_i_216_n_0
    SLICE_X124Y72                                                     f  u_cpu/core_inst/rename/freelist/rob_tail[4]_i_194/I0
    SLICE_X124Y72        LUT4 (Prop_lut4_I0_O)        0.105    11.704 r  u_cpu/core_inst/rename/freelist/rob_tail[4]_i_194/O
                         net (fo=3, routed)           0.536    12.240    u_cpu/core_inst/rename/freelist/rob_tail[4]_i_194_n_0
    SLICE_X124Y71                                                     r  u_cpu/core_inst/rename/freelist/rob_tail[4]_i_175/I1
    SLICE_X124Y71        LUT6 (Prop_lut6_I1_O)        0.105    12.345 f  u_cpu/core_inst/rename/freelist/rob_tail[4]_i_175/O
                         net (fo=3, routed)           0.648    12.993    u_cpu/core_inst/rename/freelist/rob_tail[4]_i_175_n_0
    SLICE_X122Y70                                                     f  u_cpu/core_inst/rename/freelist/rob_tail[4]_i_153/I4
    SLICE_X122Y70        LUT5 (Prop_lut5_I4_O)        0.105    13.098 r  u_cpu/core_inst/rename/freelist/rob_tail[4]_i_153/O
                         net (fo=3, routed)           0.547    13.646    u_cpu/core_inst/rename/freelist/rob_tail[4]_i_153_n_0
    SLICE_X122Y75                                                     r  u_cpu/core_inst/rename/freelist/rob_tail[4]_i_122/I1
    SLICE_X122Y75        LUT4 (Prop_lut4_I1_O)        0.105    13.751 r  u_cpu/core_inst/rename/freelist/rob_tail[4]_i_122/O
                         net (fo=4, routed)           0.538    14.289    u_cpu/core_inst/rename/freelist/rob_tail[4]_i_122_n_0
    SLICE_X120Y75                                                     r  u_cpu/core_inst/rename/freelist/rob_tail[4]_i_145/I4
    SLICE_X120Y75        LUT6 (Prop_lut6_I4_O)        0.105    14.394 r  u_cpu/core_inst/rename/freelist/rob_tail[4]_i_145/O
                         net (fo=2, routed)           0.697    15.091    u_cpu/core_inst/rename/freelist/rob_tail[4]_i_145_n_0
    SLICE_X121Y74                                                     r  u_cpu/core_inst/rename/freelist/rob_tail[4]_i_106/I4
    SLICE_X121Y74        LUT6 (Prop_lut6_I4_O)        0.105    15.196 f  u_cpu/core_inst/rename/freelist/rob_tail[4]_i_106/O
                         net (fo=11, routed)          0.422    15.619    u_cpu/core_inst/rename/freelist/rob_tail[4]_i_106_n_0
    SLICE_X120Y75                                                     f  u_cpu/core_inst/rename/freelist/rob_tail[4]_i_158/I1
    SLICE_X120Y75        LUT2 (Prop_lut2_I1_O)        0.105    15.724 f  u_cpu/core_inst/rename/freelist/rob_tail[4]_i_158/O
                         net (fo=5, routed)           0.726    16.449    u_cpu/core_inst/rename/freelist/rob_tail[4]_i_158_n_0
    SLICE_X123Y74                                                     f  u_cpu/core_inst/rename/freelist/rob_tail[4]_i_111/I5
    SLICE_X123Y74        LUT6 (Prop_lut6_I5_O)        0.105    16.554 r  u_cpu/core_inst/rename/freelist/rob_tail[4]_i_111/O
                         net (fo=9, routed)           0.648    17.203    u_cpu/core_inst/rename/freelist/rob_tail[4]_i_111_n_0
    SLICE_X120Y76                                                     r  u_cpu/core_inst/rename/freelist/rob_tail[4]_i_102/I2
    SLICE_X120Y76        LUT6 (Prop_lut6_I2_O)        0.105    17.308 r  u_cpu/core_inst/rename/freelist/rob_tail[4]_i_102/O
                         net (fo=3, routed)           0.501    17.809    u_cpu/core_inst/rename/freelist/rob_tail[4]_i_102_n_0
    SLICE_X118Y76                                                     r  u_cpu/core_inst/rename/freelist/rob_tail[4]_i_124/I3
    SLICE_X118Y76        LUT6 (Prop_lut6_I3_O)        0.105    17.914 r  u_cpu/core_inst/rename/freelist/rob_tail[4]_i_124/O
                         net (fo=3, routed)           0.397    18.311    u_cpu/core_inst/rename/freelist/rob_tail[4]_i_124_n_0
    SLICE_X119Y78                                                     r  u_cpu/core_inst/rename/freelist/rob_tail[4]_i_90/I5
    SLICE_X119Y78        LUT6 (Prop_lut6_I5_O)        0.105    18.416 f  u_cpu/core_inst/rename/freelist/rob_tail[4]_i_90/O
                         net (fo=8, routed)           0.451    18.867    u_cpu/core_inst/rename/freelist/rob_tail[4]_i_90_n_0
    SLICE_X118Y78                                                     f  u_cpu/core_inst/rename/freelist/rob_tail[4]_i_136/I2
    SLICE_X118Y78        LUT6 (Prop_lut6_I2_O)        0.105    18.972 f  u_cpu/core_inst/rename/freelist/rob_tail[4]_i_136/O
                         net (fo=5, routed)           0.377    19.350    u_cpu/core_inst/rename/freelist/rob_tail[4]_i_136_n_0
    SLICE_X118Y78                                                     f  u_cpu/core_inst/rename/freelist/rob_tail[4]_i_96/I5
    SLICE_X118Y78        LUT6 (Prop_lut6_I5_O)        0.105    19.455 f  u_cpu/core_inst/rename/freelist/rob_tail[4]_i_96/O
                         net (fo=3, routed)           0.525    19.980    u_cpu/core_inst/rename/freelist/rob_tail[4]_i_96_n_0
    SLICE_X117Y78                                                     f  u_cpu/core_inst/rename/freelist/rob_tail[4]_i_75/I0
    SLICE_X117Y78        LUT6 (Prop_lut6_I0_O)        0.105    20.085 r  u_cpu/core_inst/rename/freelist/rob_tail[4]_i_75/O
                         net (fo=9, routed)           0.539    20.624    u_cpu/core_inst/rename/freelist/rob_tail[4]_i_75_n_0
    SLICE_X116Y79                                                     r  u_cpu/core_inst/rename/freelist/rob_tail[4]_i_128/I3
    SLICE_X116Y79        LUT5 (Prop_lut5_I3_O)        0.105    20.729 r  u_cpu/core_inst/rename/freelist/rob_tail[4]_i_128/O
                         net (fo=3, routed)           0.364    21.092    u_cpu/core_inst/rename/freelist/rob_tail[4]_i_128_n_0
    SLICE_X114Y79                                                     r  u_cpu/core_inst/rename/freelist/rob_tail[4]_i_95/I4
    SLICE_X114Y79        LUT5 (Prop_lut5_I4_O)        0.105    21.197 r  u_cpu/core_inst/rename/freelist/rob_tail[4]_i_95/O
                         net (fo=1, routed)           0.651    21.848    u_cpu/core_inst/rename/freelist/rob_tail[4]_i_95_n_0
    SLICE_X113Y79                                                     r  u_cpu/core_inst/rename/freelist/rob_tail[4]_i_73/I5
    SLICE_X113Y79        LUT6 (Prop_lut6_I5_O)        0.105    21.953 f  u_cpu/core_inst/rename/freelist/rob_tail[4]_i_73/O
                         net (fo=2, routed)           0.385    22.338    u_cpu/core_inst/rename/freelist/rob_tail[4]_i_73_n_0
    SLICE_X108Y77                                                     f  u_cpu/core_inst/rename/freelist/rob_tail[4]_i_40/I0
    SLICE_X108Y77        LUT4 (Prop_lut4_I0_O)        0.105    22.443 r  u_cpu/core_inst/rename/freelist/rob_tail[4]_i_40/O
                         net (fo=2, routed)           0.343    22.787    u_cpu/core_inst/rename/freelist/rob_tail[4]_i_40_n_0
    SLICE_X108Y76                                                     r  u_cpu/core_inst/rename/freelist/rob_tail[4]_i_49/I0
    SLICE_X108Y76        LUT5 (Prop_lut5_I0_O)        0.105    22.892 r  u_cpu/core_inst/rename/freelist/rob_tail[4]_i_49/O
                         net (fo=2, routed)           0.367    23.259    u_cpu/core_inst/rename/freelist/rob_tail[4]_i_49_n_0
    SLICE_X107Y77                                                     r  u_cpu/core_inst/rename/freelist/rob_tail[4]_i_50/I3
    SLICE_X107Y77        LUT6 (Prop_lut6_I3_O)        0.105    23.364 r  u_cpu/core_inst/rename/freelist/rob_tail[4]_i_50/O
                         net (fo=9, routed)           0.469    23.833    u_cpu/core_inst/rename/freelist/rob_tail[4]_i_50_n_0
    SLICE_X107Y75                                                     r  u_cpu/core_inst/rename/freelist/rob_tail[4]_i_46/I3
    SLICE_X107Y75        LUT6 (Prop_lut6_I3_O)        0.105    23.938 r  u_cpu/core_inst/rename/freelist/rob_tail[4]_i_46/O
                         net (fo=2, routed)           0.663    24.602    u_cpu/core_inst/rename/freelist/rob_tail[4]_i_46_n_0
    SLICE_X105Y75                                                     r  u_cpu/core_inst/rename/freelist/rob_tail[4]_i_29/I1
    SLICE_X105Y75        LUT6 (Prop_lut6_I1_O)        0.105    24.707 f  u_cpu/core_inst/rename/freelist/rob_tail[4]_i_29/O
                         net (fo=2, routed)           0.464    25.170    u_cpu/core_inst/rename/freelist/rob_tail[4]_i_29_n_0
    SLICE_X105Y76                                                     f  u_cpu/core_inst/rename/freelist/rob_tail[4]_i_17/I1
    SLICE_X105Y76        LUT6 (Prop_lut6_I1_O)        0.105    25.275 f  u_cpu/core_inst/rename/freelist/rob_tail[4]_i_17/O
                         net (fo=1, routed)           0.403    25.679    u_cpu/core_inst/rename/freelist/rob_tail[4]_i_17_n_0
    SLICE_X103Y76                                                     f  u_cpu/core_inst/rename/freelist/rob_tail[4]_i_10/I3
    SLICE_X103Y76        LUT6 (Prop_lut6_I3_O)        0.105    25.784 r  u_cpu/core_inst/rename/freelist/rob_tail[4]_i_10/O
                         net (fo=1, routed)           0.243    26.027    u_cpu/core_inst/rename/freelist/rob_tail[4]_i_10_n_0
    SLICE_X101Y76                                                     r  u_cpu/core_inst/rename/freelist/rob_tail[4]_i_7/I2
    SLICE_X101Y76        LUT6 (Prop_lut6_I2_O)        0.105    26.132 f  u_cpu/core_inst/rename/freelist/rob_tail[4]_i_7/O
                         net (fo=4, routed)           0.498    26.629    u_cpu/core_inst/rename/freelist/dispatch_enable
    SLICE_X94Y76                                                      f  u_cpu/core_inst/rename/freelist/br_alloc_q[0][7]_i_6/I2
    SLICE_X94Y76         LUT6 (Prop_lut6_I2_O)        0.105    26.734 f  u_cpu/core_inst/rename/freelist/br_alloc_q[0][7]_i_6/O
                         net (fo=57, routed)          0.434    27.168    u_cpu/core_inst/rename/freelist/fl_alloc_en[0]
    SLICE_X97Y75                                                      f  u_cpu/core_inst/rename/freelist/free_vec[55]_i_4/I3
    SLICE_X97Y75         LUT4 (Prop_lut4_I3_O)        0.105    27.273 r  u_cpu/core_inst/rename/freelist/free_vec[55]_i_4/O
                         net (fo=37, routed)          0.584    27.858    u_cpu/core_inst/rename/freelist/free_vec[55]_i_4_n_0
    SLICE_X100Y74                                                     r  u_cpu/core_inst/rename/freelist/slot_uop[15][pdst][5]_i_38/I3
    SLICE_X100Y74        LUT5 (Prop_lut5_I3_O)        0.105    27.963 r  u_cpu/core_inst/rename/freelist/slot_uop[15][pdst][5]_i_38/O
                         net (fo=3, routed)           0.392    28.354    u_cpu/core_inst/rename/freelist/slot_uop[15][pdst][5]_i_38_n_0
    SLICE_X97Y73                                                      r  u_cpu/core_inst/rename/freelist/slot_uop[15][pdst][5]_i_20/I5
    SLICE_X97Y73         LUT6 (Prop_lut6_I5_O)        0.105    28.459 r  u_cpu/core_inst/rename/freelist/slot_uop[15][pdst][5]_i_20/O
                         net (fo=3, routed)           0.551    29.011    u_cpu/core_inst/rename/freelist/slot_uop[15][pdst][5]_i_20_n_0
    SLICE_X96Y73                                                      r  u_cpu/core_inst/rename/freelist/slot_uop[15][pdst][5]_i_7/I0
    SLICE_X96Y73         LUT2 (Prop_lut2_I0_O)        0.127    29.138 r  u_cpu/core_inst/rename/freelist/slot_uop[15][pdst][5]_i_7/O
                         net (fo=5, routed)           0.940    30.077    u_cpu/core_inst/rename/freelist/slot_uop[15][pdst][5]_i_7_n_0
    SLICE_X91Y70                                                      r  u_cpu/core_inst/rename/freelist/slot_uop[15][pdst][5]_i_3/I3
    SLICE_X91Y70         LUT6 (Prop_lut6_I3_O)        0.286    30.363 r  u_cpu/core_inst/rename/freelist/slot_uop[15][pdst][5]_i_3/O
                         net (fo=89, routed)          0.638    31.001    u_cpu/core_inst/rename/freelist/mt_write_preg[5]
    SLICE_X85Y72                                                      r  u_cpu/core_inst/rename/freelist/slot_uop[6][psrc2_busy]_i_89/I2
    SLICE_X85Y72         LUT4 (Prop_lut4_I2_O)        0.105    31.106 r  u_cpu/core_inst/rename/freelist/slot_uop[6][psrc2_busy]_i_89/O
                         net (fo=1, routed)           0.456    31.563    u_cpu/core_inst/rename/freelist/slot_uop[6][psrc2_busy]_i_89_n_0
    SLICE_X86Y72                                                      r  u_cpu/core_inst/rename/freelist/slot_uop[6][psrc2_busy]_i_56/I0
    SLICE_X86Y72         LUT5 (Prop_lut5_I0_O)        0.105    31.668 r  u_cpu/core_inst/rename/freelist/slot_uop[6][psrc2_busy]_i_56/O
                         net (fo=1, routed)           0.227    31.894    u_cpu/core_inst/rename/freelist/slot_uop[6][psrc2_busy]_i_56_n_0
    SLICE_X85Y72                                                      r  u_cpu/core_inst/rename/freelist/slot_uop[6][psrc2_busy]_i_31/I0
    SLICE_X85Y72         LUT6 (Prop_lut6_I0_O)        0.105    31.999 r  u_cpu/core_inst/rename/freelist/slot_uop[6][psrc2_busy]_i_31/O
                         net (fo=1, routed)           0.643    32.642    u_cpu/core_inst/rename/freelist/slot_uop[6][psrc2_busy]_i_31_n_0
    SLICE_X84Y74                                                      r  u_cpu/core_inst/rename/freelist/slot_uop[6][psrc2_busy]_i_13__1/I4
    SLICE_X84Y74         LUT6 (Prop_lut6_I4_O)        0.105    32.747 r  u_cpu/core_inst/rename/freelist/slot_uop[6][psrc2_busy]_i_13__1/O
                         net (fo=8, routed)           0.663    33.410    u_cpu/core_inst/rename/freelist/rn2_mask_q_reg[1]_0
    SLICE_X83Y72                                                      r  u_cpu/core_inst/rename/freelist/slot_uop[15][psrc2_busy]_i_11__0/I3
    SLICE_X83Y72         LUT4 (Prop_lut4_I3_O)        0.105    33.515 r  u_cpu/core_inst/rename/freelist/slot_uop[15][psrc2_busy]_i_11__0/O
                         net (fo=6, routed)           0.690    34.205    u_cpu/core_inst/gen_alu[0].alu_inst/iq_alu_dis_uop[0][psrc2_busy]
    SLICE_X85Y77                                                      r  u_cpu/core_inst/gen_alu[0].alu_inst/slot_uop[12][psrc2_busy]_i_6/I1
    SLICE_X85Y77         LUT2 (Prop_lut2_I1_O)        0.105    34.310 f  u_cpu/core_inst/gen_alu[0].alu_inst/slot_uop[12][psrc2_busy]_i_6/O
                         net (fo=3, routed)           0.216    34.527    u_cpu/core_inst/rename/freelist/slot_uop_reg[0][psrc2_busy]
    SLICE_X85Y77                                                      f  u_cpu/core_inst/rename/freelist/slot_uop[0][psrc2_busy]_i_2/I1
    SLICE_X85Y77         LUT2 (Prop_lut2_I1_O)        0.110    34.637 r  u_cpu/core_inst/rename/freelist/slot_uop[0][psrc2_busy]_i_2/O
                         net (fo=7, routed)           0.678    35.314    u_cpu/core_inst/alu_iq/slot_uop_reg[0][psrc2_busy]_0
    SLICE_X83Y84                                                      r  u_cpu/core_inst/alu_iq/slot_uop[10][psrc2_busy]_i_2/I5
    SLICE_X83Y84         LUT6 (Prop_lut6_I5_O)        0.268    35.582 r  u_cpu/core_inst/alu_iq/slot_uop[10][psrc2_busy]_i_2/O
                         net (fo=1, routed)           0.396    35.978    u_cpu/core_inst/alu_iq/slot_uop[10][psrc2_busy]_i_2_n_0
    SLICE_X81Y84                                                      r  u_cpu/core_inst/alu_iq/slot_uop[10][psrc2_busy]_i_1/I0
    SLICE_X81Y84         LUT6 (Prop_lut6_I0_O)        0.105    36.083 r  u_cpu/core_inst/alu_iq/slot_uop[10][psrc2_busy]_i_1/O
                         net (fo=1, routed)           0.000    36.083    u_cpu/core_inst/alu_iq/slot_uop[10][psrc2_busy]_i_1_n_0
    SLICE_X81Y84         FDRE                                         r  u_cpu/core_inst/alu_iq/slot_uop_reg[10][psrc2_busy]/D
  -------------------------------------------------------------------    -------------------

                         (clock cpu_clk rise edge)   30.556    30.556 r  
    AC19                                              0.000    30.556 r  clk (IN)
                         net (fo=0)                   0.000    30.556    clk
    AC19                                                              r  clk_IBUF_inst/I
    AC19                 IBUF (Prop_ibuf_I_O)         1.350    31.906 r  clk_IBUF_inst/O
                         net (fo=1, routed)           2.471    34.376    clk_IBUF
    BUFGCTRL_X0Y0                                                     r  clk_IBUF_BUFG_inst/I
    BUFGCTRL_X0Y0        BUFG (Prop_bufg_I_O)         0.077    34.453 r  clk_IBUF_BUFG_inst/O
                         net (fo=2000, routed)        1.434    35.887    fpga_pll.u_clk_pll/inst/clk_in1
    PLLE2_ADV_X0Y2                                                    r  fpga_pll.u_clk_pll/inst/plle2_adv_inst/CLKIN1
    PLLE2_ADV_X0Y2       PLLE2_ADV (Prop_plle2_adv_CLKIN1_CLKOUT0)
                                                     -2.995    32.892 r  fpga_pll.u_clk_pll/inst/plle2_adv_inst/CLKOUT0
                         net (fo=1, routed)           1.484    34.376    fpga_pll.u_clk_pll/inst/cpu_clk_clk_pll
    BUFGCTRL_X0Y2                                                     r  fpga_pll.u_clk_pll/inst/clkout1_buf/I
    BUFGCTRL_X0Y2        BUFG (Prop_bufg_I_O)         0.077    34.453 r  fpga_pll.u_clk_pll/inst/clkout1_buf/O
                         net (fo=59802, routed)       1.407    35.860    u_cpu/core_inst/alu_iq/cpu_clk
    SLICE_X81Y84         FDRE                                         r  u_cpu/core_inst/alu_iq/slot_uop_reg[10][psrc2_busy]/C
                         clock pessimism              0.214    36.074    
                         clock uncertainty           -0.060    36.014    
    SLICE_X81Y84         FDRE (Setup_fdre_C_D)        0.030    36.044    u_cpu/core_inst/alu_iq/slot_uop_reg[10][psrc2_busy]
  -------------------------------------------------------------------
                         required time                         36.044    
                         arrival time                         -36.083    
  -------------------------------------------------------------------
                         slack                                 -0.039    

Slack (VIOLATED) :        -0.039ns  (required time - arrival time)
  Source:                 u_cpu/core_inst/rename/freelist/free_vec_reg[5]/C
                            (rising edge-triggered cell FDCE clocked by cpu_clk  {rise@0.000ns fall@15.278ns period=30.556ns})
  Destination:            u_cpu/core_inst/alu_iq/slot_uop_reg[10][psrc2_busy]/D
                            (rising edge-triggered cell FDRE clocked by cpu_clk  {rise@0.000ns fall@15.278ns period=30.556ns})
  Path Group:             cpu_clk
  Path Type:              Setup (Max at Slow Process Corner)
  Requirement:            30.556ns  (cpu_clk rise@30.556ns - cpu_clk rise@0.000ns)
  Data Path Delay:        30.428ns  (logic 5.790ns (19.028%)  route 24.638ns (80.972%))
  Logic Levels:           48  (LUT2=4 LUT3=1 LUT4=6 LUT5=8 LUT6=29)
  Clock Path Skew:        -0.136ns (DCD - SCD + CPR)
    Destination Clock Delay (DCD):    5.305ns = ( 35.860 - 30.556 ) 
    Source Clock Delay      (SCD):    5.655ns
    Clock Pessimism Removal (CPR):    0.214ns
  Clock Uncertainty:      0.060ns  ((TSJ^2 + DJ^2)^1/2) / 2 + PE
    Total System Jitter     (TSJ):    0.071ns
    Discrete Jitter          (DJ):    0.097ns
    Phase Error              (PE):    0.000ns

    Location             Delay type                Incr(ns)  Path(ns)    Netlist Resource(s)
  -------------------------------------------------------------------    -------------------
                         (clock cpu_clk rise edge)    0.000     0.000 r  
    AC19                                              0.000     0.000 r  clk (IN)
                         net (fo=0)                   0.000     0.000    clk
    AC19                                                              r  clk_IBUF_inst/I
    AC19                 IBUF (Prop_ibuf_I_O)         1.416     1.416 r  clk_IBUF_inst/O
                         net (fo=1, routed)           2.602     4.018    clk_IBUF
    BUFGCTRL_X0Y0                                                     r  clk_IBUF_BUFG_inst/I
    BUFGCTRL_X0Y0        BUFG (Prop_bufg_I_O)         0.081     4.099 r  clk_IBUF_BUFG_inst/O
                         net (fo=2000, routed)        1.536     5.635    fpga_pll.u_clk_pll/inst/clk_in1
    PLLE2_ADV_X0Y2                                                    r  fpga_pll.u_clk_pll/inst/plle2_adv_inst/CLKIN1
    PLLE2_ADV_X0Y2       PLLE2_ADV (Prop_plle2_adv_CLKIN1_CLKOUT0)
                                                     -3.173     2.461 r  fpga_pll.u_clk_pll/inst/plle2_adv_inst/CLKOUT0
                         net (fo=1, routed)           1.557     4.018    fpga_pll.u_clk_pll/inst/cpu_clk_clk_pll
    BUFGCTRL_X0Y2                                                     r  fpga_pll.u_clk_pll/inst/clkout1_buf/I
    BUFGCTRL_X0Y2        BUFG (Prop_bufg_I_O)         0.081     4.099 r  fpga_pll.u_clk_pll/inst/clkout1_buf/O
                         net (fo=59802, routed)       1.556     5.655    u_cpu/core_inst/rename/freelist/cpu_clk
    SLICE_X118Y71        FDCE                                         r  u_cpu/core_inst/rename/freelist/free_vec_reg[5]/C
  -------------------------------------------------------------------    -------------------
    SLICE_X118Y71        FDCE (Prop_fdce_C_Q)         0.379     6.034 r  u_cpu/core_inst/rename/freelist/free_vec_reg[5]/Q
                         net (fo=17, routed)          0.762     6.796    u_cpu/core_inst/rename/freelist/p_45_in
    SLICE_X121Y71                                                     r  u_cpu/core_inst/rename/freelist/rob_tail[4]_i_227/I2
    SLICE_X121Y71        LUT6 (Prop_lut6_I2_O)        0.105     6.901 r  u_cpu/core_inst/rename/freelist/rob_tail[4]_i_227/O
                         net (fo=7, routed)           0.518     7.419    u_cpu/core_inst/rename/freelist/rob_tail[4]_i_227_n_0
    SLICE_X119Y71                                                     r  u_cpu/core_inst/rename/freelist/rob_tail[4]_i_231/I5
    SLICE_X119Y71        LUT6 (Prop_lut6_I5_O)        0.105     7.524 r  u_cpu/core_inst/rename/freelist/rob_tail[4]_i_231/O
                         net (fo=4, routed)           0.472     7.996    u_cpu/core_inst/rename/freelist/rob_tail[4]_i_231_n_0
    SLICE_X120Y70                                                     r  u_cpu/core_inst/rename/freelist/rob_tail[4]_i_213/I0
    SLICE_X120Y70        LUT3 (Prop_lut3_I0_O)        0.105     8.101 r  u_cpu/core_inst/rename/freelist/rob_tail[4]_i_213/O
                         net (fo=1, routed)           0.671     8.771    u_cpu/core_inst/rename/freelist/rob_tail[4]_i_213_n_0
    SLICE_X119Y70                                                     r  u_cpu/core_inst/rename/freelist/rob_tail[4]_i_184/I5
    SLICE_X119Y70        LUT6 (Prop_lut6_I5_O)        0.105     8.876 f  u_cpu/core_inst/rename/freelist/rob_tail[4]_i_184/O
                         net (fo=2, routed)           0.477     9.353    u_cpu/core_inst/rename/freelist/rob_tail[4]_i_184_n_0
    SLICE_X119Y72                                                     f  u_cpu/core_inst/rename/freelist/rob_tail[4]_i_182/I3
    SLICE_X119Y72        LUT6 (Prop_lut6_I3_O)        0.105     9.458 r  u_cpu/core_inst/rename/freelist/rob_tail[4]_i_182/O
                         net (fo=3, routed)           0.332     9.790    u_cpu/core_inst/rename/freelist/rob_tail[4]_i_182_n_0
    SLICE_X119Y72                                                     r  u_cpu/core_inst/rename/freelist/rob_tail[4]_i_204/I3
    SLICE_X119Y72        LUT5 (Prop_lut5_I3_O)        0.105     9.895 r  u_cpu/core_inst/rename/freelist/rob_tail[4]_i_204/O
                         net (fo=4, routed)           0.528    10.423    u_cpu/core_inst/rename/freelist/rob_tail[4]_i_204_n_0
    SLICE_X117Y72                                                     r  u_cpu/core_inst/rename/freelist/rob_tail[4]_i_176/I3
    SLICE_X117Y72        LUT6 (Prop_lut6_I3_O)        0.105    10.528 r  u_cpu/core_inst/rename/freelist/rob_tail[4]_i_176/O
                         net (fo=13, routed)          0.397    10.925    u_cpu/core_inst/rename/freelist/rob_tail[4]_i_176_n_0
    SLICE_X122Y72                                                     r  u_cpu/core_inst/rename/freelist/rob_tail[4]_i_216/I2
    SLICE_X122Y72        LUT5 (Prop_lut5_I2_O)        0.105    11.030 r  u_cpu/core_inst/rename/freelist/rob_tail[4]_i_216/O
                         net (fo=4, routed)           0.569    11.599    u_cpu/core_inst/rename/freelist/rob_tail[4]_i_216_n_0
    SLICE_X124Y72                                                     r  u_cpu/core_inst/rename/freelist/rob_tail[4]_i_194/I0
    SLICE_X124Y72        LUT4 (Prop_lut4_I0_O)        0.105    11.704 f  u_cpu/core_inst/rename/freelist/rob_tail[4]_i_194/O
                         net (fo=3, routed)           0.536    12.240    u_cpu/core_inst/rename/freelist/rob_tail[4]_i_194_n_0
    SLICE_X124Y71                                                     f  u_cpu/core_inst/rename/freelist/rob_tail[4]_i_175/I1
    SLICE_X124Y71        LUT6 (Prop_lut6_I1_O)        0.105    12.345 f  u_cpu/core_inst/rename/freelist/rob_tail[4]_i_175/O
                         net (fo=3, routed)           0.648    12.993    u_cpu/core_inst/rename/freelist/rob_tail[4]_i_175_n_0
    SLICE_X122Y70                                                     f  u_cpu/core_inst/rename/freelist/rob_tail[4]_i_153/I4
    SLICE_X122Y70        LUT5 (Prop_lut5_I4_O)        0.105    13.098 r  u_cpu/core_inst/rename/freelist/rob_tail[4]_i_153/O
                         net (fo=3, routed)           0.547    13.646    u_cpu/core_inst/rename/freelist/rob_tail[4]_i_153_n_0
    SLICE_X122Y75                                                     r  u_cpu/core_inst/rename/freelist/rob_tail[4]_i_122/I1
    SLICE_X122Y75        LUT4 (Prop_lut4_I1_O)        0.105    13.751 r  u_cpu/core_inst/rename/freelist/rob_tail[4]_i_122/O
                         net (fo=4, routed)           0.538    14.289    u_cpu/core_inst/rename/freelist/rob_tail[4]_i_122_n_0
    SLICE_X120Y75                                                     r  u_cpu/core_inst/rename/freelist/rob_tail[4]_i_145/I4
    SLICE_X120Y75        LUT6 (Prop_lut6_I4_O)        0.105    14.394 r  u_cpu/core_inst/rename/freelist/rob_tail[4]_i_145/O
                         net (fo=2, routed)           0.697    15.091    u_cpu/core_inst/rename/freelist/rob_tail[4]_i_145_n_0
    SLICE_X121Y74                                                     r  u_cpu/core_inst/rename/freelist/rob_tail[4]_i_106/I4
    SLICE_X121Y74        LUT6 (Prop_lut6_I4_O)        0.105    15.196 f  u_cpu/core_inst/rename/freelist/rob_tail[4]_i_106/O
                         net (fo=11, routed)          0.422    15.619    u_cpu/core_inst/rename/freelist/rob_tail[4]_i_106_n_0
    SLICE_X120Y75                                                     f  u_cpu/core_inst/rename/freelist/rob_tail[4]_i_158/I1
    SLICE_X120Y75        LUT2 (Prop_lut2_I1_O)        0.105    15.724 f  u_cpu/core_inst/rename/freelist/rob_tail[4]_i_158/O
                         net (fo=5, routed)           0.726    16.449    u_cpu/core_inst/rename/freelist/rob_tail[4]_i_158_n_0
    SLICE_X123Y74                                                     f  u_cpu/core_inst/rename/freelist/rob_tail[4]_i_111/I5
    SLICE_X123Y74        LUT6 (Prop_lut6_I5_O)        0.105    16.554 r  u_cpu/core_inst/rename/freelist/rob_tail[4]_i_111/O
                         net (fo=9, routed)           0.648    17.203    u_cpu/core_inst/rename/freelist/rob_tail[4]_i_111_n_0
    SLICE_X120Y76                                                     r  u_cpu/core_inst/rename/freelist/rob_tail[4]_i_102/I2
    SLICE_X120Y76        LUT6 (Prop_lut6_I2_O)        0.105    17.308 r  u_cpu/core_inst/rename/freelist/rob_tail[4]_i_102/O
                         net (fo=3, routed)           0.501    17.809    u_cpu/core_inst/rename/freelist/rob_tail[4]_i_102_n_0
    SLICE_X118Y76                                                     r  u_cpu/core_inst/rename/freelist/rob_tail[4]_i_124/I3
    SLICE_X118Y76        LUT6 (Prop_lut6_I3_O)        0.105    17.914 r  u_cpu/core_inst/rename/freelist/rob_tail[4]_i_124/O
                         net (fo=3, routed)           0.397    18.311    u_cpu/core_inst/rename/freelist/rob_tail[4]_i_124_n_0
    SLICE_X119Y78                                                     r  u_cpu/core_inst/rename/freelist/rob_tail[4]_i_90/I5
    SLICE_X119Y78        LUT6 (Prop_lut6_I5_O)        0.105    18.416 f  u_cpu/core_inst/rename/freelist/rob_tail[4]_i_90/O
                         net (fo=8, routed)           0.451    18.867    u_cpu/core_inst/rename/freelist/rob_tail[4]_i_90_n_0
    SLICE_X118Y78                                                     f  u_cpu/core_inst/rename/freelist/rob_tail[4]_i_136/I2
    SLICE_X118Y78        LUT6 (Prop_lut6_I2_O)        0.105    18.972 f  u_cpu/core_inst/rename/freelist/rob_tail[4]_i_136/O
                         net (fo=5, routed)           0.377    19.350    u_cpu/core_inst/rename/freelist/rob_tail[4]_i_136_n_0
    SLICE_X118Y78                                                     f  u_cpu/core_inst/rename/freelist/rob_tail[4]_i_96/I5
    SLICE_X118Y78        LUT6 (Prop_lut6_I5_O)        0.105    19.455 f  u_cpu/core_inst/rename/freelist/rob_tail[4]_i_96/O
                         net (fo=3, routed)           0.525    19.980    u_cpu/core_inst/rename/freelist/rob_tail[4]_i_96_n_0
    SLICE_X117Y78                                                     f  u_cpu/core_inst/rename/freelist/rob_tail[4]_i_75/I0
    SLICE_X117Y78        LUT6 (Prop_lut6_I0_O)        0.105    20.085 r  u_cpu/core_inst/rename/freelist/rob_tail[4]_i_75/O
                         net (fo=9, routed)           0.539    20.624    u_cpu/core_inst/rename/freelist/rob_tail[4]_i_75_n_0
    SLICE_X116Y79                                                     r  u_cpu/core_inst/rename/freelist/rob_tail[4]_i_128/I3
    SLICE_X116Y79        LUT5 (Prop_lut5_I3_O)        0.105    20.729 r  u_cpu/core_inst/rename/freelist/rob_tail[4]_i_128/O
                         net (fo=3, routed)           0.364    21.092    u_cpu/core_inst/rename/freelist/rob_tail[4]_i_128_n_0
    SLICE_X114Y79                                                     r  u_cpu/core_inst/rename/freelist/rob_tail[4]_i_95/I4
    SLICE_X114Y79        LUT5 (Prop_lut5_I4_O)        0.105    21.197 r  u_cpu/core_inst/rename/freelist/rob_tail[4]_i_95/O
                         net (fo=1, routed)           0.651    21.848    u_cpu/core_inst/rename/freelist/rob_tail[4]_i_95_n_0
    SLICE_X113Y79                                                     r  u_cpu/core_inst/rename/freelist/rob_tail[4]_i_73/I5
    SLICE_X113Y79        LUT6 (Prop_lut6_I5_O)        0.105    21.953 f  u_cpu/core_inst/rename/freelist/rob_tail[4]_i_73/O
                         net (fo=2, routed)           0.385    22.338    u_cpu/core_inst/rename/freelist/rob_tail[4]_i_73_n_0
    SLICE_X108Y77                                                     f  u_cpu/core_inst/rename/freelist/rob_tail[4]_i_40/I0
    SLICE_X108Y77        LUT4 (Prop_lut4_I0_O)        0.105    22.443 r  u_cpu/core_inst/rename/freelist/rob_tail[4]_i_40/O
                         net (fo=2, routed)           0.343    22.787    u_cpu/core_inst/rename/freelist/rob_tail[4]_i_40_n_0
    SLICE_X108Y76                                                     r  u_cpu/core_inst/rename/freelist/rob_tail[4]_i_49/I0
    SLICE_X108Y76        LUT5 (Prop_lut5_I0_O)        0.105    22.892 r  u_cpu/core_inst/rename/freelist/rob_tail[4]_i_49/O
                         net (fo=2, routed)           0.367    23.259    u_cpu/core_inst/rename/freelist/rob_tail[4]_i_49_n_0
    SLICE_X107Y77                                                     r  u_cpu/core_inst/rename/freelist/rob_tail[4]_i_50/I3
    SLICE_X107Y77        LUT6 (Prop_lut6_I3_O)        0.105    23.364 r  u_cpu/core_inst/rename/freelist/rob_tail[4]_i_50/O
                         net (fo=9, routed)           0.469    23.833    u_cpu/core_inst/rename/freelist/rob_tail[4]_i_50_n_0
    SLICE_X107Y75                                                     r  u_cpu/core_inst/rename/freelist/rob_tail[4]_i_46/I3
    SLICE_X107Y75        LUT6 (Prop_lut6_I3_O)        0.105    23.938 r  u_cpu/core_inst/rename/freelist/rob_tail[4]_i_46/O
                         net (fo=2, routed)           0.663    24.602    u_cpu/core_inst/rename/freelist/rob_tail[4]_i_46_n_0
    SLICE_X105Y75                                                     r  u_cpu/core_inst/rename/freelist/rob_tail[4]_i_29/I1
    SLICE_X105Y75        LUT6 (Prop_lut6_I1_O)        0.105    24.707 f  u_cpu/core_inst/rename/freelist/rob_tail[4]_i_29/O
                         net (fo=2, routed)           0.464    25.170    u_cpu/core_inst/rename/freelist/rob_tail[4]_i_29_n_0
    SLICE_X105Y76                                                     f  u_cpu/core_inst/rename/freelist/rob_tail[4]_i_17/I1
    SLICE_X105Y76        LUT6 (Prop_lut6_I1_O)        0.105    25.275 f  u_cpu/core_inst/rename/freelist/rob_tail[4]_i_17/O
                         net (fo=1, routed)           0.403    25.679    u_cpu/core_inst/rename/freelist/rob_tail[4]_i_17_n_0
    SLICE_X103Y76                                                     f  u_cpu/core_inst/rename/freelist/rob_tail[4]_i_10/I3
    SLICE_X103Y76        LUT6 (Prop_lut6_I3_O)        0.105    25.784 r  u_cpu/core_inst/rename/freelist/rob_tail[4]_i_10/O
                         net (fo=1, routed)           0.243    26.027    u_cpu/core_inst/rename/freelist/rob_tail[4]_i_10_n_0
    SLICE_X101Y76                                                     r  u_cpu/core_inst/rename/freelist/rob_tail[4]_i_7/I2
    SLICE_X101Y76        LUT6 (Prop_lut6_I2_O)        0.105    26.132 f  u_cpu/core_inst/rename/freelist/rob_tail[4]_i_7/O
                         net (fo=4, routed)           0.498    26.629    u_cpu/core_inst/rename/freelist/dispatch_enable
    SLICE_X94Y76                                                      f  u_cpu/core_inst/rename/freelist/br_alloc_q[0][7]_i_6/I2
    SLICE_X94Y76         LUT6 (Prop_lut6_I2_O)        0.105    26.734 f  u_cpu/core_inst/rename/freelist/br_alloc_q[0][7]_i_6/O
                         net (fo=57, routed)          0.434    27.168    u_cpu/core_inst/rename/freelist/fl_alloc_en[0]
    SLICE_X97Y75                                                      f  u_cpu/core_inst/rename/freelist/free_vec[55]_i_4/I3
    SLICE_X97Y75         LUT4 (Prop_lut4_I3_O)        0.105    27.273 r  u_cpu/core_inst/rename/freelist/free_vec[55]_i_4/O
                         net (fo=37, routed)          0.584    27.858    u_cpu/core_inst/rename/freelist/free_vec[55]_i_4_n_0
    SLICE_X100Y74                                                     r  u_cpu/core_inst/rename/freelist/slot_uop[15][pdst][5]_i_38/I3
    SLICE_X100Y74        LUT5 (Prop_lut5_I3_O)        0.105    27.963 r  u_cpu/core_inst/rename/freelist/slot_uop[15][pdst][5]_i_38/O
                         net (fo=3, routed)           0.392    28.354    u_cpu/core_inst/rename/freelist/slot_uop[15][pdst][5]_i_38_n_0
    SLICE_X97Y73                                                      r  u_cpu/core_inst/rename/freelist/slot_uop[15][pdst][5]_i_20/I5
    SLICE_X97Y73         LUT6 (Prop_lut6_I5_O)        0.105    28.459 r  u_cpu/core_inst/rename/freelist/slot_uop[15][pdst][5]_i_20/O
                         net (fo=3, routed)           0.551    29.011    u_cpu/core_inst/rename/freelist/slot_uop[15][pdst][5]_i_20_n_0
    SLICE_X96Y73                                                      r  u_cpu/core_inst/rename/freelist/slot_uop[15][pdst][5]_i_7/I0
    SLICE_X96Y73         LUT2 (Prop_lut2_I0_O)        0.127    29.138 r  u_cpu/core_inst/rename/freelist/slot_uop[15][pdst][5]_i_7/O
                         net (fo=5, routed)           0.940    30.077    u_cpu/core_inst/rename/freelist/slot_uop[15][pdst][5]_i_7_n_0
    SLICE_X91Y70                                                      r  u_cpu/core_inst/rename/freelist/slot_uop[15][pdst][5]_i_3/I3
    SLICE_X91Y70         LUT6 (Prop_lut6_I3_O)        0.286    30.363 r  u_cpu/core_inst/rename/freelist/slot_uop[15][pdst][5]_i_3/O
                         net (fo=89, routed)          0.638    31.001    u_cpu/core_inst/rename/freelist/mt_write_preg[5]
    SLICE_X85Y72                                                      r  u_cpu/core_inst/rename/freelist/slot_uop[6][psrc2_busy]_i_89/I2
    SLICE_X85Y72         LUT4 (Prop_lut4_I2_O)        0.105    31.106 r  u_cpu/core_inst/rename/freelist/slot_uop[6][psrc2_busy]_i_89/O
                         net (fo=1, routed)           0.456    31.563    u_cpu/core_inst/rename/freelist/slot_uop[6][psrc2_busy]_i_89_n_0
    SLICE_X86Y72                                                      r  u_cpu/core_inst/rename/freelist/slot_uop[6][psrc2_busy]_i_56/I0
    SLICE_X86Y72         LUT5 (Prop_lut5_I0_O)        0.105    31.668 r  u_cpu/core_inst/rename/freelist/slot_uop[6][psrc2_busy]_i_56/O
                         net (fo=1, routed)           0.227    31.894    u_cpu/core_inst/rename/freelist/slot_uop[6][psrc2_busy]_i_56_n_0
    SLICE_X85Y72                                                      r  u_cpu/core_inst/rename/freelist/slot_uop[6][psrc2_busy]_i_31/I0
    SLICE_X85Y72         LUT6 (Prop_lut6_I0_O)        0.105    31.999 r  u_cpu/core_inst/rename/freelist/slot_uop[6][psrc2_busy]_i_31/O
                         net (fo=1, routed)           0.643    32.642    u_cpu/core_inst/rename/freelist/slot_uop[6][psrc2_busy]_i_31_n_0
    SLICE_X84Y74                                                      r  u_cpu/core_inst/rename/freelist/slot_uop[6][psrc2_busy]_i_13__1/I4
    SLICE_X84Y74         LUT6 (Prop_lut6_I4_O)        0.105    32.747 r  u_cpu/core_inst/rename/freelist/slot_uop[6][psrc2_busy]_i_13__1/O
                         net (fo=8, routed)           0.663    33.410    u_cpu/core_inst/rename/freelist/rn2_mask_q_reg[1]_0
    SLICE_X83Y72                                                      r  u_cpu/core_inst/rename/freelist/slot_uop[15][psrc2_busy]_i_11__0/I3
    SLICE_X83Y72         LUT4 (Prop_lut4_I3_O)        0.105    33.515 r  u_cpu/core_inst/rename/freelist/slot_uop[15][psrc2_busy]_i_11__0/O
                         net (fo=6, routed)           0.690    34.205    u_cpu/core_inst/gen_alu[0].alu_inst/iq_alu_dis_uop[0][psrc2_busy]
    SLICE_X85Y77                                                      r  u_cpu/core_inst/gen_alu[0].alu_inst/slot_uop[12][psrc2_busy]_i_6/I1
    SLICE_X85Y77         LUT2 (Prop_lut2_I1_O)        0.105    34.310 f  u_cpu/core_inst/gen_alu[0].alu_inst/slot_uop[12][psrc2_busy]_i_6/O
                         net (fo=3, routed)           0.216    34.527    u_cpu/core_inst/rename/freelist/slot_uop_reg[0][psrc2_busy]
    SLICE_X85Y77                                                      f  u_cpu/core_inst/rename/freelist/slot_uop[0][psrc2_busy]_i_2/I1
    SLICE_X85Y77         LUT2 (Prop_lut2_I1_O)        0.110    34.637 r  u_cpu/core_inst/rename/freelist/slot_uop[0][psrc2_busy]_i_2/O
                         net (fo=7, routed)           0.678    35.314    u_cpu/core_inst/alu_iq/slot_uop_reg[0][psrc2_busy]_0
    SLICE_X83Y84                                                      r  u_cpu/core_inst/alu_iq/slot_uop[10][psrc2_busy]_i_2/I5
    SLICE_X83Y84         LUT6 (Prop_lut6_I5_O)        0.268    35.582 r  u_cpu/core_inst/alu_iq/slot_uop[10][psrc2_busy]_i_2/O
                         net (fo=1, routed)           0.396    35.978    u_cpu/core_inst/alu_iq/slot_uop[10][psrc2_busy]_i_2_n_0
    SLICE_X81Y84                                                      r  u_cpu/core_inst/alu_iq/slot_uop[10][psrc2_busy]_i_1/I0
    SLICE_X81Y84         LUT6 (Prop_lut6_I0_O)        0.105    36.083 r  u_cpu/core_inst/alu_iq/slot_uop[10][psrc2_busy]_i_1/O
                         net (fo=1, routed)           0.000    36.083    u_cpu/core_inst/alu_iq/slot_uop[10][psrc2_busy]_i_1_n_0
    SLICE_X81Y84         FDRE                                         r  u_cpu/core_inst/alu_iq/slot_uop_reg[10][psrc2_busy]/D
  -------------------------------------------------------------------    -------------------

                         (clock cpu_clk rise edge)   30.556    30.556 r  
    AC19                                              0.000    30.556 r  clk (IN)
                         net (fo=0)                   0.000    30.556    clk
    AC19                                                              r  clk_IBUF_inst/I
    AC19                 IBUF (Prop_ibuf_I_O)         1.350    31.906 r  clk_IBUF_inst/O
                         net (fo=1, routed)           2.471    34.376    clk_IBUF
    BUFGCTRL_X0Y0                                                     r  clk_IBUF_BUFG_inst/I
    BUFGCTRL_X0Y0        BUFG (Prop_bufg_I_O)         0.077    34.453 r  clk_IBUF_BUFG_inst/O
                         net (fo=2000, routed)        1.434    35.887    fpga_pll.u_clk_pll/inst/clk_in1
    PLLE2_ADV_X0Y2                                                    r  fpga_pll.u_clk_pll/inst/plle2_adv_inst/CLKIN1
    PLLE2_ADV_X0Y2       PLLE2_ADV (Prop_plle2_adv_CLKIN1_CLKOUT0)
                                                     -2.995    32.892 r  fpga_pll.u_clk_pll/inst/plle2_adv_inst/CLKOUT0
                         net (fo=1, routed)           1.484    34.376    fpga_pll.u_clk_pll/inst/cpu_clk_clk_pll
    BUFGCTRL_X0Y2                                                     r  fpga_pll.u_clk_pll/inst/clkout1_buf/I
    BUFGCTRL_X0Y2        BUFG (Prop_bufg_I_O)         0.077    34.453 r  fpga_pll.u_clk_pll/inst/clkout1_buf/O
                         net (fo=59802, routed)       1.407    35.860    u_cpu/core_inst/alu_iq/cpu_clk
    SLICE_X81Y84         FDRE                                         r  u_cpu/core_inst/alu_iq/slot_uop_reg[10][psrc2_busy]/C
                         clock pessimism              0.214    36.074    
                         clock uncertainty           -0.060    36.014    
    SLICE_X81Y84         FDRE (Setup_fdre_C_D)        0.030    36.044    u_cpu/core_inst/alu_iq/slot_uop_reg[10][psrc2_busy]
  -------------------------------------------------------------------
                         required time                         36.044    
                         arrival time                         -36.083    
  -------------------------------------------------------------------
                         slack                                 -0.039    

Slack (VIOLATED) :        -0.039ns  (required time - arrival time)
  Source:                 u_cpu/core_inst/rename/freelist/free_vec_reg[5]/C
                            (rising edge-triggered cell FDCE clocked by cpu_clk  {rise@0.000ns fall@15.278ns period=30.556ns})
  Destination:            u_cpu/core_inst/alu_iq/slot_uop_reg[10][psrc2_busy]/D
                            (rising edge-triggered cell FDRE clocked by cpu_clk  {rise@0.000ns fall@15.278ns period=30.556ns})
  Path Group:             cpu_clk
  Path Type:              Setup (Max at Slow Process Corner)
  Requirement:            30.556ns  (cpu_clk rise@30.556ns - cpu_clk rise@0.000ns)
  Data Path Delay:        30.428ns  (logic 5.790ns (19.028%)  route 24.638ns (80.972%))
  Logic Levels:           48  (LUT2=4 LUT3=1 LUT4=6 LUT5=8 LUT6=29)
  Clock Path Skew:        -0.136ns (DCD - SCD + CPR)
    Destination Clock Delay (DCD):    5.305ns = ( 35.860 - 30.556 ) 
    Source Clock Delay      (SCD):    5.655ns
    Clock Pessimism Removal (CPR):    0.214ns
  Clock Uncertainty:      0.060ns  ((TSJ^2 + DJ^2)^1/2) / 2 + PE
    Total System Jitter     (TSJ):    0.071ns
    Discrete Jitter          (DJ):    0.097ns
    Phase Error              (PE):    0.000ns

    Location             Delay type                Incr(ns)  Path(ns)    Netlist Resource(s)
  -------------------------------------------------------------------    -------------------
                         (clock cpu_clk rise edge)    0.000     0.000 r  
    AC19                                              0.000     0.000 r  clk (IN)
                         net (fo=0)                   0.000     0.000    clk
    AC19                                                              r  clk_IBUF_inst/I
    AC19                 IBUF (Prop_ibuf_I_O)         1.416     1.416 r  clk_IBUF_inst/O
                         net (fo=1, routed)           2.602     4.018    clk_IBUF
    BUFGCTRL_X0Y0                                                     r  clk_IBUF_BUFG_inst/I
    BUFGCTRL_X0Y0        BUFG (Prop_bufg_I_O)         0.081     4.099 r  clk_IBUF_BUFG_inst/O
                         net (fo=2000, routed)        1.536     5.635    fpga_pll.u_clk_pll/inst/clk_in1
    PLLE2_ADV_X0Y2                                                    r  fpga_pll.u_clk_pll/inst/plle2_adv_inst/CLKIN1
    PLLE2_ADV_X0Y2       PLLE2_ADV (Prop_plle2_adv_CLKIN1_CLKOUT0)
                                                     -3.173     2.461 r  fpga_pll.u_clk_pll/inst/plle2_adv_inst/CLKOUT0
                         net (fo=1, routed)           1.557     4.018    fpga_pll.u_clk_pll/inst/cpu_clk_clk_pll
    BUFGCTRL_X0Y2                                                     r  fpga_pll.u_clk_pll/inst/clkout1_buf/I
    BUFGCTRL_X0Y2        BUFG (Prop_bufg_I_O)         0.081     4.099 r  fpga_pll.u_clk_pll/inst/clkout1_buf/O
                         net (fo=59802, routed)       1.556     5.655    u_cpu/core_inst/rename/freelist/cpu_clk
    SLICE_X118Y71        FDCE                                         r  u_cpu/core_inst/rename/freelist/free_vec_reg[5]/C
  -------------------------------------------------------------------    -------------------
    SLICE_X118Y71        FDCE (Prop_fdce_C_Q)         0.379     6.034 r  u_cpu/core_inst/rename/freelist/free_vec_reg[5]/Q
                         net (fo=17, routed)          0.762     6.796    u_cpu/core_inst/rename/freelist/p_45_in
    SLICE_X121Y71                                                     r  u_cpu/core_inst/rename/freelist/rob_tail[4]_i_227/I2
    SLICE_X121Y71        LUT6 (Prop_lut6_I2_O)        0.105     6.901 r  u_cpu/core_inst/rename/freelist/rob_tail[4]_i_227/O
                         net (fo=7, routed)           0.518     7.419    u_cpu/core_inst/rename/freelist/rob_tail[4]_i_227_n_0
    SLICE_X119Y71                                                     r  u_cpu/core_inst/rename/freelist/rob_tail[4]_i_231/I5
    SLICE_X119Y71        LUT6 (Prop_lut6_I5_O)        0.105     7.524 r  u_cpu/core_inst/rename/freelist/rob_tail[4]_i_231/O
                         net (fo=4, routed)           0.472     7.996    u_cpu/core_inst/rename/freelist/rob_tail[4]_i_231_n_0
    SLICE_X120Y70                                                     r  u_cpu/core_inst/rename/freelist/rob_tail[4]_i_213/I0
    SLICE_X120Y70        LUT3 (Prop_lut3_I0_O)        0.105     8.101 r  u_cpu/core_inst/rename/freelist/rob_tail[4]_i_213/O
                         net (fo=1, routed)           0.671     8.771    u_cpu/core_inst/rename/freelist/rob_tail[4]_i_213_n_0
    SLICE_X119Y70                                                     r  u_cpu/core_inst/rename/freelist/rob_tail[4]_i_184/I5
    SLICE_X119Y70        LUT6 (Prop_lut6_I5_O)        0.105     8.876 r  u_cpu/core_inst/rename/freelist/rob_tail[4]_i_184/O
                         net (fo=2, routed)           0.477     9.353    u_cpu/core_inst/rename/freelist/rob_tail[4]_i_184_n_0
    SLICE_X119Y72                                                     r  u_cpu/core_inst/rename/freelist/rob_tail[4]_i_182/I3
    SLICE_X119Y72        LUT6 (Prop_lut6_I3_O)        0.105     9.458 f  u_cpu/core_inst/rename/freelist/rob_tail[4]_i_182/O
                         net (fo=3, routed)           0.332     9.790    u_cpu/core_inst/rename/freelist/rob_tail[4]_i_182_n_0
    SLICE_X119Y72                                                     f  u_cpu/core_inst/rename/freelist/rob_tail[4]_i_204/I3
    SLICE_X119Y72        LUT5 (Prop_lut5_I3_O)        0.105     9.895 f  u_cpu/core_inst/rename/freelist/rob_tail[4]_i_204/O
                         net (fo=4, routed)           0.528    10.423    u_cpu/core_inst/rename/freelist/rob_tail[4]_i_204_n_0
    SLICE_X117Y72                                                     f  u_cpu/core_inst/rename/freelist/rob_tail[4]_i_176/I3
    SLICE_X117Y72        LUT6 (Prop_lut6_I3_O)        0.105    10.528 f  u_cpu/core_inst/rename/freelist/rob_tail[4]_i_176/O
                         net (fo=13, routed)          0.397    10.925    u_cpu/core_inst/rename/freelist/rob_tail[4]_i_176_n_0
    SLICE_X122Y72                                                     f  u_cpu/core_inst/rename/freelist/rob_tail[4]_i_216/I2
    SLICE_X122Y72        LUT5 (Prop_lut5_I2_O)        0.105    11.030 f  u_cpu/core_inst/rename/freelist/rob_tail[4]_i_216/O
                         net (fo=4, routed)           0.569    11.599    u_cpu/core_inst/rename/freelist/rob_tail[4]_i_216_n_0
    SLICE_X124Y72                                                     f  u_cpu/core_inst/rename/freelist/rob_tail[4]_i_194/I0
    SLICE_X124Y72        LUT4 (Prop_lut4_I0_O)        0.105    11.704 r  u_cpu/core_inst/rename/freelist/rob_tail[4]_i_194/O
                         net (fo=3, routed)           0.536    12.240    u_cpu/core_inst/rename/freelist/rob_tail[4]_i_194_n_0
    SLICE_X124Y71                                                     r  u_cpu/core_inst/rename/freelist/rob_tail[4]_i_175/I1
    SLICE_X124Y71        LUT6 (Prop_lut6_I1_O)        0.105    12.345 r  u_cpu/core_inst/rename/freelist/rob_tail[4]_i_175/O
                         net (fo=3, routed)           0.648    12.993    u_cpu/core_inst/rename/freelist/rob_tail[4]_i_175_n_0
    SLICE_X122Y70                                                     r  u_cpu/core_inst/rename/freelist/rob_tail[4]_i_153/I4
    SLICE_X122Y70        LUT5 (Prop_lut5_I4_O)        0.105    13.098 f  u_cpu/core_inst/rename/freelist/rob_tail[4]_i_153/O
                         net (fo=3, routed)           0.547    13.646    u_cpu/core_inst/rename/freelist/rob_tail[4]_i_153_n_0
    SLICE_X122Y75                                                     f  u_cpu/core_inst/rename/freelist/rob_tail[4]_i_122/I1
    SLICE_X122Y75        LUT4 (Prop_lut4_I1_O)        0.105    13.751 f  u_cpu/core_inst/rename/freelist/rob_tail[4]_i_122/O
                         net (fo=4, routed)           0.538    14.289    u_cpu/core_inst/rename/freelist/rob_tail[4]_i_122_n_0
    SLICE_X120Y75                                                     f  u_cpu/core_inst/rename/freelist/rob_tail[4]_i_145/I4
    SLICE_X120Y75        LUT6 (Prop_lut6_I4_O)        0.105    14.394 f  u_cpu/core_inst/rename/freelist/rob_tail[4]_i_145/O
                         net (fo=2, routed)           0.697    15.091    u_cpu/core_inst/rename/freelist/rob_tail[4]_i_145_n_0
    SLICE_X121Y74                                                     f  u_cpu/core_inst/rename/freelist/rob_tail[4]_i_106/I4
    SLICE_X121Y74        LUT6 (Prop_lut6_I4_O)        0.105    15.196 f  u_cpu/core_inst/rename/freelist/rob_tail[4]_i_106/O
                         net (fo=11, routed)          0.422    15.619    u_cpu/core_inst/rename/freelist/rob_tail[4]_i_106_n_0
    SLICE_X120Y75                                                     f  u_cpu/core_inst/rename/freelist/rob_tail[4]_i_158/I1
    SLICE_X120Y75        LUT2 (Prop_lut2_I1_O)        0.105    15.724 f  u_cpu/core_inst/rename/freelist/rob_tail[4]_i_158/O
                         net (fo=5, routed)           0.726    16.449    u_cpu/core_inst/rename/freelist/rob_tail[4]_i_158_n_0
    SLICE_X123Y74                                                     f  u_cpu/core_inst/rename/freelist/rob_tail[4]_i_111/I5
    SLICE_X123Y74        LUT6 (Prop_lut6_I5_O)        0.105    16.554 r  u_cpu/core_inst/rename/freelist/rob_tail[4]_i_111/O
                         net (fo=9, routed)           0.648    17.203    u_cpu/core_inst/rename/freelist/rob_tail[4]_i_111_n_0
    SLICE_X120Y76                                                     r  u_cpu/core_inst/rename/freelist/rob_tail[4]_i_102/I2
    SLICE_X120Y76        LUT6 (Prop_lut6_I2_O)        0.105    17.308 r  u_cpu/core_inst/rename/freelist/rob_tail[4]_i_102/O
                         net (fo=3, routed)           0.501    17.809    u_cpu/core_inst/rename/freelist/rob_tail[4]_i_102_n_0
    SLICE_X118Y76                                                     r  u_cpu/core_inst/rename/freelist/rob_tail[4]_i_124/I3
    SLICE_X118Y76        LUT6 (Prop_lut6_I3_O)        0.105    17.914 r  u_cpu/core_inst/rename/freelist/rob_tail[4]_i_124/O
                         net (fo=3, routed)           0.397    18.311    u_cpu/core_inst/rename/freelist/rob_tail[4]_i_124_n_0
    SLICE_X119Y78                                                     r  u_cpu/core_inst/rename/freelist/rob_tail[4]_i_90/I5
    SLICE_X119Y78        LUT6 (Prop_lut6_I5_O)        0.105    18.416 f  u_cpu/core_inst/rename/freelist/rob_tail[4]_i_90/O
                         net (fo=8, routed)           0.451    18.867    u_cpu/core_inst/rename/freelist/rob_tail[4]_i_90_n_0
    SLICE_X118Y78                                                     f  u_cpu/core_inst/rename/freelist/rob_tail[4]_i_136/I2
    SLICE_X118Y78        LUT6 (Prop_lut6_I2_O)        0.105    18.972 f  u_cpu/core_inst/rename/freelist/rob_tail[4]_i_136/O
                         net (fo=5, routed)           0.377    19.350    u_cpu/core_inst/rename/freelist/rob_tail[4]_i_136_n_0
    SLICE_X118Y78                                                     f  u_cpu/core_inst/rename/freelist/rob_tail[4]_i_96/I5
    SLICE_X118Y78        LUT6 (Prop_lut6_I5_O)        0.105    19.455 f  u_cpu/core_inst/rename/freelist/rob_tail[4]_i_96/O
                         net (fo=3, routed)           0.525    19.980    u_cpu/core_inst/rename/freelist/rob_tail[4]_i_96_n_0
    SLICE_X117Y78                                                     f  u_cpu/core_inst/rename/freelist/rob_tail[4]_i_75/I0
    SLICE_X117Y78        LUT6 (Prop_lut6_I0_O)        0.105    20.085 r  u_cpu/core_inst/rename/freelist/rob_tail[4]_i_75/O
                         net (fo=9, routed)           0.539    20.624    u_cpu/core_inst/rename/freelist/rob_tail[4]_i_75_n_0
    SLICE_X116Y79                                                     r  u_cpu/core_inst/rename/freelist/rob_tail[4]_i_128/I3
    SLICE_X116Y79        LUT5 (Prop_lut5_I3_O)        0.105    20.729 r  u_cpu/core_inst/rename/freelist/rob_tail[4]_i_128/O
                         net (fo=3, routed)           0.364    21.092    u_cpu/core_inst/rename/freelist/rob_tail[4]_i_128_n_0
    SLICE_X114Y79                                                     r  u_cpu/core_inst/rename/freelist/rob_tail[4]_i_95/I4
    SLICE_X114Y79        LUT5 (Prop_lut5_I4_O)        0.105    21.197 r  u_cpu/core_inst/rename/freelist/rob_tail[4]_i_95/O
                         net (fo=1, routed)           0.651    21.848    u_cpu/core_inst/rename/freelist/rob_tail[4]_i_95_n_0
    SLICE_X113Y79                                                     r  u_cpu/core_inst/rename/freelist/rob_tail[4]_i_73/I5
    SLICE_X113Y79        LUT6 (Prop_lut6_I5_O)        0.105    21.953 f  u_cpu/core_inst/rename/freelist/rob_tail[4]_i_73/O
                         net (fo=2, routed)           0.385    22.338    u_cpu/core_inst/rename/freelist/rob_tail[4]_i_73_n_0
    SLICE_X108Y77                                                     f  u_cpu/core_inst/rename/freelist/rob_tail[4]_i_40/I0
    SLICE_X108Y77        LUT4 (Prop_lut4_I0_O)        0.105    22.443 r  u_cpu/core_inst/rename/freelist/rob_tail[4]_i_40/O
                         net (fo=2, routed)           0.343    22.787    u_cpu/core_inst/rename/freelist/rob_tail[4]_i_40_n_0
    SLICE_X108Y76                                                     r  u_cpu/core_inst/rename/freelist/rob_tail[4]_i_49/I0
    SLICE_X108Y76        LUT5 (Prop_lut5_I0_O)        0.105    22.892 r  u_cpu/core_inst/rename/freelist/rob_tail[4]_i_49/O
                         net (fo=2, routed)           0.367    23.259    u_cpu/core_inst/rename/freelist/rob_tail[4]_i_49_n_0
    SLICE_X107Y77                                                     r  u_cpu/core_inst/rename/freelist/rob_tail[4]_i_50/I3
    SLICE_X107Y77        LUT6 (Prop_lut6_I3_O)        0.105    23.364 r  u_cpu/core_inst/rename/freelist/rob_tail[4]_i_50/O
                         net (fo=9, routed)           0.469    23.833    u_cpu/core_inst/rename/freelist/rob_tail[4]_i_50_n_0
    SLICE_X107Y75                                                     r  u_cpu/core_inst/rename/freelist/rob_tail[4]_i_46/I3
    SLICE_X107Y75        LUT6 (Prop_lut6_I3_O)        0.105    23.938 r  u_cpu/core_inst/rename/freelist/rob_tail[4]_i_46/O
                         net (fo=2, routed)           0.663    24.602    u_cpu/core_inst/rename/freelist/rob_tail[4]_i_46_n_0
    SLICE_X105Y75                                                     r  u_cpu/core_inst/rename/freelist/rob_tail[4]_i_29/I1
    SLICE_X105Y75        LUT6 (Prop_lut6_I1_O)        0.105    24.707 f  u_cpu/core_inst/rename/freelist/rob_tail[4]_i_29/O
                         net (fo=2, routed)           0.464    25.170    u_cpu/core_inst/rename/freelist/rob_tail[4]_i_29_n_0
    SLICE_X105Y76                                                     f  u_cpu/core_inst/rename/freelist/rob_tail[4]_i_17/I1
    SLICE_X105Y76        LUT6 (Prop_lut6_I1_O)        0.105    25.275 f  u_cpu/core_inst/rename/freelist/rob_tail[4]_i_17/O
                         net (fo=1, routed)           0.403    25.679    u_cpu/core_inst/rename/freelist/rob_tail[4]_i_17_n_0
    SLICE_X103Y76                                                     f  u_cpu/core_inst/rename/freelist/rob_tail[4]_i_10/I3
    SLICE_X103Y76        LUT6 (Prop_lut6_I3_O)        0.105    25.784 r  u_cpu/core_inst/rename/freelist/rob_tail[4]_i_10/O
                         net (fo=1, routed)           0.243    26.027    u_cpu/core_inst/rename/freelist/rob_tail[4]_i_10_n_0
    SLICE_X101Y76                                                     r  u_cpu/core_inst/rename/freelist/rob_tail[4]_i_7/I2
    SLICE_X101Y76        LUT6 (Prop_lut6_I2_O)        0.105    26.132 f  u_cpu/core_inst/rename/freelist/rob_tail[4]_i_7/O
                         net (fo=4, routed)           0.498    26.629    u_cpu/core_inst/rename/freelist/dispatch_enable
    SLICE_X94Y76                                                      f  u_cpu/core_inst/rename/freelist/br_alloc_q[0][7]_i_6/I2
    SLICE_X94Y76         LUT6 (Prop_lut6_I2_O)        0.105    26.734 f  u_cpu/core_inst/rename/freelist/br_alloc_q[0][7]_i_6/O
                         net (fo=57, routed)          0.434    27.168    u_cpu/core_inst/rename/freelist/fl_alloc_en[0]
    SLICE_X97Y75                                                      f  u_cpu/core_inst/rename/freelist/free_vec[55]_i_4/I3
    SLICE_X97Y75         LUT4 (Prop_lut4_I3_O)        0.105    27.273 r  u_cpu/core_inst/rename/freelist/free_vec[55]_i_4/O
                         net (fo=37, routed)          0.584    27.858    u_cpu/core_inst/rename/freelist/free_vec[55]_i_4_n_0
    SLICE_X100Y74                                                     r  u_cpu/core_inst/rename/freelist/slot_uop[15][pdst][5]_i_38/I3
    SLICE_X100Y74        LUT5 (Prop_lut5_I3_O)        0.105    27.963 r  u_cpu/core_inst/rename/freelist/slot_uop[15][pdst][5]_i_38/O
                         net (fo=3, routed)           0.392    28.354    u_cpu/core_inst/rename/freelist/slot_uop[15][pdst][5]_i_38_n_0
    SLICE_X97Y73                                                      r  u_cpu/core_inst/rename/freelist/slot_uop[15][pdst][5]_i_20/I5
    SLICE_X97Y73         LUT6 (Prop_lut6_I5_O)        0.105    28.459 r  u_cpu/core_inst/rename/freelist/slot_uop[15][pdst][5]_i_20/O
                         net (fo=3, routed)           0.551    29.011    u_cpu/core_inst/rename/freelist/slot_uop[15][pdst][5]_i_20_n_0
    SLICE_X96Y73                                                      r  u_cpu/core_inst/rename/freelist/slot_uop[15][pdst][5]_i_7/I0
    SLICE_X96Y73         LUT2 (Prop_lut2_I0_O)        0.127    29.138 r  u_cpu/core_inst/rename/freelist/slot_uop[15][pdst][5]_i_7/O
                         net (fo=5, routed)           0.940    30.077    u_cpu/core_inst/rename/freelist/slot_uop[15][pdst][5]_i_7_n_0
    SLICE_X91Y70                                                      r  u_cpu/core_inst/rename/freelist/slot_uop[15][pdst][5]_i_3/I3
    SLICE_X91Y70         LUT6 (Prop_lut6_I3_O)        0.286    30.363 r  u_cpu/core_inst/rename/freelist/slot_uop[15][pdst][5]_i_3/O
                         net (fo=89, routed)          0.638    31.001    u_cpu/core_inst/rename/freelist/mt_write_preg[5]
    SLICE_X85Y72                                                      r  u_cpu/core_inst/rename/freelist/slot_uop[6][psrc2_busy]_i_89/I2
    SLICE_X85Y72         LUT4 (Prop_lut4_I2_O)        0.105    31.106 r  u_cpu/core_inst/rename/freelist/slot_uop[6][psrc2_busy]_i_89/O
                         net (fo=1, routed)           0.456    31.563    u_cpu/core_inst/rename/freelist/slot_uop[6][psrc2_busy]_i_89_n_0
    SLICE_X86Y72                                                      r  u_cpu/core_inst/rename/freelist/slot_uop[6][psrc2_busy]_i_56/I0
    SLICE_X86Y72         LUT5 (Prop_lut5_I0_O)        0.105    31.668 r  u_cpu/core_inst/rename/freelist/slot_uop[6][psrc2_busy]_i_56/O
                         net (fo=1, routed)           0.227    31.894    u_cpu/core_inst/rename/freelist/slot_uop[6][psrc2_busy]_i_56_n_0
    SLICE_X85Y72                                                      r  u_cpu/core_inst/rename/freelist/slot_uop[6][psrc2_busy]_i_31/I0
    SLICE_X85Y72         LUT6 (Prop_lut6_I0_O)        0.105    31.999 r  u_cpu/core_inst/rename/freelist/slot_uop[6][psrc2_busy]_i_31/O
                         net (fo=1, routed)           0.643    32.642    u_cpu/core_inst/rename/freelist/slot_uop[6][psrc2_busy]_i_31_n_0
    SLICE_X84Y74                                                      r  u_cpu/core_inst/rename/freelist/slot_uop[6][psrc2_busy]_i_13__1/I4
    SLICE_X84Y74         LUT6 (Prop_lut6_I4_O)        0.105    32.747 r  u_cpu/core_inst/rename/freelist/slot_uop[6][psrc2_busy]_i_13__1/O
                         net (fo=8, routed)           0.663    33.410    u_cpu/core_inst/rename/freelist/rn2_mask_q_reg[1]_0
    SLICE_X83Y72                                                      r  u_cpu/core_inst/rename/freelist/slot_uop[15][psrc2_busy]_i_11__0/I3
    SLICE_X83Y72         LUT4 (Prop_lut4_I3_O)        0.105    33.515 r  u_cpu/core_inst/rename/freelist/slot_uop[15][psrc2_busy]_i_11__0/O
                         net (fo=6, routed)           0.690    34.205    u_cpu/core_inst/gen_alu[0].alu_inst/iq_alu_dis_uop[0][psrc2_busy]
    SLICE_X85Y77                                                      r  u_cpu/core_inst/gen_alu[0].alu_inst/slot_uop[12][psrc2_busy]_i_6/I1
    SLICE_X85Y77         LUT2 (Prop_lut2_I1_O)        0.105    34.310 f  u_cpu/core_inst/gen_alu[0].alu_inst/slot_uop[12][psrc2_busy]_i_6/O
                         net (fo=3, routed)           0.216    34.527    u_cpu/core_inst/rename/freelist/slot_uop_reg[0][psrc2_busy]
    SLICE_X85Y77                                                      f  u_cpu/core_inst/rename/freelist/slot_uop[0][psrc2_busy]_i_2/I1
    SLICE_X85Y77         LUT2 (Prop_lut2_I1_O)        0.110    34.637 r  u_cpu/core_inst/rename/freelist/slot_uop[0][psrc2_busy]_i_2/O
                         net (fo=7, routed)           0.678    35.314    u_cpu/core_inst/alu_iq/slot_uop_reg[0][psrc2_busy]_0
    SLICE_X83Y84                                                      r  u_cpu/core_inst/alu_iq/slot_uop[10][psrc2_busy]_i_2/I5
    SLICE_X83Y84         LUT6 (Prop_lut6_I5_O)        0.268    35.582 r  u_cpu/core_inst/alu_iq/slot_uop[10][psrc2_busy]_i_2/O
                         net (fo=1, routed)           0.396    35.978    u_cpu/core_inst/alu_iq/slot_uop[10][psrc2_busy]_i_2_n_0
    SLICE_X81Y84                                                      r  u_cpu/core_inst/alu_iq/slot_uop[10][psrc2_busy]_i_1/I0
    SLICE_X81Y84         LUT6 (Prop_lut6_I0_O)        0.105    36.083 r  u_cpu/core_inst/alu_iq/slot_uop[10][psrc2_busy]_i_1/O
                         net (fo=1, routed)           0.000    36.083    u_cpu/core_inst/alu_iq/slot_uop[10][psrc2_busy]_i_1_n_0
    SLICE_X81Y84         FDRE                                         r  u_cpu/core_inst/alu_iq/slot_uop_reg[10][psrc2_busy]/D
  -------------------------------------------------------------------    -------------------

                         (clock cpu_clk rise edge)   30.556    30.556 r  
    AC19                                              0.000    30.556 r  clk (IN)
                         net (fo=0)                   0.000    30.556    clk
    AC19                                                              r  clk_IBUF_inst/I
    AC19                 IBUF (Prop_ibuf_I_O)         1.350    31.906 r  clk_IBUF_inst/O
                         net (fo=1, routed)           2.471    34.376    clk_IBUF
    BUFGCTRL_X0Y0                                                     r  clk_IBUF_BUFG_inst/I
    BUFGCTRL_X0Y0        BUFG (Prop_bufg_I_O)         0.077    34.453 r  clk_IBUF_BUFG_inst/O
                         net (fo=2000, routed)        1.434    35.887    fpga_pll.u_clk_pll/inst/clk_in1
    PLLE2_ADV_X0Y2                                                    r  fpga_pll.u_clk_pll/inst/plle2_adv_inst/CLKIN1
    PLLE2_ADV_X0Y2       PLLE2_ADV (Prop_plle2_adv_CLKIN1_CLKOUT0)
                                                     -2.995    32.892 r  fpga_pll.u_clk_pll/inst/plle2_adv_inst/CLKOUT0
                         net (fo=1, routed)           1.484    34.376    fpga_pll.u_clk_pll/inst/cpu_clk_clk_pll
    BUFGCTRL_X0Y2                                                     r  fpga_pll.u_clk_pll/inst/clkout1_buf/I
    BUFGCTRL_X0Y2        BUFG (Prop_bufg_I_O)         0.077    34.453 r  fpga_pll.u_clk_pll/inst/clkout1_buf/O
                         net (fo=59802, routed)       1.407    35.860    u_cpu/core_inst/alu_iq/cpu_clk
    SLICE_X81Y84         FDRE                                         r  u_cpu/core_inst/alu_iq/slot_uop_reg[10][psrc2_busy]/C
                         clock pessimism              0.214    36.074    
                         clock uncertainty           -0.060    36.014    
    SLICE_X81Y84         FDRE (Setup_fdre_C_D)        0.030    36.044    u_cpu/core_inst/alu_iq/slot_uop_reg[10][psrc2_busy]
  -------------------------------------------------------------------
                         required time                         36.044    
                         arrival time                         -36.083    
  -------------------------------------------------------------------
                         slack                                 -0.039    

Slack (VIOLATED) :        -0.039ns  (required time - arrival time)
  Source:                 u_cpu/core_inst/rename/freelist/free_vec_reg[5]/C
                            (rising edge-triggered cell FDCE clocked by cpu_clk  {rise@0.000ns fall@15.278ns period=30.556ns})
  Destination:            u_cpu/core_inst/alu_iq/slot_uop_reg[10][psrc2_busy]/D
                            (rising edge-triggered cell FDRE clocked by cpu_clk  {rise@0.000ns fall@15.278ns period=30.556ns})
  Path Group:             cpu_clk
  Path Type:              Setup (Max at Slow Process Corner)
  Requirement:            30.556ns  (cpu_clk rise@30.556ns - cpu_clk rise@0.000ns)
  Data Path Delay:        30.428ns  (logic 5.790ns (19.028%)  route 24.638ns (80.972%))
  Logic Levels:           48  (LUT2=4 LUT3=1 LUT4=6 LUT5=8 LUT6=29)
  Clock Path Skew:        -0.136ns (DCD - SCD + CPR)
    Destination Clock Delay (DCD):    5.305ns = ( 35.860 - 30.556 ) 
    Source Clock Delay      (SCD):    5.655ns
    Clock Pessimism Removal (CPR):    0.214ns
  Clock Uncertainty:      0.060ns  ((TSJ^2 + DJ^2)^1/2) / 2 + PE
    Total System Jitter     (TSJ):    0.071ns
    Discrete Jitter          (DJ):    0.097ns
    Phase Error              (PE):    0.000ns

    Location             Delay type                Incr(ns)  Path(ns)    Netlist Resource(s)
  -------------------------------------------------------------------    -------------------
                         (clock cpu_clk rise edge)    0.000     0.000 r  
    AC19                                              0.000     0.000 r  clk (IN)
                         net (fo=0)                   0.000     0.000    clk
    AC19                                                              r  clk_IBUF_inst/I
    AC19                 IBUF (Prop_ibuf_I_O)         1.416     1.416 r  clk_IBUF_inst/O
                         net (fo=1, routed)           2.602     4.018    clk_IBUF
    BUFGCTRL_X0Y0                                                     r  clk_IBUF_BUFG_inst/I
    BUFGCTRL_X0Y0        BUFG (Prop_bufg_I_O)         0.081     4.099 r  clk_IBUF_BUFG_inst/O
                         net (fo=2000, routed)        1.536     5.635    fpga_pll.u_clk_pll/inst/clk_in1
    PLLE2_ADV_X0Y2                                                    r  fpga_pll.u_clk_pll/inst/plle2_adv_inst/CLKIN1
    PLLE2_ADV_X0Y2       PLLE2_ADV (Prop_plle2_adv_CLKIN1_CLKOUT0)
                                                     -3.173     2.461 r  fpga_pll.u_clk_pll/inst/plle2_adv_inst/CLKOUT0
                         net (fo=1, routed)           1.557     4.018    fpga_pll.u_clk_pll/inst/cpu_clk_clk_pll
    BUFGCTRL_X0Y2                                                     r  fpga_pll.u_clk_pll/inst/clkout1_buf/I
    BUFGCTRL_X0Y2        BUFG (Prop_bufg_I_O)         0.081     4.099 r  fpga_pll.u_clk_pll/inst/clkout1_buf/O
                         net (fo=59802, routed)       1.556     5.655    u_cpu/core_inst/rename/freelist/cpu_clk
    SLICE_X118Y71        FDCE                                         r  u_cpu/core_inst/rename/freelist/free_vec_reg[5]/C
  -------------------------------------------------------------------    -------------------
    SLICE_X118Y71        FDCE (Prop_fdce_C_Q)         0.379     6.034 r  u_cpu/core_inst/rename/freelist/free_vec_reg[5]/Q
                         net (fo=17, routed)          0.762     6.796    u_cpu/core_inst/rename/freelist/p_45_in
    SLICE_X121Y71                                                     r  u_cpu/core_inst/rename/freelist/rob_tail[4]_i_227/I2
    SLICE_X121Y71        LUT6 (Prop_lut6_I2_O)        0.105     6.901 r  u_cpu/core_inst/rename/freelist/rob_tail[4]_i_227/O
                         net (fo=7, routed)           0.518     7.419    u_cpu/core_inst/rename/freelist/rob_tail[4]_i_227_n_0
    SLICE_X119Y71                                                     r  u_cpu/core_inst/rename/freelist/rob_tail[4]_i_231/I5
    SLICE_X119Y71        LUT6 (Prop_lut6_I5_O)        0.105     7.524 r  u_cpu/core_inst/rename/freelist/rob_tail[4]_i_231/O
                         net (fo=4, routed)           0.472     7.996    u_cpu/core_inst/rename/freelist/rob_tail[4]_i_231_n_0
    SLICE_X120Y70                                                     r  u_cpu/core_inst/rename/freelist/rob_tail[4]_i_213/I0
    SLICE_X120Y70        LUT3 (Prop_lut3_I0_O)        0.105     8.101 r  u_cpu/core_inst/rename/freelist/rob_tail[4]_i_213/O
                         net (fo=1, routed)           0.671     8.771    u_cpu/core_inst/rename/freelist/rob_tail[4]_i_213_n_0
    SLICE_X119Y70                                                     r  u_cpu/core_inst/rename/freelist/rob_tail[4]_i_184/I5
    SLICE_X119Y70        LUT6 (Prop_lut6_I5_O)        0.105     8.876 f  u_cpu/core_inst/rename/freelist/rob_tail[4]_i_184/O
                         net (fo=2, routed)           0.477     9.353    u_cpu/core_inst/rename/freelist/rob_tail[4]_i_184_n_0
    SLICE_X119Y72                                                     f  u_cpu/core_inst/rename/freelist/rob_tail[4]_i_182/I3
    SLICE_X119Y72        LUT6 (Prop_lut6_I3_O)        0.105     9.458 r  u_cpu/core_inst/rename/freelist/rob_tail[4]_i_182/O
                         net (fo=3, routed)           0.332     9.790    u_cpu/core_inst/rename/freelist/rob_tail[4]_i_182_n_0
    SLICE_X119Y72                                                     r  u_cpu/core_inst/rename/freelist/rob_tail[4]_i_204/I3
    SLICE_X119Y72        LUT5 (Prop_lut5_I3_O)        0.105     9.895 r  u_cpu/core_inst/rename/freelist/rob_tail[4]_i_204/O
                         net (fo=4, routed)           0.528    10.423    u_cpu/core_inst/rename/freelist/rob_tail[4]_i_204_n_0
    SLICE_X117Y72                                                     r  u_cpu/core_inst/rename/freelist/rob_tail[4]_i_176/I3
    SLICE_X117Y72        LUT6 (Prop_lut6_I3_O)        0.105    10.528 r  u_cpu/core_inst/rename/freelist/rob_tail[4]_i_176/O
                         net (fo=13, routed)          0.397    10.925    u_cpu/core_inst/rename/freelist/rob_tail[4]_i_176_n_0
    SLICE_X122Y72                                                     r  u_cpu/core_inst/rename/freelist/rob_tail[4]_i_216/I2
    SLICE_X122Y72        LUT5 (Prop_lut5_I2_O)        0.105    11.030 r  u_cpu/core_inst/rename/freelist/rob_tail[4]_i_216/O
                         net (fo=4, routed)           0.569    11.599    u_cpu/core_inst/rename/freelist/rob_tail[4]_i_216_n_0
    SLICE_X124Y72                                                     r  u_cpu/core_inst/rename/freelist/rob_tail[4]_i_194/I0
    SLICE_X124Y72        LUT4 (Prop_lut4_I0_O)        0.105    11.704 f  u_cpu/core_inst/rename/freelist/rob_tail[4]_i_194/O
                         net (fo=3, routed)           0.536    12.240    u_cpu/core_inst/rename/freelist/rob_tail[4]_i_194_n_0
    SLICE_X124Y71                                                     f  u_cpu/core_inst/rename/freelist/rob_tail[4]_i_175/I1
    SLICE_X124Y71        LUT6 (Prop_lut6_I1_O)        0.105    12.345 r  u_cpu/core_inst/rename/freelist/rob_tail[4]_i_175/O
                         net (fo=3, routed)           0.648    12.993    u_cpu/core_inst/rename/freelist/rob_tail[4]_i_175_n_0
    SLICE_X122Y70                                                     r  u_cpu/core_inst/rename/freelist/rob_tail[4]_i_153/I4
    SLICE_X122Y70        LUT5 (Prop_lut5_I4_O)        0.105    13.098 f  u_cpu/core_inst/rename/freelist/rob_tail[4]_i_153/O
                         net (fo=3, routed)           0.547    13.646    u_cpu/core_inst/rename/freelist/rob_tail[4]_i_153_n_0
    SLICE_X122Y75                                                     f  u_cpu/core_inst/rename/freelist/rob_tail[4]_i_122/I1
    SLICE_X122Y75        LUT4 (Prop_lut4_I1_O)        0.105    13.751 f  u_cpu/core_inst/rename/freelist/rob_tail[4]_i_122/O
                         net (fo=4, routed)           0.538    14.289    u_cpu/core_inst/rename/freelist/rob_tail[4]_i_122_n_0
    SLICE_X120Y75                                                     f  u_cpu/core_inst/rename/freelist/rob_tail[4]_i_145/I4
    SLICE_X120Y75        LUT6 (Prop_lut6_I4_O)        0.105    14.394 f  u_cpu/core_inst/rename/freelist/rob_tail[4]_i_145/O
                         net (fo=2, routed)           0.697    15.091    u_cpu/core_inst/rename/freelist/rob_tail[4]_i_145_n_0
    SLICE_X121Y74                                                     f  u_cpu/core_inst/rename/freelist/rob_tail[4]_i_106/I4
    SLICE_X121Y74        LUT6 (Prop_lut6_I4_O)        0.105    15.196 f  u_cpu/core_inst/rename/freelist/rob_tail[4]_i_106/O
                         net (fo=11, routed)          0.422    15.619    u_cpu/core_inst/rename/freelist/rob_tail[4]_i_106_n_0
    SLICE_X120Y75                                                     f  u_cpu/core_inst/rename/freelist/rob_tail[4]_i_158/I1
    SLICE_X120Y75        LUT2 (Prop_lut2_I1_O)        0.105    15.724 f  u_cpu/core_inst/rename/freelist/rob_tail[4]_i_158/O
                         net (fo=5, routed)           0.726    16.449    u_cpu/core_inst/rename/freelist/rob_tail[4]_i_158_n_0
    SLICE_X123Y74                                                     f  u_cpu/core_inst/rename/freelist/rob_tail[4]_i_111/I5
    SLICE_X123Y74        LUT6 (Prop_lut6_I5_O)        0.105    16.554 r  u_cpu/core_inst/rename/freelist/rob_tail[4]_i_111/O
                         net (fo=9, routed)           0.648    17.203    u_cpu/core_inst/rename/freelist/rob_tail[4]_i_111_n_0
    SLICE_X120Y76                                                     r  u_cpu/core_inst/rename/freelist/rob_tail[4]_i_102/I2
    SLICE_X120Y76        LUT6 (Prop_lut6_I2_O)        0.105    17.308 r  u_cpu/core_inst/rename/freelist/rob_tail[4]_i_102/O
                         net (fo=3, routed)           0.501    17.809    u_cpu/core_inst/rename/freelist/rob_tail[4]_i_102_n_0
    SLICE_X118Y76                                                     r  u_cpu/core_inst/rename/freelist/rob_tail[4]_i_124/I3
    SLICE_X118Y76        LUT6 (Prop_lut6_I3_O)        0.105    17.914 r  u_cpu/core_inst/rename/freelist/rob_tail[4]_i_124/O
                         net (fo=3, routed)           0.397    18.311    u_cpu/core_inst/rename/freelist/rob_tail[4]_i_124_n_0
    SLICE_X119Y78                                                     r  u_cpu/core_inst/rename/freelist/rob_tail[4]_i_90/I5
    SLICE_X119Y78        LUT6 (Prop_lut6_I5_O)        0.105    18.416 f  u_cpu/core_inst/rename/freelist/rob_tail[4]_i_90/O
                         net (fo=8, routed)           0.451    18.867    u_cpu/core_inst/rename/freelist/rob_tail[4]_i_90_n_0
    SLICE_X118Y78                                                     f  u_cpu/core_inst/rename/freelist/rob_tail[4]_i_136/I2
    SLICE_X118Y78        LUT6 (Prop_lut6_I2_O)        0.105    18.972 f  u_cpu/core_inst/rename/freelist/rob_tail[4]_i_136/O
                         net (fo=5, routed)           0.377    19.350    u_cpu/core_inst/rename/freelist/rob_tail[4]_i_136_n_0
    SLICE_X118Y78                                                     f  u_cpu/core_inst/rename/freelist/rob_tail[4]_i_96/I5
    SLICE_X118Y78        LUT6 (Prop_lut6_I5_O)        0.105    19.455 f  u_cpu/core_inst/rename/freelist/rob_tail[4]_i_96/O
                         net (fo=3, routed)           0.525    19.980    u_cpu/core_inst/rename/freelist/rob_tail[4]_i_96_n_0
    SLICE_X117Y78                                                     f  u_cpu/core_inst/rename/freelist/rob_tail[4]_i_75/I0
    SLICE_X117Y78        LUT6 (Prop_lut6_I0_O)        0.105    20.085 r  u_cpu/core_inst/rename/freelist/rob_tail[4]_i_75/O
                         net (fo=9, routed)           0.539    20.624    u_cpu/core_inst/rename/freelist/rob_tail[4]_i_75_n_0
    SLICE_X116Y79                                                     r  u_cpu/core_inst/rename/freelist/rob_tail[4]_i_128/I3
    SLICE_X116Y79        LUT5 (Prop_lut5_I3_O)        0.105    20.729 r  u_cpu/core_inst/rename/freelist/rob_tail[4]_i_128/O
                         net (fo=3, routed)           0.364    21.092    u_cpu/core_inst/rename/freelist/rob_tail[4]_i_128_n_0
    SLICE_X114Y79                                                     r  u_cpu/core_inst/rename/freelist/rob_tail[4]_i_95/I4
    SLICE_X114Y79        LUT5 (Prop_lut5_I4_O)        0.105    21.197 r  u_cpu/core_inst/rename/freelist/rob_tail[4]_i_95/O
                         net (fo=1, routed)           0.651    21.848    u_cpu/core_inst/rename/freelist/rob_tail[4]_i_95_n_0
    SLICE_X113Y79                                                     r  u_cpu/core_inst/rename/freelist/rob_tail[4]_i_73/I5
    SLICE_X113Y79        LUT6 (Prop_lut6_I5_O)        0.105    21.953 f  u_cpu/core_inst/rename/freelist/rob_tail[4]_i_73/O
                         net (fo=2, routed)           0.385    22.338    u_cpu/core_inst/rename/freelist/rob_tail[4]_i_73_n_0
    SLICE_X108Y77                                                     f  u_cpu/core_inst/rename/freelist/rob_tail[4]_i_40/I0
    SLICE_X108Y77        LUT4 (Prop_lut4_I0_O)        0.105    22.443 r  u_cpu/core_inst/rename/freelist/rob_tail[4]_i_40/O
                         net (fo=2, routed)           0.343    22.787    u_cpu/core_inst/rename/freelist/rob_tail[4]_i_40_n_0
    SLICE_X108Y76                                                     r  u_cpu/core_inst/rename/freelist/rob_tail[4]_i_49/I0
    SLICE_X108Y76        LUT5 (Prop_lut5_I0_O)        0.105    22.892 r  u_cpu/core_inst/rename/freelist/rob_tail[4]_i_49/O
                         net (fo=2, routed)           0.367    23.259    u_cpu/core_inst/rename/freelist/rob_tail[4]_i_49_n_0
    SLICE_X107Y77                                                     r  u_cpu/core_inst/rename/freelist/rob_tail[4]_i_50/I3
    SLICE_X107Y77        LUT6 (Prop_lut6_I3_O)        0.105    23.364 r  u_cpu/core_inst/rename/freelist/rob_tail[4]_i_50/O
                         net (fo=9, routed)           0.469    23.833    u_cpu/core_inst/rename/freelist/rob_tail[4]_i_50_n_0
    SLICE_X107Y75                                                     r  u_cpu/core_inst/rename/freelist/rob_tail[4]_i_46/I3
    SLICE_X107Y75        LUT6 (Prop_lut6_I3_O)        0.105    23.938 r  u_cpu/core_inst/rename/freelist/rob_tail[4]_i_46/O
                         net (fo=2, routed)           0.663    24.602    u_cpu/core_inst/rename/freelist/rob_tail[4]_i_46_n_0
    SLICE_X105Y75                                                     r  u_cpu/core_inst/rename/freelist/rob_tail[4]_i_29/I1
    SLICE_X105Y75        LUT6 (Prop_lut6_I1_O)        0.105    24.707 f  u_cpu/core_inst/rename/freelist/rob_tail[4]_i_29/O
                         net (fo=2, routed)           0.464    25.170    u_cpu/core_inst/rename/freelist/rob_tail[4]_i_29_n_0
    SLICE_X105Y76                                                     f  u_cpu/core_inst/rename/freelist/rob_tail[4]_i_17/I1
    SLICE_X105Y76        LUT6 (Prop_lut6_I1_O)        0.105    25.275 f  u_cpu/core_inst/rename/freelist/rob_tail[4]_i_17/O
                         net (fo=1, routed)           0.403    25.679    u_cpu/core_inst/rename/freelist/rob_tail[4]_i_17_n_0
    SLICE_X103Y76                                                     f  u_cpu/core_inst/rename/freelist/rob_tail[4]_i_10/I3
    SLICE_X103Y76        LUT6 (Prop_lut6_I3_O)        0.105    25.784 r  u_cpu/core_inst/rename/freelist/rob_tail[4]_i_10/O
                         net (fo=1, routed)           0.243    26.027    u_cpu/core_inst/rename/freelist/rob_tail[4]_i_10_n_0
    SLICE_X101Y76                                                     r  u_cpu/core_inst/rename/freelist/rob_tail[4]_i_7/I2
    SLICE_X101Y76        LUT6 (Prop_lut6_I2_O)        0.105    26.132 f  u_cpu/core_inst/rename/freelist/rob_tail[4]_i_7/O
                         net (fo=4, routed)           0.498    26.629    u_cpu/core_inst/rename/freelist/dispatch_enable
    SLICE_X94Y76                                                      f  u_cpu/core_inst/rename/freelist/br_alloc_q[0][7]_i_6/I2
    SLICE_X94Y76         LUT6 (Prop_lut6_I2_O)        0.105    26.734 f  u_cpu/core_inst/rename/freelist/br_alloc_q[0][7]_i_6/O
                         net (fo=57, routed)          0.434    27.168    u_cpu/core_inst/rename/freelist/fl_alloc_en[0]
    SLICE_X97Y75                                                      f  u_cpu/core_inst/rename/freelist/free_vec[55]_i_4/I3
    SLICE_X97Y75         LUT4 (Prop_lut4_I3_O)        0.105    27.273 r  u_cpu/core_inst/rename/freelist/free_vec[55]_i_4/O
                         net (fo=37, routed)          0.584    27.858    u_cpu/core_inst/rename/freelist/free_vec[55]_i_4_n_0
    SLICE_X100Y74                                                     r  u_cpu/core_inst/rename/freelist/slot_uop[15][pdst][5]_i_38/I3
    SLICE_X100Y74        LUT5 (Prop_lut5_I3_O)        0.105    27.963 r  u_cpu/core_inst/rename/freelist/slot_uop[15][pdst][5]_i_38/O
                         net (fo=3, routed)           0.392    28.354    u_cpu/core_inst/rename/freelist/slot_uop[15][pdst][5]_i_38_n_0
    SLICE_X97Y73                                                      r  u_cpu/core_inst/rename/freelist/slot_uop[15][pdst][5]_i_20/I5
    SLICE_X97Y73         LUT6 (Prop_lut6_I5_O)        0.105    28.459 r  u_cpu/core_inst/rename/freelist/slot_uop[15][pdst][5]_i_20/O
                         net (fo=3, routed)           0.551    29.011    u_cpu/core_inst/rename/freelist/slot_uop[15][pdst][5]_i_20_n_0
    SLICE_X96Y73                                                      r  u_cpu/core_inst/rename/freelist/slot_uop[15][pdst][5]_i_7/I0
    SLICE_X96Y73         LUT2 (Prop_lut2_I0_O)        0.127    29.138 r  u_cpu/core_inst/rename/freelist/slot_uop[15][pdst][5]_i_7/O
                         net (fo=5, routed)           0.940    30.077    u_cpu/core_inst/rename/freelist/slot_uop[15][pdst][5]_i_7_n_0
    SLICE_X91Y70                                                      r  u_cpu/core_inst/rename/freelist/slot_uop[15][pdst][5]_i_3/I3
    SLICE_X91Y70         LUT6 (Prop_lut6_I3_O)        0.286    30.363 r  u_cpu/core_inst/rename/freelist/slot_uop[15][pdst][5]_i_3/O
                         net (fo=89, routed)          0.638    31.001    u_cpu/core_inst/rename/freelist/mt_write_preg[5]
    SLICE_X85Y72                                                      r  u_cpu/core_inst/rename/freelist/slot_uop[6][psrc2_busy]_i_89/I2
    SLICE_X85Y72         LUT4 (Prop_lut4_I2_O)        0.105    31.106 r  u_cpu/core_inst/rename/freelist/slot_uop[6][psrc2_busy]_i_89/O
                         net (fo=1, routed)           0.456    31.563    u_cpu/core_inst/rename/freelist/slot_uop[6][psrc2_busy]_i_89_n_0
    SLICE_X86Y72                                                      r  u_cpu/core_inst/rename/freelist/slot_uop[6][psrc2_busy]_i_56/I0
    SLICE_X86Y72         LUT5 (Prop_lut5_I0_O)        0.105    31.668 r  u_cpu/core_inst/rename/freelist/slot_uop[6][psrc2_busy]_i_56/O
                         net (fo=1, routed)           0.227    31.894    u_cpu/core_inst/rename/freelist/slot_uop[6][psrc2_busy]_i_56_n_0
    SLICE_X85Y72                                                      r  u_cpu/core_inst/rename/freelist/slot_uop[6][psrc2_busy]_i_31/I0
    SLICE_X85Y72         LUT6 (Prop_lut6_I0_O)        0.105    31.999 r  u_cpu/core_inst/rename/freelist/slot_uop[6][psrc2_busy]_i_31/O
                         net (fo=1, routed)           0.643    32.642    u_cpu/core_inst/rename/freelist/slot_uop[6][psrc2_busy]_i_31_n_0
    SLICE_X84Y74                                                      r  u_cpu/core_inst/rename/freelist/slot_uop[6][psrc2_busy]_i_13__1/I4
    SLICE_X84Y74         LUT6 (Prop_lut6_I4_O)        0.105    32.747 r  u_cpu/core_inst/rename/freelist/slot_uop[6][psrc2_busy]_i_13__1/O
                         net (fo=8, routed)           0.663    33.410    u_cpu/core_inst/rename/freelist/rn2_mask_q_reg[1]_0
    SLICE_X83Y72                                                      r  u_cpu/core_inst/rename/freelist/slot_uop[15][psrc2_busy]_i_11__0/I3
    SLICE_X83Y72         LUT4 (Prop_lut4_I3_O)        0.105    33.515 r  u_cpu/core_inst/rename/freelist/slot_uop[15][psrc2_busy]_i_11__0/O
                         net (fo=6, routed)           0.690    34.205    u_cpu/core_inst/gen_alu[0].alu_inst/iq_alu_dis_uop[0][psrc2_busy]
    SLICE_X85Y77                                                      r  u_cpu/core_inst/gen_alu[0].alu_inst/slot_uop[12][psrc2_busy]_i_6/I1
    SLICE_X85Y77         LUT2 (Prop_lut2_I1_O)        0.105    34.310 f  u_cpu/core_inst/gen_alu[0].alu_inst/slot_uop[12][psrc2_busy]_i_6/O
                         net (fo=3, routed)           0.216    34.527    u_cpu/core_inst/rename/freelist/slot_uop_reg[0][psrc2_busy]
    SLICE_X85Y77                                                      f  u_cpu/core_inst/rename/freelist/slot_uop[0][psrc2_busy]_i_2/I1
    SLICE_X85Y77         LUT2 (Prop_lut2_I1_O)        0.110    34.637 r  u_cpu/core_inst/rename/freelist/slot_uop[0][psrc2_busy]_i_2/O
                         net (fo=7, routed)           0.678    35.314    u_cpu/core_inst/alu_iq/slot_uop_reg[0][psrc2_busy]_0
    SLICE_X83Y84                                                      r  u_cpu/core_inst/alu_iq/slot_uop[10][psrc2_busy]_i_2/I5
    SLICE_X83Y84         LUT6 (Prop_lut6_I5_O)        0.268    35.582 r  u_cpu/core_inst/alu_iq/slot_uop[10][psrc2_busy]_i_2/O
                         net (fo=1, routed)           0.396    35.978    u_cpu/core_inst/alu_iq/slot_uop[10][psrc2_busy]_i_2_n_0
    SLICE_X81Y84                                                      r  u_cpu/core_inst/alu_iq/slot_uop[10][psrc2_busy]_i_1/I0
    SLICE_X81Y84         LUT6 (Prop_lut6_I0_O)        0.105    36.083 r  u_cpu/core_inst/alu_iq/slot_uop[10][psrc2_busy]_i_1/O
                         net (fo=1, routed)           0.000    36.083    u_cpu/core_inst/alu_iq/slot_uop[10][psrc2_busy]_i_1_n_0
    SLICE_X81Y84         FDRE                                         r  u_cpu/core_inst/alu_iq/slot_uop_reg[10][psrc2_busy]/D
  -------------------------------------------------------------------    -------------------

                         (clock cpu_clk rise edge)   30.556    30.556 r  
    AC19                                              0.000    30.556 r  clk (IN)
                         net (fo=0)                   0.000    30.556    clk
    AC19                                                              r  clk_IBUF_inst/I
    AC19                 IBUF (Prop_ibuf_I_O)         1.350    31.906 r  clk_IBUF_inst/O
                         net (fo=1, routed)           2.471    34.376    clk_IBUF
    BUFGCTRL_X0Y0                                                     r  clk_IBUF_BUFG_inst/I
    BUFGCTRL_X0Y0        BUFG (Prop_bufg_I_O)         0.077    34.453 r  clk_IBUF_BUFG_inst/O
                         net (fo=2000, routed)        1.434    35.887    fpga_pll.u_clk_pll/inst/clk_in1
    PLLE2_ADV_X0Y2                                                    r  fpga_pll.u_clk_pll/inst/plle2_adv_inst/CLKIN1
    PLLE2_ADV_X0Y2       PLLE2_ADV (Prop_plle2_adv_CLKIN1_CLKOUT0)
                                                     -2.995    32.892 r  fpga_pll.u_clk_pll/inst/plle2_adv_inst/CLKOUT0
                         net (fo=1, routed)           1.484    34.376    fpga_pll.u_clk_pll/inst/cpu_clk_clk_pll
    BUFGCTRL_X0Y2                                                     r  fpga_pll.u_clk_pll/inst/clkout1_buf/I
    BUFGCTRL_X0Y2        BUFG (Prop_bufg_I_O)         0.077    34.453 r  fpga_pll.u_clk_pll/inst/clkout1_buf/O
                         net (fo=59802, routed)       1.407    35.860    u_cpu/core_inst/alu_iq/cpu_clk
    SLICE_X81Y84         FDRE                                         r  u_cpu/core_inst/alu_iq/slot_uop_reg[10][psrc2_busy]/C
                         clock pessimism              0.214    36.074    
                         clock uncertainty           -0.060    36.014    
    SLICE_X81Y84         FDRE (Setup_fdre_C_D)        0.030    36.044    u_cpu/core_inst/alu_iq/slot_uop_reg[10][psrc2_busy]
  -------------------------------------------------------------------
                         required time                         36.044    
                         arrival time                         -36.083    
  -------------------------------------------------------------------
                         slack                                 -0.039    

Slack (VIOLATED) :        -0.039ns  (required time - arrival time)
  Source:                 u_cpu/core_inst/rename/freelist/free_vec_reg[5]/C
                            (rising edge-triggered cell FDCE clocked by cpu_clk  {rise@0.000ns fall@15.278ns period=30.556ns})
  Destination:            u_cpu/core_inst/alu_iq/slot_uop_reg[10][psrc2_busy]/D
                            (rising edge-triggered cell FDRE clocked by cpu_clk  {rise@0.000ns fall@15.278ns period=30.556ns})
  Path Group:             cpu_clk
  Path Type:              Setup (Max at Slow Process Corner)
  Requirement:            30.556ns  (cpu_clk rise@30.556ns - cpu_clk rise@0.000ns)
  Data Path Delay:        30.428ns  (logic 5.790ns (19.028%)  route 24.638ns (80.972%))
  Logic Levels:           48  (LUT2=4 LUT3=1 LUT4=6 LUT5=8 LUT6=29)
  Clock Path Skew:        -0.136ns (DCD - SCD + CPR)
    Destination Clock Delay (DCD):    5.305ns = ( 35.860 - 30.556 ) 
    Source Clock Delay      (SCD):    5.655ns
    Clock Pessimism Removal (CPR):    0.214ns
  Clock Uncertainty:      0.060ns  ((TSJ^2 + DJ^2)^1/2) / 2 + PE
    Total System Jitter     (TSJ):    0.071ns
    Discrete Jitter          (DJ):    0.097ns
    Phase Error              (PE):    0.000ns

    Location             Delay type                Incr(ns)  Path(ns)    Netlist Resource(s)
  -------------------------------------------------------------------    -------------------
                         (clock cpu_clk rise edge)    0.000     0.000 r  
    AC19                                              0.000     0.000 r  clk (IN)
                         net (fo=0)                   0.000     0.000    clk
    AC19                                                              r  clk_IBUF_inst/I
    AC19                 IBUF (Prop_ibuf_I_O)         1.416     1.416 r  clk_IBUF_inst/O
                         net (fo=1, routed)           2.602     4.018    clk_IBUF
    BUFGCTRL_X0Y0                                                     r  clk_IBUF_BUFG_inst/I
    BUFGCTRL_X0Y0        BUFG (Prop_bufg_I_O)         0.081     4.099 r  clk_IBUF_BUFG_inst/O
                         net (fo=2000, routed)        1.536     5.635    fpga_pll.u_clk_pll/inst/clk_in1
    PLLE2_ADV_X0Y2                                                    r  fpga_pll.u_clk_pll/inst/plle2_adv_inst/CLKIN1
    PLLE2_ADV_X0Y2       PLLE2_ADV (Prop_plle2_adv_CLKIN1_CLKOUT0)
                                                     -3.173     2.461 r  fpga_pll.u_clk_pll/inst/plle2_adv_inst/CLKOUT0
                         net (fo=1, routed)           1.557     4.018    fpga_pll.u_clk_pll/inst/cpu_clk_clk_pll
    BUFGCTRL_X0Y2                                                     r  fpga_pll.u_clk_pll/inst/clkout1_buf/I
    BUFGCTRL_X0Y2        BUFG (Prop_bufg_I_O)         0.081     4.099 r  fpga_pll.u_clk_pll/inst/clkout1_buf/O
                         net (fo=59802, routed)       1.556     5.655    u_cpu/core_inst/rename/freelist/cpu_clk
    SLICE_X118Y71        FDCE                                         r  u_cpu/core_inst/rename/freelist/free_vec_reg[5]/C
  -------------------------------------------------------------------    -------------------
    SLICE_X118Y71        FDCE (Prop_fdce_C_Q)         0.379     6.034 r  u_cpu/core_inst/rename/freelist/free_vec_reg[5]/Q
                         net (fo=17, routed)          0.762     6.796    u_cpu/core_inst/rename/freelist/p_45_in
    SLICE_X121Y71                                                     r  u_cpu/core_inst/rename/freelist/rob_tail[4]_i_227/I2
    SLICE_X121Y71        LUT6 (Prop_lut6_I2_O)        0.105     6.901 r  u_cpu/core_inst/rename/freelist/rob_tail[4]_i_227/O
                         net (fo=7, routed)           0.518     7.419    u_cpu/core_inst/rename/freelist/rob_tail[4]_i_227_n_0
    SLICE_X119Y71                                                     r  u_cpu/core_inst/rename/freelist/rob_tail[4]_i_231/I5
    SLICE_X119Y71        LUT6 (Prop_lut6_I5_O)        0.105     7.524 r  u_cpu/core_inst/rename/freelist/rob_tail[4]_i_231/O
                         net (fo=4, routed)           0.472     7.996    u_cpu/core_inst/rename/freelist/rob_tail[4]_i_231_n_0
    SLICE_X120Y70                                                     r  u_cpu/core_inst/rename/freelist/rob_tail[4]_i_213/I0
    SLICE_X120Y70        LUT3 (Prop_lut3_I0_O)        0.105     8.101 r  u_cpu/core_inst/rename/freelist/rob_tail[4]_i_213/O
                         net (fo=1, routed)           0.671     8.771    u_cpu/core_inst/rename/freelist/rob_tail[4]_i_213_n_0
    SLICE_X119Y70                                                     r  u_cpu/core_inst/rename/freelist/rob_tail[4]_i_184/I5
    SLICE_X119Y70        LUT6 (Prop_lut6_I5_O)        0.105     8.876 r  u_cpu/core_inst/rename/freelist/rob_tail[4]_i_184/O
                         net (fo=2, routed)           0.477     9.353    u_cpu/core_inst/rename/freelist/rob_tail[4]_i_184_n_0
    SLICE_X119Y72                                                     r  u_cpu/core_inst/rename/freelist/rob_tail[4]_i_182/I3
    SLICE_X119Y72        LUT6 (Prop_lut6_I3_O)        0.105     9.458 f  u_cpu/core_inst/rename/freelist/rob_tail[4]_i_182/O
                         net (fo=3, routed)           0.332     9.790    u_cpu/core_inst/rename/freelist/rob_tail[4]_i_182_n_0
    SLICE_X119Y72                                                     f  u_cpu/core_inst/rename/freelist/rob_tail[4]_i_204/I3
    SLICE_X119Y72        LUT5 (Prop_lut5_I3_O)        0.105     9.895 f  u_cpu/core_inst/rename/freelist/rob_tail[4]_i_204/O
                         net (fo=4, routed)           0.528    10.423    u_cpu/core_inst/rename/freelist/rob_tail[4]_i_204_n_0
    SLICE_X117Y72                                                     f  u_cpu/core_inst/rename/freelist/rob_tail[4]_i_176/I3
    SLICE_X117Y72        LUT6 (Prop_lut6_I3_O)        0.105    10.528 f  u_cpu/core_inst/rename/freelist/rob_tail[4]_i_176/O
                         net (fo=13, routed)          0.397    10.925    u_cpu/core_inst/rename/freelist/rob_tail[4]_i_176_n_0
    SLICE_X122Y72                                                     f  u_cpu/core_inst/rename/freelist/rob_tail[4]_i_216/I2
    SLICE_X122Y72        LUT5 (Prop_lut5_I2_O)        0.105    11.030 f  u_cpu/core_inst/rename/freelist/rob_tail[4]_i_216/O
                         net (fo=4, routed)           0.569    11.599    u_cpu/core_inst/rename/freelist/rob_tail[4]_i_216_n_0
    SLICE_X124Y72                                                     f  u_cpu/core_inst/rename/freelist/rob_tail[4]_i_194/I0
    SLICE_X124Y72        LUT4 (Prop_lut4_I0_O)        0.105    11.704 r  u_cpu/core_inst/rename/freelist/rob_tail[4]_i_194/O
                         net (fo=3, routed)           0.536    12.240    u_cpu/core_inst/rename/freelist/rob_tail[4]_i_194_n_0
    SLICE_X124Y71                                                     r  u_cpu/core_inst/rename/freelist/rob_tail[4]_i_175/I1
    SLICE_X124Y71        LUT6 (Prop_lut6_I1_O)        0.105    12.345 f  u_cpu/core_inst/rename/freelist/rob_tail[4]_i_175/O
                         net (fo=3, routed)           0.648    12.993    u_cpu/core_inst/rename/freelist/rob_tail[4]_i_175_n_0
    SLICE_X122Y70                                                     f  u_cpu/core_inst/rename/freelist/rob_tail[4]_i_153/I4
    SLICE_X122Y70        LUT5 (Prop_lut5_I4_O)        0.105    13.098 r  u_cpu/core_inst/rename/freelist/rob_tail[4]_i_153/O
                         net (fo=3, routed)           0.547    13.646    u_cpu/core_inst/rename/freelist/rob_tail[4]_i_153_n_0
    SLICE_X122Y75                                                     r  u_cpu/core_inst/rename/freelist/rob_tail[4]_i_122/I1
    SLICE_X122Y75        LUT4 (Prop_lut4_I1_O)        0.105    13.751 r  u_cpu/core_inst/rename/freelist/rob_tail[4]_i_122/O
                         net (fo=4, routed)           0.538    14.289    u_cpu/core_inst/rename/freelist/rob_tail[4]_i_122_n_0
    SLICE_X120Y75                                                     r  u_cpu/core_inst/rename/freelist/rob_tail[4]_i_145/I4
    SLICE_X120Y75        LUT6 (Prop_lut6_I4_O)        0.105    14.394 r  u_cpu/core_inst/rename/freelist/rob_tail[4]_i_145/O
                         net (fo=2, routed)           0.697    15.091    u_cpu/core_inst/rename/freelist/rob_tail[4]_i_145_n_0
    SLICE_X121Y74                                                     r  u_cpu/core_inst/rename/freelist/rob_tail[4]_i_106/I4
    SLICE_X121Y74        LUT6 (Prop_lut6_I4_O)        0.105    15.196 r  u_cpu/core_inst/rename/freelist/rob_tail[4]_i_106/O
                         net (fo=11, routed)          0.422    15.619    u_cpu/core_inst/rename/freelist/rob_tail[4]_i_106_n_0
    SLICE_X120Y75                                                     r  u_cpu/core_inst/rename/freelist/rob_tail[4]_i_158/I1
    SLICE_X120Y75        LUT2 (Prop_lut2_I1_O)        0.105    15.724 r  u_cpu/core_inst/rename/freelist/rob_tail[4]_i_158/O
                         net (fo=5, routed)           0.726    16.449    u_cpu/core_inst/rename/freelist/rob_tail[4]_i_158_n_0
    SLICE_X123Y74                                                     r  u_cpu/core_inst/rename/freelist/rob_tail[4]_i_111/I5
    SLICE_X123Y74        LUT6 (Prop_lut6_I5_O)        0.105    16.554 f  u_cpu/core_inst/rename/freelist/rob_tail[4]_i_111/O
                         net (fo=9, routed)           0.648    17.203    u_cpu/core_inst/rename/freelist/rob_tail[4]_i_111_n_0
    SLICE_X120Y76                                                     f  u_cpu/core_inst/rename/freelist/rob_tail[4]_i_102/I2
    SLICE_X120Y76        LUT6 (Prop_lut6_I2_O)        0.105    17.308 r  u_cpu/core_inst/rename/freelist/rob_tail[4]_i_102/O
                         net (fo=3, routed)           0.501    17.809    u_cpu/core_inst/rename/freelist/rob_tail[4]_i_102_n_0
    SLICE_X118Y76                                                     r  u_cpu/core_inst/rename/freelist/rob_tail[4]_i_124/I3
    SLICE_X118Y76        LUT6 (Prop_lut6_I3_O)        0.105    17.914 r  u_cpu/core_inst/rename/freelist/rob_tail[4]_i_124/O
                         net (fo=3, routed)           0.397    18.311    u_cpu/core_inst/rename/freelist/rob_tail[4]_i_124_n_0
    SLICE_X119Y78                                                     r  u_cpu/core_inst/rename/freelist/rob_tail[4]_i_90/I5
    SLICE_X119Y78        LUT6 (Prop_lut6_I5_O)        0.105    18.416 f  u_cpu/core_inst/rename/freelist/rob_tail[4]_i_90/O
                         net (fo=8, routed)           0.451    18.867    u_cpu/core_inst/rename/freelist/rob_tail[4]_i_90_n_0
    SLICE_X118Y78                                                     f  u_cpu/core_inst/rename/freelist/rob_tail[4]_i_136/I2
    SLICE_X118Y78        LUT6 (Prop_lut6_I2_O)        0.105    18.972 f  u_cpu/core_inst/rename/freelist/rob_tail[4]_i_136/O
                         net (fo=5, routed)           0.377    19.350    u_cpu/core_inst/rename/freelist/rob_tail[4]_i_136_n_0
    SLICE_X118Y78                                                     f  u_cpu/core_inst/rename/freelist/rob_tail[4]_i_96/I5
    SLICE_X118Y78        LUT6 (Prop_lut6_I5_O)        0.105    19.455 f  u_cpu/core_inst/rename/freelist/rob_tail[4]_i_96/O
                         net (fo=3, routed)           0.525    19.980    u_cpu/core_inst/rename/freelist/rob_tail[4]_i_96_n_0
    SLICE_X117Y78                                                     f  u_cpu/core_inst/rename/freelist/rob_tail[4]_i_75/I0
    SLICE_X117Y78        LUT6 (Prop_lut6_I0_O)        0.105    20.085 r  u_cpu/core_inst/rename/freelist/rob_tail[4]_i_75/O
                         net (fo=9, routed)           0.539    20.624    u_cpu/core_inst/rename/freelist/rob_tail[4]_i_75_n_0
    SLICE_X116Y79                                                     r  u_cpu/core_inst/rename/freelist/rob_tail[4]_i_128/I3
    SLICE_X116Y79        LUT5 (Prop_lut5_I3_O)        0.105    20.729 r  u_cpu/core_inst/rename/freelist/rob_tail[4]_i_128/O
                         net (fo=3, routed)           0.364    21.092    u_cpu/core_inst/rename/freelist/rob_tail[4]_i_128_n_0
    SLICE_X114Y79                                                     r  u_cpu/core_inst/rename/freelist/rob_tail[4]_i_95/I4
    SLICE_X114Y79        LUT5 (Prop_lut5_I4_O)        0.105    21.197 r  u_cpu/core_inst/rename/freelist/rob_tail[4]_i_95/O
                         net (fo=1, routed)           0.651    21.848    u_cpu/core_inst/rename/freelist/rob_tail[4]_i_95_n_0
    SLICE_X113Y79                                                     r  u_cpu/core_inst/rename/freelist/rob_tail[4]_i_73/I5
    SLICE_X113Y79        LUT6 (Prop_lut6_I5_O)        0.105    21.953 f  u_cpu/core_inst/rename/freelist/rob_tail[4]_i_73/O
                         net (fo=2, routed)           0.385    22.338    u_cpu/core_inst/rename/freelist/rob_tail[4]_i_73_n_0
    SLICE_X108Y77                                                     f  u_cpu/core_inst/rename/freelist/rob_tail[4]_i_40/I0
    SLICE_X108Y77        LUT4 (Prop_lut4_I0_O)        0.105    22.443 r  u_cpu/core_inst/rename/freelist/rob_tail[4]_i_40/O
                         net (fo=2, routed)           0.343    22.787    u_cpu/core_inst/rename/freelist/rob_tail[4]_i_40_n_0
    SLICE_X108Y76                                                     r  u_cpu/core_inst/rename/freelist/rob_tail[4]_i_49/I0
    SLICE_X108Y76        LUT5 (Prop_lut5_I0_O)        0.105    22.892 r  u_cpu/core_inst/rename/freelist/rob_tail[4]_i_49/O
                         net (fo=2, routed)           0.367    23.259    u_cpu/core_inst/rename/freelist/rob_tail[4]_i_49_n_0
    SLICE_X107Y77                                                     r  u_cpu/core_inst/rename/freelist/rob_tail[4]_i_50/I3
    SLICE_X107Y77        LUT6 (Prop_lut6_I3_O)        0.105    23.364 r  u_cpu/core_inst/rename/freelist/rob_tail[4]_i_50/O
                         net (fo=9, routed)           0.469    23.833    u_cpu/core_inst/rename/freelist/rob_tail[4]_i_50_n_0
    SLICE_X107Y75                                                     r  u_cpu/core_inst/rename/freelist/rob_tail[4]_i_46/I3
    SLICE_X107Y75        LUT6 (Prop_lut6_I3_O)        0.105    23.938 r  u_cpu/core_inst/rename/freelist/rob_tail[4]_i_46/O
                         net (fo=2, routed)           0.663    24.602    u_cpu/core_inst/rename/freelist/rob_tail[4]_i_46_n_0
    SLICE_X105Y75                                                     r  u_cpu/core_inst/rename/freelist/rob_tail[4]_i_29/I1
    SLICE_X105Y75        LUT6 (Prop_lut6_I1_O)        0.105    24.707 f  u_cpu/core_inst/rename/freelist/rob_tail[4]_i_29/O
                         net (fo=2, routed)           0.464    25.170    u_cpu/core_inst/rename/freelist/rob_tail[4]_i_29_n_0
    SLICE_X105Y76                                                     f  u_cpu/core_inst/rename/freelist/rob_tail[4]_i_17/I1
    SLICE_X105Y76        LUT6 (Prop_lut6_I1_O)        0.105    25.275 f  u_cpu/core_inst/rename/freelist/rob_tail[4]_i_17/O
                         net (fo=1, routed)           0.403    25.679    u_cpu/core_inst/rename/freelist/rob_tail[4]_i_17_n_0
    SLICE_X103Y76                                                     f  u_cpu/core_inst/rename/freelist/rob_tail[4]_i_10/I3
    SLICE_X103Y76        LUT6 (Prop_lut6_I3_O)        0.105    25.784 r  u_cpu/core_inst/rename/freelist/rob_tail[4]_i_10/O
                         net (fo=1, routed)           0.243    26.027    u_cpu/core_inst/rename/freelist/rob_tail[4]_i_10_n_0
    SLICE_X101Y76                                                     r  u_cpu/core_inst/rename/freelist/rob_tail[4]_i_7/I2
    SLICE_X101Y76        LUT6 (Prop_lut6_I2_O)        0.105    26.132 f  u_cpu/core_inst/rename/freelist/rob_tail[4]_i_7/O
                         net (fo=4, routed)           0.498    26.629    u_cpu/core_inst/rename/freelist/dispatch_enable
    SLICE_X94Y76                                                      f  u_cpu/core_inst/rename/freelist/br_alloc_q[0][7]_i_6/I2
    SLICE_X94Y76         LUT6 (Prop_lut6_I2_O)        0.105    26.734 f  u_cpu/core_inst/rename/freelist/br_alloc_q[0][7]_i_6/O
                         net (fo=57, routed)          0.434    27.168    u_cpu/core_inst/rename/freelist/fl_alloc_en[0]
    SLICE_X97Y75                                                      f  u_cpu/core_inst/rename/freelist/free_vec[55]_i_4/I3
    SLICE_X97Y75         LUT4 (Prop_lut4_I3_O)        0.105    27.273 r  u_cpu/core_inst/rename/freelist/free_vec[55]_i_4/O
                         net (fo=37, routed)          0.584    27.858    u_cpu/core_inst/rename/freelist/free_vec[55]_i_4_n_0
    SLICE_X100Y74                                                     r  u_cpu/core_inst/rename/freelist/slot_uop[15][pdst][5]_i_38/I3
    SLICE_X100Y74        LUT5 (Prop_lut5_I3_O)        0.105    27.963 r  u_cpu/core_inst/rename/freelist/slot_uop[15][pdst][5]_i_38/O
                         net (fo=3, routed)           0.392    28.354    u_cpu/core_inst/rename/freelist/slot_uop[15][pdst][5]_i_38_n_0
    SLICE_X97Y73                                                      r  u_cpu/core_inst/rename/freelist/slot_uop[15][pdst][5]_i_20/I5
    SLICE_X97Y73         LUT6 (Prop_lut6_I5_O)        0.105    28.459 r  u_cpu/core_inst/rename/freelist/slot_uop[15][pdst][5]_i_20/O
                         net (fo=3, routed)           0.551    29.011    u_cpu/core_inst/rename/freelist/slot_uop[15][pdst][5]_i_20_n_0
    SLICE_X96Y73                                                      r  u_cpu/core_inst/rename/freelist/slot_uop[15][pdst][5]_i_7/I0
    SLICE_X96Y73         LUT2 (Prop_lut2_I0_O)        0.127    29.138 r  u_cpu/core_inst/rename/freelist/slot_uop[15][pdst][5]_i_7/O
                         net (fo=5, routed)           0.940    30.077    u_cpu/core_inst/rename/freelist/slot_uop[15][pdst][5]_i_7_n_0
    SLICE_X91Y70                                                      r  u_cpu/core_inst/rename/freelist/slot_uop[15][pdst][5]_i_3/I3
    SLICE_X91Y70         LUT6 (Prop_lut6_I3_O)        0.286    30.363 r  u_cpu/core_inst/rename/freelist/slot_uop[15][pdst][5]_i_3/O
                         net (fo=89, routed)          0.638    31.001    u_cpu/core_inst/rename/freelist/mt_write_preg[5]
    SLICE_X85Y72                                                      r  u_cpu/core_inst/rename/freelist/slot_uop[6][psrc2_busy]_i_89/I2
    SLICE_X85Y72         LUT4 (Prop_lut4_I2_O)        0.105    31.106 r  u_cpu/core_inst/rename/freelist/slot_uop[6][psrc2_busy]_i_89/O
                         net (fo=1, routed)           0.456    31.563    u_cpu/core_inst/rename/freelist/slot_uop[6][psrc2_busy]_i_89_n_0
    SLICE_X86Y72                                                      r  u_cpu/core_inst/rename/freelist/slot_uop[6][psrc2_busy]_i_56/I0
    SLICE_X86Y72         LUT5 (Prop_lut5_I0_O)        0.105    31.668 r  u_cpu/core_inst/rename/freelist/slot_uop[6][psrc2_busy]_i_56/O
                         net (fo=1, routed)           0.227    31.894    u_cpu/core_inst/rename/freelist/slot_uop[6][psrc2_busy]_i_56_n_0
    SLICE_X85Y72                                                      r  u_cpu/core_inst/rename/freelist/slot_uop[6][psrc2_busy]_i_31/I0
    SLICE_X85Y72         LUT6 (Prop_lut6_I0_O)        0.105    31.999 r  u_cpu/core_inst/rename/freelist/slot_uop[6][psrc2_busy]_i_31/O
                         net (fo=1, routed)           0.643    32.642    u_cpu/core_inst/rename/freelist/slot_uop[6][psrc2_busy]_i_31_n_0
    SLICE_X84Y74                                                      r  u_cpu/core_inst/rename/freelist/slot_uop[6][psrc2_busy]_i_13__1/I4
    SLICE_X84Y74         LUT6 (Prop_lut6_I4_O)        0.105    32.747 r  u_cpu/core_inst/rename/freelist/slot_uop[6][psrc2_busy]_i_13__1/O
                         net (fo=8, routed)           0.663    33.410    u_cpu/core_inst/rename/freelist/rn2_mask_q_reg[1]_0
    SLICE_X83Y72                                                      r  u_cpu/core_inst/rename/freelist/slot_uop[15][psrc2_busy]_i_11__0/I3
    SLICE_X83Y72         LUT4 (Prop_lut4_I3_O)        0.105    33.515 r  u_cpu/core_inst/rename/freelist/slot_uop[15][psrc2_busy]_i_11__0/O
                         net (fo=6, routed)           0.690    34.205    u_cpu/core_inst/gen_alu[0].alu_inst/iq_alu_dis_uop[0][psrc2_busy]
    SLICE_X85Y77                                                      r  u_cpu/core_inst/gen_alu[0].alu_inst/slot_uop[12][psrc2_busy]_i_6/I1
    SLICE_X85Y77         LUT2 (Prop_lut2_I1_O)        0.105    34.310 f  u_cpu/core_inst/gen_alu[0].alu_inst/slot_uop[12][psrc2_busy]_i_6/O
                         net (fo=3, routed)           0.216    34.527    u_cpu/core_inst/rename/freelist/slot_uop_reg[0][psrc2_busy]
    SLICE_X85Y77                                                      f  u_cpu/core_inst/rename/freelist/slot_uop[0][psrc2_busy]_i_2/I1
    SLICE_X85Y77         LUT2 (Prop_lut2_I1_O)        0.110    34.637 r  u_cpu/core_inst/rename/freelist/slot_uop[0][psrc2_busy]_i_2/O
                         net (fo=7, routed)           0.678    35.314    u_cpu/core_inst/alu_iq/slot_uop_reg[0][psrc2_busy]_0
    SLICE_X83Y84                                                      r  u_cpu/core_inst/alu_iq/slot_uop[10][psrc2_busy]_i_2/I5
    SLICE_X83Y84         LUT6 (Prop_lut6_I5_O)        0.268    35.582 r  u_cpu/core_inst/alu_iq/slot_uop[10][psrc2_busy]_i_2/O
                         net (fo=1, routed)           0.396    35.978    u_cpu/core_inst/alu_iq/slot_uop[10][psrc2_busy]_i_2_n_0
    SLICE_X81Y84                                                      r  u_cpu/core_inst/alu_iq/slot_uop[10][psrc2_busy]_i_1/I0
    SLICE_X81Y84         LUT6 (Prop_lut6_I0_O)        0.105    36.083 r  u_cpu/core_inst/alu_iq/slot_uop[10][psrc2_busy]_i_1/O
                         net (fo=1, routed)           0.000    36.083    u_cpu/core_inst/alu_iq/slot_uop[10][psrc2_busy]_i_1_n_0
    SLICE_X81Y84         FDRE                                         r  u_cpu/core_inst/alu_iq/slot_uop_reg[10][psrc2_busy]/D
  -------------------------------------------------------------------    -------------------

                         (clock cpu_clk rise edge)   30.556    30.556 r  
    AC19                                              0.000    30.556 r  clk (IN)
                         net (fo=0)                   0.000    30.556    clk
    AC19                                                              r  clk_IBUF_inst/I
    AC19                 IBUF (Prop_ibuf_I_O)         1.350    31.906 r  clk_IBUF_inst/O
                         net (fo=1, routed)           2.471    34.376    clk_IBUF
    BUFGCTRL_X0Y0                                                     r  clk_IBUF_BUFG_inst/I
    BUFGCTRL_X0Y0        BUFG (Prop_bufg_I_O)         0.077    34.453 r  clk_IBUF_BUFG_inst/O
                         net (fo=2000, routed)        1.434    35.887    fpga_pll.u_clk_pll/inst/clk_in1
    PLLE2_ADV_X0Y2                                                    r  fpga_pll.u_clk_pll/inst/plle2_adv_inst/CLKIN1
    PLLE2_ADV_X0Y2       PLLE2_ADV (Prop_plle2_adv_CLKIN1_CLKOUT0)
                                                     -2.995    32.892 r  fpga_pll.u_clk_pll/inst/plle2_adv_inst/CLKOUT0
                         net (fo=1, routed)           1.484    34.376    fpga_pll.u_clk_pll/inst/cpu_clk_clk_pll
    BUFGCTRL_X0Y2                                                     r  fpga_pll.u_clk_pll/inst/clkout1_buf/I
    BUFGCTRL_X0Y2        BUFG (Prop_bufg_I_O)         0.077    34.453 r  fpga_pll.u_clk_pll/inst/clkout1_buf/O
                         net (fo=59802, routed)       1.407    35.860    u_cpu/core_inst/alu_iq/cpu_clk
    SLICE_X81Y84         FDRE                                         r  u_cpu/core_inst/alu_iq/slot_uop_reg[10][psrc2_busy]/C
                         clock pessimism              0.214    36.074    
                         clock uncertainty           -0.060    36.014    
    SLICE_X81Y84         FDRE (Setup_fdre_C_D)        0.030    36.044    u_cpu/core_inst/alu_iq/slot_uop_reg[10][psrc2_busy]
  -------------------------------------------------------------------
                         required time                         36.044    
                         arrival time                         -36.083    
  -------------------------------------------------------------------
                         slack                                 -0.039    

Slack (VIOLATED) :        -0.039ns  (required time - arrival time)
  Source:                 u_cpu/core_inst/rename/freelist/free_vec_reg[5]/C
                            (rising edge-triggered cell FDCE clocked by cpu_clk  {rise@0.000ns fall@15.278ns period=30.556ns})
  Destination:            u_cpu/core_inst/alu_iq/slot_uop_reg[10][psrc2_busy]/D
                            (rising edge-triggered cell FDRE clocked by cpu_clk  {rise@0.000ns fall@15.278ns period=30.556ns})
  Path Group:             cpu_clk
  Path Type:              Setup (Max at Slow Process Corner)
  Requirement:            30.556ns  (cpu_clk rise@30.556ns - cpu_clk rise@0.000ns)
  Data Path Delay:        30.428ns  (logic 5.790ns (19.028%)  route 24.638ns (80.972%))
  Logic Levels:           48  (LUT2=4 LUT3=1 LUT4=6 LUT5=8 LUT6=29)
  Clock Path Skew:        -0.136ns (DCD - SCD + CPR)
    Destination Clock Delay (DCD):    5.305ns = ( 35.860 - 30.556 ) 
    Source Clock Delay      (SCD):    5.655ns
    Clock Pessimism Removal (CPR):    0.214ns
  Clock Uncertainty:      0.060ns  ((TSJ^2 + DJ^2)^1/2) / 2 + PE
    Total System Jitter     (TSJ):    0.071ns
    Discrete Jitter          (DJ):    0.097ns
    Phase Error              (PE):    0.000ns

    Location             Delay type                Incr(ns)  Path(ns)    Netlist Resource(s)
  -------------------------------------------------------------------    -------------------
                         (clock cpu_clk rise edge)    0.000     0.000 r  
    AC19                                              0.000     0.000 r  clk (IN)
                         net (fo=0)                   0.000     0.000    clk
    AC19                                                              r  clk_IBUF_inst/I
    AC19                 IBUF (Prop_ibuf_I_O)         1.416     1.416 r  clk_IBUF_inst/O
                         net (fo=1, routed)           2.602     4.018    clk_IBUF
    BUFGCTRL_X0Y0                                                     r  clk_IBUF_BUFG_inst/I
    BUFGCTRL_X0Y0        BUFG (Prop_bufg_I_O)         0.081     4.099 r  clk_IBUF_BUFG_inst/O
                         net (fo=2000, routed)        1.536     5.635    fpga_pll.u_clk_pll/inst/clk_in1
    PLLE2_ADV_X0Y2                                                    r  fpga_pll.u_clk_pll/inst/plle2_adv_inst/CLKIN1
    PLLE2_ADV_X0Y2       PLLE2_ADV (Prop_plle2_adv_CLKIN1_CLKOUT0)
                                                     -3.173     2.461 r  fpga_pll.u_clk_pll/inst/plle2_adv_inst/CLKOUT0
                         net (fo=1, routed)           1.557     4.018    fpga_pll.u_clk_pll/inst/cpu_clk_clk_pll
    BUFGCTRL_X0Y2                                                     r  fpga_pll.u_clk_pll/inst/clkout1_buf/I
    BUFGCTRL_X0Y2        BUFG (Prop_bufg_I_O)         0.081     4.099 r  fpga_pll.u_clk_pll/inst/clkout1_buf/O
                         net (fo=59802, routed)       1.556     5.655    u_cpu/core_inst/rename/freelist/cpu_clk
    SLICE_X118Y71        FDCE                                         r  u_cpu/core_inst/rename/freelist/free_vec_reg[5]/C
  -------------------------------------------------------------------    -------------------
    SLICE_X118Y71        FDCE (Prop_fdce_C_Q)         0.379     6.034 r  u_cpu/core_inst/rename/freelist/free_vec_reg[5]/Q
                         net (fo=17, routed)          0.762     6.796    u_cpu/core_inst/rename/freelist/p_45_in
    SLICE_X121Y71                                                     r  u_cpu/core_inst/rename/freelist/rob_tail[4]_i_227/I2
    SLICE_X121Y71        LUT6 (Prop_lut6_I2_O)        0.105     6.901 r  u_cpu/core_inst/rename/freelist/rob_tail[4]_i_227/O
                         net (fo=7, routed)           0.518     7.419    u_cpu/core_inst/rename/freelist/rob_tail[4]_i_227_n_0
    SLICE_X119Y71                                                     r  u_cpu/core_inst/rename/freelist/rob_tail[4]_i_231/I5
    SLICE_X119Y71        LUT6 (Prop_lut6_I5_O)        0.105     7.524 r  u_cpu/core_inst/rename/freelist/rob_tail[4]_i_231/O
                         net (fo=4, routed)           0.472     7.996    u_cpu/core_inst/rename/freelist/rob_tail[4]_i_231_n_0
    SLICE_X120Y70                                                     r  u_cpu/core_inst/rename/freelist/rob_tail[4]_i_213/I0
    SLICE_X120Y70        LUT3 (Prop_lut3_I0_O)        0.105     8.101 r  u_cpu/core_inst/rename/freelist/rob_tail[4]_i_213/O
                         net (fo=1, routed)           0.671     8.771    u_cpu/core_inst/rename/freelist/rob_tail[4]_i_213_n_0
    SLICE_X119Y70                                                     r  u_cpu/core_inst/rename/freelist/rob_tail[4]_i_184/I5
    SLICE_X119Y70        LUT6 (Prop_lut6_I5_O)        0.105     8.876 f  u_cpu/core_inst/rename/freelist/rob_tail[4]_i_184/O
                         net (fo=2, routed)           0.477     9.353    u_cpu/core_inst/rename/freelist/rob_tail[4]_i_184_n_0
    SLICE_X119Y72                                                     f  u_cpu/core_inst/rename/freelist/rob_tail[4]_i_182/I3
    SLICE_X119Y72        LUT6 (Prop_lut6_I3_O)        0.105     9.458 r  u_cpu/core_inst/rename/freelist/rob_tail[4]_i_182/O
                         net (fo=3, routed)           0.332     9.790    u_cpu/core_inst/rename/freelist/rob_tail[4]_i_182_n_0
    SLICE_X119Y72                                                     r  u_cpu/core_inst/rename/freelist/rob_tail[4]_i_204/I3
    SLICE_X119Y72        LUT5 (Prop_lut5_I3_O)        0.105     9.895 r  u_cpu/core_inst/rename/freelist/rob_tail[4]_i_204/O
                         net (fo=4, routed)           0.528    10.423    u_cpu/core_inst/rename/freelist/rob_tail[4]_i_204_n_0
    SLICE_X117Y72                                                     r  u_cpu/core_inst/rename/freelist/rob_tail[4]_i_176/I3
    SLICE_X117Y72        LUT6 (Prop_lut6_I3_O)        0.105    10.528 r  u_cpu/core_inst/rename/freelist/rob_tail[4]_i_176/O
                         net (fo=13, routed)          0.397    10.925    u_cpu/core_inst/rename/freelist/rob_tail[4]_i_176_n_0
    SLICE_X122Y72                                                     r  u_cpu/core_inst/rename/freelist/rob_tail[4]_i_216/I2
    SLICE_X122Y72        LUT5 (Prop_lut5_I2_O)        0.105    11.030 r  u_cpu/core_inst/rename/freelist/rob_tail[4]_i_216/O
                         net (fo=4, routed)           0.569    11.599    u_cpu/core_inst/rename/freelist/rob_tail[4]_i_216_n_0
    SLICE_X124Y72                                                     r  u_cpu/core_inst/rename/freelist/rob_tail[4]_i_194/I0
    SLICE_X124Y72        LUT4 (Prop_lut4_I0_O)        0.105    11.704 f  u_cpu/core_inst/rename/freelist/rob_tail[4]_i_194/O
                         net (fo=3, routed)           0.536    12.240    u_cpu/core_inst/rename/freelist/rob_tail[4]_i_194_n_0
    SLICE_X124Y71                                                     f  u_cpu/core_inst/rename/freelist/rob_tail[4]_i_175/I1
    SLICE_X124Y71        LUT6 (Prop_lut6_I1_O)        0.105    12.345 f  u_cpu/core_inst/rename/freelist/rob_tail[4]_i_175/O
                         net (fo=3, routed)           0.648    12.993    u_cpu/core_inst/rename/freelist/rob_tail[4]_i_175_n_0
    SLICE_X122Y70                                                     f  u_cpu/core_inst/rename/freelist/rob_tail[4]_i_153/I4
    SLICE_X122Y70        LUT5 (Prop_lut5_I4_O)        0.105    13.098 r  u_cpu/core_inst/rename/freelist/rob_tail[4]_i_153/O
                         net (fo=3, routed)           0.547    13.646    u_cpu/core_inst/rename/freelist/rob_tail[4]_i_153_n_0
    SLICE_X122Y75                                                     r  u_cpu/core_inst/rename/freelist/rob_tail[4]_i_122/I1
    SLICE_X122Y75        LUT4 (Prop_lut4_I1_O)        0.105    13.751 r  u_cpu/core_inst/rename/freelist/rob_tail[4]_i_122/O
                         net (fo=4, routed)           0.538    14.289    u_cpu/core_inst/rename/freelist/rob_tail[4]_i_122_n_0
    SLICE_X120Y75                                                     r  u_cpu/core_inst/rename/freelist/rob_tail[4]_i_145/I4
    SLICE_X120Y75        LUT6 (Prop_lut6_I4_O)        0.105    14.394 r  u_cpu/core_inst/rename/freelist/rob_tail[4]_i_145/O
                         net (fo=2, routed)           0.697    15.091    u_cpu/core_inst/rename/freelist/rob_tail[4]_i_145_n_0
    SLICE_X121Y74                                                     r  u_cpu/core_inst/rename/freelist/rob_tail[4]_i_106/I4
    SLICE_X121Y74        LUT6 (Prop_lut6_I4_O)        0.105    15.196 r  u_cpu/core_inst/rename/freelist/rob_tail[4]_i_106/O
                         net (fo=11, routed)          0.422    15.619    u_cpu/core_inst/rename/freelist/rob_tail[4]_i_106_n_0
    SLICE_X120Y75                                                     r  u_cpu/core_inst/rename/freelist/rob_tail[4]_i_158/I1
    SLICE_X120Y75        LUT2 (Prop_lut2_I1_O)        0.105    15.724 r  u_cpu/core_inst/rename/freelist/rob_tail[4]_i_158/O
                         net (fo=5, routed)           0.726    16.449    u_cpu/core_inst/rename/freelist/rob_tail[4]_i_158_n_0
    SLICE_X123Y74                                                     r  u_cpu/core_inst/rename/freelist/rob_tail[4]_i_111/I5
    SLICE_X123Y74        LUT6 (Prop_lut6_I5_O)        0.105    16.554 f  u_cpu/core_inst/rename/freelist/rob_tail[4]_i_111/O
                         net (fo=9, routed)           0.648    17.203    u_cpu/core_inst/rename/freelist/rob_tail[4]_i_111_n_0
    SLICE_X120Y76                                                     f  u_cpu/core_inst/rename/freelist/rob_tail[4]_i_102/I2
    SLICE_X120Y76        LUT6 (Prop_lut6_I2_O)        0.105    17.308 r  u_cpu/core_inst/rename/freelist/rob_tail[4]_i_102/O
                         net (fo=3, routed)           0.501    17.809    u_cpu/core_inst/rename/freelist/rob_tail[4]_i_102_n_0
    SLICE_X118Y76                                                     r  u_cpu/core_inst/rename/freelist/rob_tail[4]_i_124/I3
    SLICE_X118Y76        LUT6 (Prop_lut6_I3_O)        0.105    17.914 r  u_cpu/core_inst/rename/freelist/rob_tail[4]_i_124/O
                         net (fo=3, routed)           0.397    18.311    u_cpu/core_inst/rename/freelist/rob_tail[4]_i_124_n_0
    SLICE_X119Y78                                                     r  u_cpu/core_inst/rename/freelist/rob_tail[4]_i_90/I5
    SLICE_X119Y78        LUT6 (Prop_lut6_I5_O)        0.105    18.416 f  u_cpu/core_inst/rename/freelist/rob_tail[4]_i_90/O
                         net (fo=8, routed)           0.451    18.867    u_cpu/core_inst/rename/freelist/rob_tail[4]_i_90_n_0
    SLICE_X118Y78                                                     f  u_cpu/core_inst/rename/freelist/rob_tail[4]_i_136/I2
    SLICE_X118Y78        LUT6 (Prop_lut6_I2_O)        0.105    18.972 f  u_cpu/core_inst/rename/freelist/rob_tail[4]_i_136/O
                         net (fo=5, routed)           0.377    19.350    u_cpu/core_inst/rename/freelist/rob_tail[4]_i_136_n_0
    SLICE_X118Y78                                                     f  u_cpu/core_inst/rename/freelist/rob_tail[4]_i_96/I5
    SLICE_X118Y78        LUT6 (Prop_lut6_I5_O)        0.105    19.455 f  u_cpu/core_inst/rename/freelist/rob_tail[4]_i_96/O
                         net (fo=3, routed)           0.525    19.980    u_cpu/core_inst/rename/freelist/rob_tail[4]_i_96_n_0
    SLICE_X117Y78                                                     f  u_cpu/core_inst/rename/freelist/rob_tail[4]_i_75/I0
    SLICE_X117Y78        LUT6 (Prop_lut6_I0_O)        0.105    20.085 r  u_cpu/core_inst/rename/freelist/rob_tail[4]_i_75/O
                         net (fo=9, routed)           0.539    20.624    u_cpu/core_inst/rename/freelist/rob_tail[4]_i_75_n_0
    SLICE_X116Y79                                                     r  u_cpu/core_inst/rename/freelist/rob_tail[4]_i_128/I3
    SLICE_X116Y79        LUT5 (Prop_lut5_I3_O)        0.105    20.729 r  u_cpu/core_inst/rename/freelist/rob_tail[4]_i_128/O
                         net (fo=3, routed)           0.364    21.092    u_cpu/core_inst/rename/freelist/rob_tail[4]_i_128_n_0
    SLICE_X114Y79                                                     r  u_cpu/core_inst/rename/freelist/rob_tail[4]_i_95/I4
    SLICE_X114Y79        LUT5 (Prop_lut5_I4_O)        0.105    21.197 r  u_cpu/core_inst/rename/freelist/rob_tail[4]_i_95/O
                         net (fo=1, routed)           0.651    21.848    u_cpu/core_inst/rename/freelist/rob_tail[4]_i_95_n_0
    SLICE_X113Y79                                                     r  u_cpu/core_inst/rename/freelist/rob_tail[4]_i_73/I5
    SLICE_X113Y79        LUT6 (Prop_lut6_I5_O)        0.105    21.953 f  u_cpu/core_inst/rename/freelist/rob_tail[4]_i_73/O
                         net (fo=2, routed)           0.385    22.338    u_cpu/core_inst/rename/freelist/rob_tail[4]_i_73_n_0
    SLICE_X108Y77                                                     f  u_cpu/core_inst/rename/freelist/rob_tail[4]_i_40/I0
    SLICE_X108Y77        LUT4 (Prop_lut4_I0_O)        0.105    22.443 r  u_cpu/core_inst/rename/freelist/rob_tail[4]_i_40/O
                         net (fo=2, routed)           0.343    22.787    u_cpu/core_inst/rename/freelist/rob_tail[4]_i_40_n_0
    SLICE_X108Y76                                                     r  u_cpu/core_inst/rename/freelist/rob_tail[4]_i_49/I0
    SLICE_X108Y76        LUT5 (Prop_lut5_I0_O)        0.105    22.892 r  u_cpu/core_inst/rename/freelist/rob_tail[4]_i_49/O
                         net (fo=2, routed)           0.367    23.259    u_cpu/core_inst/rename/freelist/rob_tail[4]_i_49_n_0
    SLICE_X107Y77                                                     r  u_cpu/core_inst/rename/freelist/rob_tail[4]_i_50/I3
    SLICE_X107Y77        LUT6 (Prop_lut6_I3_O)        0.105    23.364 r  u_cpu/core_inst/rename/freelist/rob_tail[4]_i_50/O
                         net (fo=9, routed)           0.469    23.833    u_cpu/core_inst/rename/freelist/rob_tail[4]_i_50_n_0
    SLICE_X107Y75                                                     r  u_cpu/core_inst/rename/freelist/rob_tail[4]_i_46/I3
    SLICE_X107Y75        LUT6 (Prop_lut6_I3_O)        0.105    23.938 r  u_cpu/core_inst/rename/freelist/rob_tail[4]_i_46/O
                         net (fo=2, routed)           0.663    24.602    u_cpu/core_inst/rename/freelist/rob_tail[4]_i_46_n_0
    SLICE_X105Y75                                                     r  u_cpu/core_inst/rename/freelist/rob_tail[4]_i_29/I1
    SLICE_X105Y75        LUT6 (Prop_lut6_I1_O)        0.105    24.707 f  u_cpu/core_inst/rename/freelist/rob_tail[4]_i_29/O
                         net (fo=2, routed)           0.464    25.170    u_cpu/core_inst/rename/freelist/rob_tail[4]_i_29_n_0
    SLICE_X105Y76                                                     f  u_cpu/core_inst/rename/freelist/rob_tail[4]_i_17/I1
    SLICE_X105Y76        LUT6 (Prop_lut6_I1_O)        0.105    25.275 f  u_cpu/core_inst/rename/freelist/rob_tail[4]_i_17/O
                         net (fo=1, routed)           0.403    25.679    u_cpu/core_inst/rename/freelist/rob_tail[4]_i_17_n_0
    SLICE_X103Y76                                                     f  u_cpu/core_inst/rename/freelist/rob_tail[4]_i_10/I3
    SLICE_X103Y76        LUT6 (Prop_lut6_I3_O)        0.105    25.784 r  u_cpu/core_inst/rename/freelist/rob_tail[4]_i_10/O
                         net (fo=1, routed)           0.243    26.027    u_cpu/core_inst/rename/freelist/rob_tail[4]_i_10_n_0
    SLICE_X101Y76                                                     r  u_cpu/core_inst/rename/freelist/rob_tail[4]_i_7/I2
    SLICE_X101Y76        LUT6 (Prop_lut6_I2_O)        0.105    26.132 f  u_cpu/core_inst/rename/freelist/rob_tail[4]_i_7/O
                         net (fo=4, routed)           0.498    26.629    u_cpu/core_inst/rename/freelist/dispatch_enable
    SLICE_X94Y76                                                      f  u_cpu/core_inst/rename/freelist/br_alloc_q[0][7]_i_6/I2
    SLICE_X94Y76         LUT6 (Prop_lut6_I2_O)        0.105    26.734 f  u_cpu/core_inst/rename/freelist/br_alloc_q[0][7]_i_6/O
                         net (fo=57, routed)          0.434    27.168    u_cpu/core_inst/rename/freelist/fl_alloc_en[0]
    SLICE_X97Y75                                                      f  u_cpu/core_inst/rename/freelist/free_vec[55]_i_4/I3
    SLICE_X97Y75         LUT4 (Prop_lut4_I3_O)        0.105    27.273 r  u_cpu/core_inst/rename/freelist/free_vec[55]_i_4/O
                         net (fo=37, routed)          0.584    27.858    u_cpu/core_inst/rename/freelist/free_vec[55]_i_4_n_0
    SLICE_X100Y74                                                     r  u_cpu/core_inst/rename/freelist/slot_uop[15][pdst][5]_i_38/I3
    SLICE_X100Y74        LUT5 (Prop_lut5_I3_O)        0.105    27.963 r  u_cpu/core_inst/rename/freelist/slot_uop[15][pdst][5]_i_38/O
                         net (fo=3, routed)           0.392    28.354    u_cpu/core_inst/rename/freelist/slot_uop[15][pdst][5]_i_38_n_0
    SLICE_X97Y73                                                      r  u_cpu/core_inst/rename/freelist/slot_uop[15][pdst][5]_i_20/I5
    SLICE_X97Y73         LUT6 (Prop_lut6_I5_O)        0.105    28.459 r  u_cpu/core_inst/rename/freelist/slot_uop[15][pdst][5]_i_20/O
                         net (fo=3, routed)           0.551    29.011    u_cpu/core_inst/rename/freelist/slot_uop[15][pdst][5]_i_20_n_0
    SLICE_X96Y73                                                      r  u_cpu/core_inst/rename/freelist/slot_uop[15][pdst][5]_i_7/I0
    SLICE_X96Y73         LUT2 (Prop_lut2_I0_O)        0.127    29.138 r  u_cpu/core_inst/rename/freelist/slot_uop[15][pdst][5]_i_7/O
                         net (fo=5, routed)           0.940    30.077    u_cpu/core_inst/rename/freelist/slot_uop[15][pdst][5]_i_7_n_0
    SLICE_X91Y70                                                      r  u_cpu/core_inst/rename/freelist/slot_uop[15][pdst][5]_i_3/I3
    SLICE_X91Y70         LUT6 (Prop_lut6_I3_O)        0.286    30.363 r  u_cpu/core_inst/rename/freelist/slot_uop[15][pdst][5]_i_3/O
                         net (fo=89, routed)          0.638    31.001    u_cpu/core_inst/rename/freelist/mt_write_preg[5]
    SLICE_X85Y72                                                      r  u_cpu/core_inst/rename/freelist/slot_uop[6][psrc2_busy]_i_89/I2
    SLICE_X85Y72         LUT4 (Prop_lut4_I2_O)        0.105    31.106 r  u_cpu/core_inst/rename/freelist/slot_uop[6][psrc2_busy]_i_89/O
                         net (fo=1, routed)           0.456    31.563    u_cpu/core_inst/rename/freelist/slot_uop[6][psrc2_busy]_i_89_n_0
    SLICE_X86Y72                                                      r  u_cpu/core_inst/rename/freelist/slot_uop[6][psrc2_busy]_i_56/I0
    SLICE_X86Y72         LUT5 (Prop_lut5_I0_O)        0.105    31.668 r  u_cpu/core_inst/rename/freelist/slot_uop[6][psrc2_busy]_i_56/O
                         net (fo=1, routed)           0.227    31.894    u_cpu/core_inst/rename/freelist/slot_uop[6][psrc2_busy]_i_56_n_0
    SLICE_X85Y72                                                      r  u_cpu/core_inst/rename/freelist/slot_uop[6][psrc2_busy]_i_31/I0
    SLICE_X85Y72         LUT6 (Prop_lut6_I0_O)        0.105    31.999 r  u_cpu/core_inst/rename/freelist/slot_uop[6][psrc2_busy]_i_31/O
                         net (fo=1, routed)           0.643    32.642    u_cpu/core_inst/rename/freelist/slot_uop[6][psrc2_busy]_i_31_n_0
    SLICE_X84Y74                                                      r  u_cpu/core_inst/rename/freelist/slot_uop[6][psrc2_busy]_i_13__1/I4
    SLICE_X84Y74         LUT6 (Prop_lut6_I4_O)        0.105    32.747 r  u_cpu/core_inst/rename/freelist/slot_uop[6][psrc2_busy]_i_13__1/O
                         net (fo=8, routed)           0.663    33.410    u_cpu/core_inst/rename/freelist/rn2_mask_q_reg[1]_0
    SLICE_X83Y72                                                      r  u_cpu/core_inst/rename/freelist/slot_uop[15][psrc2_busy]_i_11__0/I3
    SLICE_X83Y72         LUT4 (Prop_lut4_I3_O)        0.105    33.515 r  u_cpu/core_inst/rename/freelist/slot_uop[15][psrc2_busy]_i_11__0/O
                         net (fo=6, routed)           0.690    34.205    u_cpu/core_inst/gen_alu[0].alu_inst/iq_alu_dis_uop[0][psrc2_busy]
    SLICE_X85Y77                                                      r  u_cpu/core_inst/gen_alu[0].alu_inst/slot_uop[12][psrc2_busy]_i_6/I1
    SLICE_X85Y77         LUT2 (Prop_lut2_I1_O)        0.105    34.310 f  u_cpu/core_inst/gen_alu[0].alu_inst/slot_uop[12][psrc2_busy]_i_6/O
                         net (fo=3, routed)           0.216    34.527    u_cpu/core_inst/rename/freelist/slot_uop_reg[0][psrc2_busy]
    SLICE_X85Y77                                                      f  u_cpu/core_inst/rename/freelist/slot_uop[0][psrc2_busy]_i_2/I1
    SLICE_X85Y77         LUT2 (Prop_lut2_I1_O)        0.110    34.637 r  u_cpu/core_inst/rename/freelist/slot_uop[0][psrc2_busy]_i_2/O
                         net (fo=7, routed)           0.678    35.314    u_cpu/core_inst/alu_iq/slot_uop_reg[0][psrc2_busy]_0
    SLICE_X83Y84                                                      r  u_cpu/core_inst/alu_iq/slot_uop[10][psrc2_busy]_i_2/I5
    SLICE_X83Y84         LUT6 (Prop_lut6_I5_O)        0.268    35.582 r  u_cpu/core_inst/alu_iq/slot_uop[10][psrc2_busy]_i_2/O
                         net (fo=1, routed)           0.396    35.978    u_cpu/core_inst/alu_iq/slot_uop[10][psrc2_busy]_i_2_n_0
    SLICE_X81Y84                                                      r  u_cpu/core_inst/alu_iq/slot_uop[10][psrc2_busy]_i_1/I0
    SLICE_X81Y84         LUT6 (Prop_lut6_I0_O)        0.105    36.083 r  u_cpu/core_inst/alu_iq/slot_uop[10][psrc2_busy]_i_1/O
                         net (fo=1, routed)           0.000    36.083    u_cpu/core_inst/alu_iq/slot_uop[10][psrc2_busy]_i_1_n_0
    SLICE_X81Y84         FDRE                                         r  u_cpu/core_inst/alu_iq/slot_uop_reg[10][psrc2_busy]/D
  -------------------------------------------------------------------    -------------------

                         (clock cpu_clk rise edge)   30.556    30.556 r  
    AC19                                              0.000    30.556 r  clk (IN)
                         net (fo=0)                   0.000    30.556    clk
    AC19                                                              r  clk_IBUF_inst/I
    AC19                 IBUF (Prop_ibuf_I_O)         1.350    31.906 r  clk_IBUF_inst/O
                         net (fo=1, routed)           2.471    34.376    clk_IBUF
    BUFGCTRL_X0Y0                                                     r  clk_IBUF_BUFG_inst/I
    BUFGCTRL_X0Y0        BUFG (Prop_bufg_I_O)         0.077    34.453 r  clk_IBUF_BUFG_inst/O
                         net (fo=2000, routed)        1.434    35.887    fpga_pll.u_clk_pll/inst/clk_in1
    PLLE2_ADV_X0Y2                                                    r  fpga_pll.u_clk_pll/inst/plle2_adv_inst/CLKIN1
    PLLE2_ADV_X0Y2       PLLE2_ADV (Prop_plle2_adv_CLKIN1_CLKOUT0)
                                                     -2.995    32.892 r  fpga_pll.u_clk_pll/inst/plle2_adv_inst/CLKOUT0
                         net (fo=1, routed)           1.484    34.376    fpga_pll.u_clk_pll/inst/cpu_clk_clk_pll
    BUFGCTRL_X0Y2                                                     r  fpga_pll.u_clk_pll/inst/clkout1_buf/I
    BUFGCTRL_X0Y2        BUFG (Prop_bufg_I_O)         0.077    34.453 r  fpga_pll.u_clk_pll/inst/clkout1_buf/O
                         net (fo=59802, routed)       1.407    35.860    u_cpu/core_inst/alu_iq/cpu_clk
    SLICE_X81Y84         FDRE                                         r  u_cpu/core_inst/alu_iq/slot_uop_reg[10][psrc2_busy]/C
                         clock pessimism              0.214    36.074    
                         clock uncertainty           -0.060    36.014    
    SLICE_X81Y84         FDRE (Setup_fdre_C_D)        0.030    36.044    u_cpu/core_inst/alu_iq/slot_uop_reg[10][psrc2_busy]
  -------------------------------------------------------------------
                         required time                         36.044    
                         arrival time                         -36.083    
  -------------------------------------------------------------------
                         slack                                 -0.039    

Slack (VIOLATED) :        -0.039ns  (required time - arrival time)
  Source:                 u_cpu/core_inst/rename/freelist/free_vec_reg[5]/C
                            (rising edge-triggered cell FDCE clocked by cpu_clk  {rise@0.000ns fall@15.278ns period=30.556ns})
  Destination:            u_cpu/core_inst/alu_iq/slot_uop_reg[10][psrc2_busy]/D
                            (rising edge-triggered cell FDRE clocked by cpu_clk  {rise@0.000ns fall@15.278ns period=30.556ns})
  Path Group:             cpu_clk
  Path Type:              Setup (Max at Slow Process Corner)
  Requirement:            30.556ns  (cpu_clk rise@30.556ns - cpu_clk rise@0.000ns)
  Data Path Delay:        30.428ns  (logic 5.790ns (19.028%)  route 24.638ns (80.972%))
  Logic Levels:           48  (LUT2=4 LUT3=1 LUT4=6 LUT5=8 LUT6=29)
  Clock Path Skew:        -0.136ns (DCD - SCD + CPR)
    Destination Clock Delay (DCD):    5.305ns = ( 35.860 - 30.556 ) 
    Source Clock Delay      (SCD):    5.655ns
    Clock Pessimism Removal (CPR):    0.214ns
  Clock Uncertainty:      0.060ns  ((TSJ^2 + DJ^2)^1/2) / 2 + PE
    Total System Jitter     (TSJ):    0.071ns
    Discrete Jitter          (DJ):    0.097ns
    Phase Error              (PE):    0.000ns

    Location             Delay type                Incr(ns)  Path(ns)    Netlist Resource(s)
  -------------------------------------------------------------------    -------------------
                         (clock cpu_clk rise edge)    0.000     0.000 r  
    AC19                                              0.000     0.000 r  clk (IN)
                         net (fo=0)                   0.000     0.000    clk
    AC19                                                              r  clk_IBUF_inst/I
    AC19                 IBUF (Prop_ibuf_I_O)         1.416     1.416 r  clk_IBUF_inst/O
                         net (fo=1, routed)           2.602     4.018    clk_IBUF
    BUFGCTRL_X0Y0                                                     r  clk_IBUF_BUFG_inst/I
    BUFGCTRL_X0Y0        BUFG (Prop_bufg_I_O)         0.081     4.099 r  clk_IBUF_BUFG_inst/O
                         net (fo=2000, routed)        1.536     5.635    fpga_pll.u_clk_pll/inst/clk_in1
    PLLE2_ADV_X0Y2                                                    r  fpga_pll.u_clk_pll/inst/plle2_adv_inst/CLKIN1
    PLLE2_ADV_X0Y2       PLLE2_ADV (Prop_plle2_adv_CLKIN1_CLKOUT0)
                                                     -3.173     2.461 r  fpga_pll.u_clk_pll/inst/plle2_adv_inst/CLKOUT0
                         net (fo=1, routed)           1.557     4.018    fpga_pll.u_clk_pll/inst/cpu_clk_clk_pll
    BUFGCTRL_X0Y2                                                     r  fpga_pll.u_clk_pll/inst/clkout1_buf/I
    BUFGCTRL_X0Y2        BUFG (Prop_bufg_I_O)         0.081     4.099 r  fpga_pll.u_clk_pll/inst/clkout1_buf/O
                         net (fo=59802, routed)       1.556     5.655    u_cpu/core_inst/rename/freelist/cpu_clk
    SLICE_X118Y71        FDCE                                         r  u_cpu/core_inst/rename/freelist/free_vec_reg[5]/C
  -------------------------------------------------------------------    -------------------
    SLICE_X118Y71        FDCE (Prop_fdce_C_Q)         0.379     6.034 r  u_cpu/core_inst/rename/freelist/free_vec_reg[5]/Q
                         net (fo=17, routed)          0.762     6.796    u_cpu/core_inst/rename/freelist/p_45_in
    SLICE_X121Y71                                                     r  u_cpu/core_inst/rename/freelist/rob_tail[4]_i_227/I2
    SLICE_X121Y71        LUT6 (Prop_lut6_I2_O)        0.105     6.901 r  u_cpu/core_inst/rename/freelist/rob_tail[4]_i_227/O
                         net (fo=7, routed)           0.518     7.419    u_cpu/core_inst/rename/freelist/rob_tail[4]_i_227_n_0
    SLICE_X119Y71                                                     r  u_cpu/core_inst/rename/freelist/rob_tail[4]_i_231/I5
    SLICE_X119Y71        LUT6 (Prop_lut6_I5_O)        0.105     7.524 r  u_cpu/core_inst/rename/freelist/rob_tail[4]_i_231/O
                         net (fo=4, routed)           0.472     7.996    u_cpu/core_inst/rename/freelist/rob_tail[4]_i_231_n_0
    SLICE_X120Y70                                                     r  u_cpu/core_inst/rename/freelist/rob_tail[4]_i_213/I0
    SLICE_X120Y70        LUT3 (Prop_lut3_I0_O)        0.105     8.101 r  u_cpu/core_inst/rename/freelist/rob_tail[4]_i_213/O
                         net (fo=1, routed)           0.671     8.771    u_cpu/core_inst/rename/freelist/rob_tail[4]_i_213_n_0
    SLICE_X119Y70                                                     r  u_cpu/core_inst/rename/freelist/rob_tail[4]_i_184/I5
    SLICE_X119Y70        LUT6 (Prop_lut6_I5_O)        0.105     8.876 r  u_cpu/core_inst/rename/freelist/rob_tail[4]_i_184/O
                         net (fo=2, routed)           0.477     9.353    u_cpu/core_inst/rename/freelist/rob_tail[4]_i_184_n_0
    SLICE_X119Y72                                                     r  u_cpu/core_inst/rename/freelist/rob_tail[4]_i_182/I3
    SLICE_X119Y72        LUT6 (Prop_lut6_I3_O)        0.105     9.458 f  u_cpu/core_inst/rename/freelist/rob_tail[4]_i_182/O
                         net (fo=3, routed)           0.332     9.790    u_cpu/core_inst/rename/freelist/rob_tail[4]_i_182_n_0
    SLICE_X119Y72                                                     f  u_cpu/core_inst/rename/freelist/rob_tail[4]_i_204/I3
    SLICE_X119Y72        LUT5 (Prop_lut5_I3_O)        0.105     9.895 f  u_cpu/core_inst/rename/freelist/rob_tail[4]_i_204/O
                         net (fo=4, routed)           0.528    10.423    u_cpu/core_inst/rename/freelist/rob_tail[4]_i_204_n_0
    SLICE_X117Y72                                                     f  u_cpu/core_inst/rename/freelist/rob_tail[4]_i_176/I3
    SLICE_X117Y72        LUT6 (Prop_lut6_I3_O)        0.105    10.528 f  u_cpu/core_inst/rename/freelist/rob_tail[4]_i_176/O
                         net (fo=13, routed)          0.397    10.925    u_cpu/core_inst/rename/freelist/rob_tail[4]_i_176_n_0
    SLICE_X122Y72                                                     f  u_cpu/core_inst/rename/freelist/rob_tail[4]_i_216/I2
    SLICE_X122Y72        LUT5 (Prop_lut5_I2_O)        0.105    11.030 f  u_cpu/core_inst/rename/freelist/rob_tail[4]_i_216/O
                         net (fo=4, routed)           0.569    11.599    u_cpu/core_inst/rename/freelist/rob_tail[4]_i_216_n_0
    SLICE_X124Y72                                                     f  u_cpu/core_inst/rename/freelist/rob_tail[4]_i_194/I0
    SLICE_X124Y72        LUT4 (Prop_lut4_I0_O)        0.105    11.704 r  u_cpu/core_inst/rename/freelist/rob_tail[4]_i_194/O
                         net (fo=3, routed)           0.536    12.240    u_cpu/core_inst/rename/freelist/rob_tail[4]_i_194_n_0
    SLICE_X124Y71                                                     r  u_cpu/core_inst/rename/freelist/rob_tail[4]_i_175/I1
    SLICE_X124Y71        LUT6 (Prop_lut6_I1_O)        0.105    12.345 r  u_cpu/core_inst/rename/freelist/rob_tail[4]_i_175/O
                         net (fo=3, routed)           0.648    12.993    u_cpu/core_inst/rename/freelist/rob_tail[4]_i_175_n_0
    SLICE_X122Y70                                                     r  u_cpu/core_inst/rename/freelist/rob_tail[4]_i_153/I4
    SLICE_X122Y70        LUT5 (Prop_lut5_I4_O)        0.105    13.098 f  u_cpu/core_inst/rename/freelist/rob_tail[4]_i_153/O
                         net (fo=3, routed)           0.547    13.646    u_cpu/core_inst/rename/freelist/rob_tail[4]_i_153_n_0
    SLICE_X122Y75                                                     f  u_cpu/core_inst/rename/freelist/rob_tail[4]_i_122/I1
    SLICE_X122Y75        LUT4 (Prop_lut4_I1_O)        0.105    13.751 f  u_cpu/core_inst/rename/freelist/rob_tail[4]_i_122/O
                         net (fo=4, routed)           0.538    14.289    u_cpu/core_inst/rename/freelist/rob_tail[4]_i_122_n_0
    SLICE_X120Y75                                                     f  u_cpu/core_inst/rename/freelist/rob_tail[4]_i_145/I4
    SLICE_X120Y75        LUT6 (Prop_lut6_I4_O)        0.105    14.394 f  u_cpu/core_inst/rename/freelist/rob_tail[4]_i_145/O
                         net (fo=2, routed)           0.697    15.091    u_cpu/core_inst/rename/freelist/rob_tail[4]_i_145_n_0
    SLICE_X121Y74                                                     f  u_cpu/core_inst/rename/freelist/rob_tail[4]_i_106/I4
    SLICE_X121Y74        LUT6 (Prop_lut6_I4_O)        0.105    15.196 r  u_cpu/core_inst/rename/freelist/rob_tail[4]_i_106/O
                         net (fo=11, routed)          0.422    15.619    u_cpu/core_inst/rename/freelist/rob_tail[4]_i_106_n_0
    SLICE_X120Y75                                                     r  u_cpu/core_inst/rename/freelist/rob_tail[4]_i_158/I1
    SLICE_X120Y75        LUT2 (Prop_lut2_I1_O)        0.105    15.724 r  u_cpu/core_inst/rename/freelist/rob_tail[4]_i_158/O
                         net (fo=5, routed)           0.726    16.449    u_cpu/core_inst/rename/freelist/rob_tail[4]_i_158_n_0
    SLICE_X123Y74                                                     r  u_cpu/core_inst/rename/freelist/rob_tail[4]_i_111/I5
    SLICE_X123Y74        LUT6 (Prop_lut6_I5_O)        0.105    16.554 f  u_cpu/core_inst/rename/freelist/rob_tail[4]_i_111/O
                         net (fo=9, routed)           0.648    17.203    u_cpu/core_inst/rename/freelist/rob_tail[4]_i_111_n_0
    SLICE_X120Y76                                                     f  u_cpu/core_inst/rename/freelist/rob_tail[4]_i_102/I2
    SLICE_X120Y76        LUT6 (Prop_lut6_I2_O)        0.105    17.308 r  u_cpu/core_inst/rename/freelist/rob_tail[4]_i_102/O
                         net (fo=3, routed)           0.501    17.809    u_cpu/core_inst/rename/freelist/rob_tail[4]_i_102_n_0
    SLICE_X118Y76                                                     r  u_cpu/core_inst/rename/freelist/rob_tail[4]_i_124/I3
    SLICE_X118Y76        LUT6 (Prop_lut6_I3_O)        0.105    17.914 r  u_cpu/core_inst/rename/freelist/rob_tail[4]_i_124/O
                         net (fo=3, routed)           0.397    18.311    u_cpu/core_inst/rename/freelist/rob_tail[4]_i_124_n_0
    SLICE_X119Y78                                                     r  u_cpu/core_inst/rename/freelist/rob_tail[4]_i_90/I5
    SLICE_X119Y78        LUT6 (Prop_lut6_I5_O)        0.105    18.416 f  u_cpu/core_inst/rename/freelist/rob_tail[4]_i_90/O
                         net (fo=8, routed)           0.451    18.867    u_cpu/core_inst/rename/freelist/rob_tail[4]_i_90_n_0
    SLICE_X118Y78                                                     f  u_cpu/core_inst/rename/freelist/rob_tail[4]_i_136/I2
    SLICE_X118Y78        LUT6 (Prop_lut6_I2_O)        0.105    18.972 f  u_cpu/core_inst/rename/freelist/rob_tail[4]_i_136/O
                         net (fo=5, routed)           0.377    19.350    u_cpu/core_inst/rename/freelist/rob_tail[4]_i_136_n_0
    SLICE_X118Y78                                                     f  u_cpu/core_inst/rename/freelist/rob_tail[4]_i_96/I5
    SLICE_X118Y78        LUT6 (Prop_lut6_I5_O)        0.105    19.455 f  u_cpu/core_inst/rename/freelist/rob_tail[4]_i_96/O
                         net (fo=3, routed)           0.525    19.980    u_cpu/core_inst/rename/freelist/rob_tail[4]_i_96_n_0
    SLICE_X117Y78                                                     f  u_cpu/core_inst/rename/freelist/rob_tail[4]_i_75/I0
    SLICE_X117Y78        LUT6 (Prop_lut6_I0_O)        0.105    20.085 r  u_cpu/core_inst/rename/freelist/rob_tail[4]_i_75/O
                         net (fo=9, routed)           0.539    20.624    u_cpu/core_inst/rename/freelist/rob_tail[4]_i_75_n_0
    SLICE_X116Y79                                                     r  u_cpu/core_inst/rename/freelist/rob_tail[4]_i_128/I3
    SLICE_X116Y79        LUT5 (Prop_lut5_I3_O)        0.105    20.729 r  u_cpu/core_inst/rename/freelist/rob_tail[4]_i_128/O
                         net (fo=3, routed)           0.364    21.092    u_cpu/core_inst/rename/freelist/rob_tail[4]_i_128_n_0
    SLICE_X114Y79                                                     r  u_cpu/core_inst/rename/freelist/rob_tail[4]_i_95/I4
    SLICE_X114Y79        LUT5 (Prop_lut5_I4_O)        0.105    21.197 r  u_cpu/core_inst/rename/freelist/rob_tail[4]_i_95/O
                         net (fo=1, routed)           0.651    21.848    u_cpu/core_inst/rename/freelist/rob_tail[4]_i_95_n_0
    SLICE_X113Y79                                                     r  u_cpu/core_inst/rename/freelist/rob_tail[4]_i_73/I5
    SLICE_X113Y79        LUT6 (Prop_lut6_I5_O)        0.105    21.953 f  u_cpu/core_inst/rename/freelist/rob_tail[4]_i_73/O
                         net (fo=2, routed)           0.385    22.338    u_cpu/core_inst/rename/freelist/rob_tail[4]_i_73_n_0
    SLICE_X108Y77                                                     f  u_cpu/core_inst/rename/freelist/rob_tail[4]_i_40/I0
    SLICE_X108Y77        LUT4 (Prop_lut4_I0_O)        0.105    22.443 r  u_cpu/core_inst/rename/freelist/rob_tail[4]_i_40/O
                         net (fo=2, routed)           0.343    22.787    u_cpu/core_inst/rename/freelist/rob_tail[4]_i_40_n_0
    SLICE_X108Y76                                                     r  u_cpu/core_inst/rename/freelist/rob_tail[4]_i_49/I0
    SLICE_X108Y76        LUT5 (Prop_lut5_I0_O)        0.105    22.892 r  u_cpu/core_inst/rename/freelist/rob_tail[4]_i_49/O
                         net (fo=2, routed)           0.367    23.259    u_cpu/core_inst/rename/freelist/rob_tail[4]_i_49_n_0
    SLICE_X107Y77                                                     r  u_cpu/core_inst/rename/freelist/rob_tail[4]_i_50/I3
    SLICE_X107Y77        LUT6 (Prop_lut6_I3_O)        0.105    23.364 r  u_cpu/core_inst/rename/freelist/rob_tail[4]_i_50/O
                         net (fo=9, routed)           0.469    23.833    u_cpu/core_inst/rename/freelist/rob_tail[4]_i_50_n_0
    SLICE_X107Y75                                                     r  u_cpu/core_inst/rename/freelist/rob_tail[4]_i_46/I3
    SLICE_X107Y75        LUT6 (Prop_lut6_I3_O)        0.105    23.938 r  u_cpu/core_inst/rename/freelist/rob_tail[4]_i_46/O
                         net (fo=2, routed)           0.663    24.602    u_cpu/core_inst/rename/freelist/rob_tail[4]_i_46_n_0
    SLICE_X105Y75                                                     r  u_cpu/core_inst/rename/freelist/rob_tail[4]_i_29/I1
    SLICE_X105Y75        LUT6 (Prop_lut6_I1_O)        0.105    24.707 f  u_cpu/core_inst/rename/freelist/rob_tail[4]_i_29/O
                         net (fo=2, routed)           0.464    25.170    u_cpu/core_inst/rename/freelist/rob_tail[4]_i_29_n_0
    SLICE_X105Y76                                                     f  u_cpu/core_inst/rename/freelist/rob_tail[4]_i_17/I1
    SLICE_X105Y76        LUT6 (Prop_lut6_I1_O)        0.105    25.275 f  u_cpu/core_inst/rename/freelist/rob_tail[4]_i_17/O
                         net (fo=1, routed)           0.403    25.679    u_cpu/core_inst/rename/freelist/rob_tail[4]_i_17_n_0
    SLICE_X103Y76                                                     f  u_cpu/core_inst/rename/freelist/rob_tail[4]_i_10/I3
    SLICE_X103Y76        LUT6 (Prop_lut6_I3_O)        0.105    25.784 r  u_cpu/core_inst/rename/freelist/rob_tail[4]_i_10/O
                         net (fo=1, routed)           0.243    26.027    u_cpu/core_inst/rename/freelist/rob_tail[4]_i_10_n_0
    SLICE_X101Y76                                                     r  u_cpu/core_inst/rename/freelist/rob_tail[4]_i_7/I2
    SLICE_X101Y76        LUT6 (Prop_lut6_I2_O)        0.105    26.132 f  u_cpu/core_inst/rename/freelist/rob_tail[4]_i_7/O
                         net (fo=4, routed)           0.498    26.629    u_cpu/core_inst/rename/freelist/dispatch_enable
    SLICE_X94Y76                                                      f  u_cpu/core_inst/rename/freelist/br_alloc_q[0][7]_i_6/I2
    SLICE_X94Y76         LUT6 (Prop_lut6_I2_O)        0.105    26.734 f  u_cpu/core_inst/rename/freelist/br_alloc_q[0][7]_i_6/O
                         net (fo=57, routed)          0.434    27.168    u_cpu/core_inst/rename/freelist/fl_alloc_en[0]
    SLICE_X97Y75                                                      f  u_cpu/core_inst/rename/freelist/free_vec[55]_i_4/I3
    SLICE_X97Y75         LUT4 (Prop_lut4_I3_O)        0.105    27.273 r  u_cpu/core_inst/rename/freelist/free_vec[55]_i_4/O
                         net (fo=37, routed)          0.584    27.858    u_cpu/core_inst/rename/freelist/free_vec[55]_i_4_n_0
    SLICE_X100Y74                                                     r  u_cpu/core_inst/rename/freelist/slot_uop[15][pdst][5]_i_38/I3
    SLICE_X100Y74        LUT5 (Prop_lut5_I3_O)        0.105    27.963 r  u_cpu/core_inst/rename/freelist/slot_uop[15][pdst][5]_i_38/O
                         net (fo=3, routed)           0.392    28.354    u_cpu/core_inst/rename/freelist/slot_uop[15][pdst][5]_i_38_n_0
    SLICE_X97Y73                                                      r  u_cpu/core_inst/rename/freelist/slot_uop[15][pdst][5]_i_20/I5
    SLICE_X97Y73         LUT6 (Prop_lut6_I5_O)        0.105    28.459 r  u_cpu/core_inst/rename/freelist/slot_uop[15][pdst][5]_i_20/O
                         net (fo=3, routed)           0.551    29.011    u_cpu/core_inst/rename/freelist/slot_uop[15][pdst][5]_i_20_n_0
    SLICE_X96Y73                                                      r  u_cpu/core_inst/rename/freelist/slot_uop[15][pdst][5]_i_7/I0
    SLICE_X96Y73         LUT2 (Prop_lut2_I0_O)        0.127    29.138 r  u_cpu/core_inst/rename/freelist/slot_uop[15][pdst][5]_i_7/O
                         net (fo=5, routed)           0.940    30.077    u_cpu/core_inst/rename/freelist/slot_uop[15][pdst][5]_i_7_n_0
    SLICE_X91Y70                                                      r  u_cpu/core_inst/rename/freelist/slot_uop[15][pdst][5]_i_3/I3
    SLICE_X91Y70         LUT6 (Prop_lut6_I3_O)        0.286    30.363 r  u_cpu/core_inst/rename/freelist/slot_uop[15][pdst][5]_i_3/O
                         net (fo=89, routed)          0.638    31.001    u_cpu/core_inst/rename/freelist/mt_write_preg[5]
    SLICE_X85Y72                                                      r  u_cpu/core_inst/rename/freelist/slot_uop[6][psrc2_busy]_i_89/I2
    SLICE_X85Y72         LUT4 (Prop_lut4_I2_O)        0.105    31.106 r  u_cpu/core_inst/rename/freelist/slot_uop[6][psrc2_busy]_i_89/O
                         net (fo=1, routed)           0.456    31.563    u_cpu/core_inst/rename/freelist/slot_uop[6][psrc2_busy]_i_89_n_0
    SLICE_X86Y72                                                      r  u_cpu/core_inst/rename/freelist/slot_uop[6][psrc2_busy]_i_56/I0
    SLICE_X86Y72         LUT5 (Prop_lut5_I0_O)        0.105    31.668 r  u_cpu/core_inst/rename/freelist/slot_uop[6][psrc2_busy]_i_56/O
                         net (fo=1, routed)           0.227    31.894    u_cpu/core_inst/rename/freelist/slot_uop[6][psrc2_busy]_i_56_n_0
    SLICE_X85Y72                                                      r  u_cpu/core_inst/rename/freelist/slot_uop[6][psrc2_busy]_i_31/I0
    SLICE_X85Y72         LUT6 (Prop_lut6_I0_O)        0.105    31.999 r  u_cpu/core_inst/rename/freelist/slot_uop[6][psrc2_busy]_i_31/O
                         net (fo=1, routed)           0.643    32.642    u_cpu/core_inst/rename/freelist/slot_uop[6][psrc2_busy]_i_31_n_0
    SLICE_X84Y74                                                      r  u_cpu/core_inst/rename/freelist/slot_uop[6][psrc2_busy]_i_13__1/I4
    SLICE_X84Y74         LUT6 (Prop_lut6_I4_O)        0.105    32.747 r  u_cpu/core_inst/rename/freelist/slot_uop[6][psrc2_busy]_i_13__1/O
                         net (fo=8, routed)           0.663    33.410    u_cpu/core_inst/rename/freelist/rn2_mask_q_reg[1]_0
    SLICE_X83Y72                                                      r  u_cpu/core_inst/rename/freelist/slot_uop[15][psrc2_busy]_i_11__0/I3
    SLICE_X83Y72         LUT4 (Prop_lut4_I3_O)        0.105    33.515 r  u_cpu/core_inst/rename/freelist/slot_uop[15][psrc2_busy]_i_11__0/O
                         net (fo=6, routed)           0.690    34.205    u_cpu/core_inst/gen_alu[0].alu_inst/iq_alu_dis_uop[0][psrc2_busy]
    SLICE_X85Y77                                                      r  u_cpu/core_inst/gen_alu[0].alu_inst/slot_uop[12][psrc2_busy]_i_6/I1
    SLICE_X85Y77         LUT2 (Prop_lut2_I1_O)        0.105    34.310 f  u_cpu/core_inst/gen_alu[0].alu_inst/slot_uop[12][psrc2_busy]_i_6/O
                         net (fo=3, routed)           0.216    34.527    u_cpu/core_inst/rename/freelist/slot_uop_reg[0][psrc2_busy]
    SLICE_X85Y77                                                      f  u_cpu/core_inst/rename/freelist/slot_uop[0][psrc2_busy]_i_2/I1
    SLICE_X85Y77         LUT2 (Prop_lut2_I1_O)        0.110    34.637 r  u_cpu/core_inst/rename/freelist/slot_uop[0][psrc2_busy]_i_2/O
                         net (fo=7, routed)           0.678    35.314    u_cpu/core_inst/alu_iq/slot_uop_reg[0][psrc2_busy]_0
    SLICE_X83Y84                                                      r  u_cpu/core_inst/alu_iq/slot_uop[10][psrc2_busy]_i_2/I5
    SLICE_X83Y84         LUT6 (Prop_lut6_I5_O)        0.268    35.582 r  u_cpu/core_inst/alu_iq/slot_uop[10][psrc2_busy]_i_2/O
                         net (fo=1, routed)           0.396    35.978    u_cpu/core_inst/alu_iq/slot_uop[10][psrc2_busy]_i_2_n_0
    SLICE_X81Y84                                                      r  u_cpu/core_inst/alu_iq/slot_uop[10][psrc2_busy]_i_1/I0
    SLICE_X81Y84         LUT6 (Prop_lut6_I0_O)        0.105    36.083 r  u_cpu/core_inst/alu_iq/slot_uop[10][psrc2_busy]_i_1/O
                         net (fo=1, routed)           0.000    36.083    u_cpu/core_inst/alu_iq/slot_uop[10][psrc2_busy]_i_1_n_0
    SLICE_X81Y84         FDRE                                         r  u_cpu/core_inst/alu_iq/slot_uop_reg[10][psrc2_busy]/D
  -------------------------------------------------------------------    -------------------

                         (clock cpu_clk rise edge)   30.556    30.556 r  
    AC19                                              0.000    30.556 r  clk (IN)
                         net (fo=0)                   0.000    30.556    clk
    AC19                                                              r  clk_IBUF_inst/I
    AC19                 IBUF (Prop_ibuf_I_O)         1.350    31.906 r  clk_IBUF_inst/O
                         net (fo=1, routed)           2.471    34.376    clk_IBUF
    BUFGCTRL_X0Y0                                                     r  clk_IBUF_BUFG_inst/I
    BUFGCTRL_X0Y0        BUFG (Prop_bufg_I_O)         0.077    34.453 r  clk_IBUF_BUFG_inst/O
                         net (fo=2000, routed)        1.434    35.887    fpga_pll.u_clk_pll/inst/clk_in1
    PLLE2_ADV_X0Y2                                                    r  fpga_pll.u_clk_pll/inst/plle2_adv_inst/CLKIN1
    PLLE2_ADV_X0Y2       PLLE2_ADV (Prop_plle2_adv_CLKIN1_CLKOUT0)
                                                     -2.995    32.892 r  fpga_pll.u_clk_pll/inst/plle2_adv_inst/CLKOUT0
                         net (fo=1, routed)           1.484    34.376    fpga_pll.u_clk_pll/inst/cpu_clk_clk_pll
    BUFGCTRL_X0Y2                                                     r  fpga_pll.u_clk_pll/inst/clkout1_buf/I
    BUFGCTRL_X0Y2        BUFG (Prop_bufg_I_O)         0.077    34.453 r  fpga_pll.u_clk_pll/inst/clkout1_buf/O
                         net (fo=59802, routed)       1.407    35.860    u_cpu/core_inst/alu_iq/cpu_clk
    SLICE_X81Y84         FDRE                                         r  u_cpu/core_inst/alu_iq/slot_uop_reg[10][psrc2_busy]/C
                         clock pessimism              0.214    36.074    
                         clock uncertainty           -0.060    36.014    
    SLICE_X81Y84         FDRE (Setup_fdre_C_D)        0.030    36.044    u_cpu/core_inst/alu_iq/slot_uop_reg[10][psrc2_busy]
  -------------------------------------------------------------------
                         required time                         36.044    
                         arrival time                         -36.083    
  -------------------------------------------------------------------
                         slack                                 -0.039    

Slack (VIOLATED) :        -0.039ns  (required time - arrival time)
  Source:                 u_cpu/core_inst/rename/freelist/free_vec_reg[5]/C
                            (rising edge-triggered cell FDCE clocked by cpu_clk  {rise@0.000ns fall@15.278ns period=30.556ns})
  Destination:            u_cpu/core_inst/alu_iq/slot_uop_reg[10][psrc2_busy]/D
                            (rising edge-triggered cell FDRE clocked by cpu_clk  {rise@0.000ns fall@15.278ns period=30.556ns})
  Path Group:             cpu_clk
  Path Type:              Setup (Max at Slow Process Corner)
  Requirement:            30.556ns  (cpu_clk rise@30.556ns - cpu_clk rise@0.000ns)
  Data Path Delay:        30.428ns  (logic 5.790ns (19.028%)  route 24.638ns (80.972%))
  Logic Levels:           48  (LUT2=4 LUT3=1 LUT4=6 LUT5=8 LUT6=29)
  Clock Path Skew:        -0.136ns (DCD - SCD + CPR)
    Destination Clock Delay (DCD):    5.305ns = ( 35.860 - 30.556 ) 
    Source Clock Delay      (SCD):    5.655ns
    Clock Pessimism Removal (CPR):    0.214ns
  Clock Uncertainty:      0.060ns  ((TSJ^2 + DJ^2)^1/2) / 2 + PE
    Total System Jitter     (TSJ):    0.071ns
    Discrete Jitter          (DJ):    0.097ns
    Phase Error              (PE):    0.000ns

    Location             Delay type                Incr(ns)  Path(ns)    Netlist Resource(s)
  -------------------------------------------------------------------    -------------------
                         (clock cpu_clk rise edge)    0.000     0.000 r  
    AC19                                              0.000     0.000 r  clk (IN)
                         net (fo=0)                   0.000     0.000    clk
    AC19                                                              r  clk_IBUF_inst/I
    AC19                 IBUF (Prop_ibuf_I_O)         1.416     1.416 r  clk_IBUF_inst/O
                         net (fo=1, routed)           2.602     4.018    clk_IBUF
    BUFGCTRL_X0Y0                                                     r  clk_IBUF_BUFG_inst/I
    BUFGCTRL_X0Y0        BUFG (Prop_bufg_I_O)         0.081     4.099 r  clk_IBUF_BUFG_inst/O
                         net (fo=2000, routed)        1.536     5.635    fpga_pll.u_clk_pll/inst/clk_in1
    PLLE2_ADV_X0Y2                                                    r  fpga_pll.u_clk_pll/inst/plle2_adv_inst/CLKIN1
    PLLE2_ADV_X0Y2       PLLE2_ADV (Prop_plle2_adv_CLKIN1_CLKOUT0)
                                                     -3.173     2.461 r  fpga_pll.u_clk_pll/inst/plle2_adv_inst/CLKOUT0
                         net (fo=1, routed)           1.557     4.018    fpga_pll.u_clk_pll/inst/cpu_clk_clk_pll
    BUFGCTRL_X0Y2                                                     r  fpga_pll.u_clk_pll/inst/clkout1_buf/I
    BUFGCTRL_X0Y2        BUFG (Prop_bufg_I_O)         0.081     4.099 r  fpga_pll.u_clk_pll/inst/clkout1_buf/O
                         net (fo=59802, routed)       1.556     5.655    u_cpu/core_inst/rename/freelist/cpu_clk
    SLICE_X118Y71        FDCE                                         r  u_cpu/core_inst/rename/freelist/free_vec_reg[5]/C
  -------------------------------------------------------------------    -------------------
    SLICE_X118Y71        FDCE (Prop_fdce_C_Q)         0.379     6.034 f  u_cpu/core_inst/rename/freelist/free_vec_reg[5]/Q
                         net (fo=17, routed)          0.762     6.796    u_cpu/core_inst/rename/freelist/p_45_in
    SLICE_X121Y71                                                     f  u_cpu/core_inst/rename/freelist/rob_tail[4]_i_227/I2
    SLICE_X121Y71        LUT6 (Prop_lut6_I2_O)        0.105     6.901 f  u_cpu/core_inst/rename/freelist/rob_tail[4]_i_227/O
                         net (fo=7, routed)           0.518     7.419    u_cpu/core_inst/rename/freelist/rob_tail[4]_i_227_n_0
    SLICE_X119Y71                                                     f  u_cpu/core_inst/rename/freelist/rob_tail[4]_i_231/I5
    SLICE_X119Y71        LUT6 (Prop_lut6_I5_O)        0.105     7.524 f  u_cpu/core_inst/rename/freelist/rob_tail[4]_i_231/O
                         net (fo=4, routed)           0.472     7.996    u_cpu/core_inst/rename/freelist/rob_tail[4]_i_231_n_0
    SLICE_X120Y70                                                     f  u_cpu/core_inst/rename/freelist/rob_tail[4]_i_213/I0
    SLICE_X120Y70        LUT3 (Prop_lut3_I0_O)        0.105     8.101 f  u_cpu/core_inst/rename/freelist/rob_tail[4]_i_213/O
                         net (fo=1, routed)           0.671     8.771    u_cpu/core_inst/rename/freelist/rob_tail[4]_i_213_n_0
    SLICE_X119Y70                                                     f  u_cpu/core_inst/rename/freelist/rob_tail[4]_i_184/I5
    SLICE_X119Y70        LUT6 (Prop_lut6_I5_O)        0.105     8.876 r  u_cpu/core_inst/rename/freelist/rob_tail[4]_i_184/O
                         net (fo=2, routed)           0.477     9.353    u_cpu/core_inst/rename/freelist/rob_tail[4]_i_184_n_0
    SLICE_X119Y72                                                     r  u_cpu/core_inst/rename/freelist/rob_tail[4]_i_182/I3
    SLICE_X119Y72        LUT6 (Prop_lut6_I3_O)        0.105     9.458 f  u_cpu/core_inst/rename/freelist/rob_tail[4]_i_182/O
                         net (fo=3, routed)           0.332     9.790    u_cpu/core_inst/rename/freelist/rob_tail[4]_i_182_n_0
    SLICE_X119Y72                                                     f  u_cpu/core_inst/rename/freelist/rob_tail[4]_i_204/I3
    SLICE_X119Y72        LUT5 (Prop_lut5_I3_O)        0.105     9.895 f  u_cpu/core_inst/rename/freelist/rob_tail[4]_i_204/O
                         net (fo=4, routed)           0.528    10.423    u_cpu/core_inst/rename/freelist/rob_tail[4]_i_204_n_0
    SLICE_X117Y72                                                     f  u_cpu/core_inst/rename/freelist/rob_tail[4]_i_176/I3
    SLICE_X117Y72        LUT6 (Prop_lut6_I3_O)        0.105    10.528 f  u_cpu/core_inst/rename/freelist/rob_tail[4]_i_176/O
                         net (fo=13, routed)          0.397    10.925    u_cpu/core_inst/rename/freelist/rob_tail[4]_i_176_n_0
    SLICE_X122Y72                                                     f  u_cpu/core_inst/rename/freelist/rob_tail[4]_i_216/I2
    SLICE_X122Y72        LUT5 (Prop_lut5_I2_O)        0.105    11.030 f  u_cpu/core_inst/rename/freelist/rob_tail[4]_i_216/O
                         net (fo=4, routed)           0.569    11.599    u_cpu/core_inst/rename/freelist/rob_tail[4]_i_216_n_0
    SLICE_X124Y72                                                     f  u_cpu/core_inst/rename/freelist/rob_tail[4]_i_194/I0
    SLICE_X124Y72        LUT4 (Prop_lut4_I0_O)        0.105    11.704 r  u_cpu/core_inst/rename/freelist/rob_tail[4]_i_194/O
                         net (fo=3, routed)           0.536    12.240    u_cpu/core_inst/rename/freelist/rob_tail[4]_i_194_n_0
    SLICE_X124Y71                                                     r  u_cpu/core_inst/rename/freelist/rob_tail[4]_i_175/I1
    SLICE_X124Y71        LUT6 (Prop_lut6_I1_O)        0.105    12.345 r  u_cpu/core_inst/rename/freelist/rob_tail[4]_i_175/O
                         net (fo=3, routed)           0.648    12.993    u_cpu/core_inst/rename/freelist/rob_tail[4]_i_175_n_0
    SLICE_X122Y70                                                     r  u_cpu/core_inst/rename/freelist/rob_tail[4]_i_153/I4
    SLICE_X122Y70        LUT5 (Prop_lut5_I4_O)        0.105    13.098 f  u_cpu/core_inst/rename/freelist/rob_tail[4]_i_153/O
                         net (fo=3, routed)           0.547    13.646    u_cpu/core_inst/rename/freelist/rob_tail[4]_i_153_n_0
    SLICE_X122Y75                                                     f  u_cpu/core_inst/rename/freelist/rob_tail[4]_i_122/I1
    SLICE_X122Y75        LUT4 (Prop_lut4_I1_O)        0.105    13.751 f  u_cpu/core_inst/rename/freelist/rob_tail[4]_i_122/O
                         net (fo=4, routed)           0.538    14.289    u_cpu/core_inst/rename/freelist/rob_tail[4]_i_122_n_0
    SLICE_X120Y75                                                     f  u_cpu/core_inst/rename/freelist/rob_tail[4]_i_145/I4
    SLICE_X120Y75        LUT6 (Prop_lut6_I4_O)        0.105    14.394 f  u_cpu/core_inst/rename/freelist/rob_tail[4]_i_145/O
                         net (fo=2, routed)           0.697    15.091    u_cpu/core_inst/rename/freelist/rob_tail[4]_i_145_n_0
    SLICE_X121Y74                                                     f  u_cpu/core_inst/rename/freelist/rob_tail[4]_i_106/I4
    SLICE_X121Y74        LUT6 (Prop_lut6_I4_O)        0.105    15.196 r  u_cpu/core_inst/rename/freelist/rob_tail[4]_i_106/O
                         net (fo=11, routed)          0.422    15.619    u_cpu/core_inst/rename/freelist/rob_tail[4]_i_106_n_0
    SLICE_X120Y75                                                     r  u_cpu/core_inst/rename/freelist/rob_tail[4]_i_158/I1
    SLICE_X120Y75        LUT2 (Prop_lut2_I1_O)        0.105    15.724 r  u_cpu/core_inst/rename/freelist/rob_tail[4]_i_158/O
                         net (fo=5, routed)           0.726    16.449    u_cpu/core_inst/rename/freelist/rob_tail[4]_i_158_n_0
    SLICE_X123Y74                                                     r  u_cpu/core_inst/rename/freelist/rob_tail[4]_i_111/I5
    SLICE_X123Y74        LUT6 (Prop_lut6_I5_O)        0.105    16.554 f  u_cpu/core_inst/rename/freelist/rob_tail[4]_i_111/O
                         net (fo=9, routed)           0.648    17.203    u_cpu/core_inst/rename/freelist/rob_tail[4]_i_111_n_0
    SLICE_X120Y76                                                     f  u_cpu/core_inst/rename/freelist/rob_tail[4]_i_102/I2
    SLICE_X120Y76        LUT6 (Prop_lut6_I2_O)        0.105    17.308 r  u_cpu/core_inst/rename/freelist/rob_tail[4]_i_102/O
                         net (fo=3, routed)           0.501    17.809    u_cpu/core_inst/rename/freelist/rob_tail[4]_i_102_n_0
    SLICE_X118Y76                                                     r  u_cpu/core_inst/rename/freelist/rob_tail[4]_i_124/I3
    SLICE_X118Y76        LUT6 (Prop_lut6_I3_O)        0.105    17.914 r  u_cpu/core_inst/rename/freelist/rob_tail[4]_i_124/O
                         net (fo=3, routed)           0.397    18.311    u_cpu/core_inst/rename/freelist/rob_tail[4]_i_124_n_0
    SLICE_X119Y78                                                     r  u_cpu/core_inst/rename/freelist/rob_tail[4]_i_90/I5
    SLICE_X119Y78        LUT6 (Prop_lut6_I5_O)        0.105    18.416 f  u_cpu/core_inst/rename/freelist/rob_tail[4]_i_90/O
                         net (fo=8, routed)           0.451    18.867    u_cpu/core_inst/rename/freelist/rob_tail[4]_i_90_n_0
    SLICE_X118Y78                                                     f  u_cpu/core_inst/rename/freelist/rob_tail[4]_i_136/I2
    SLICE_X118Y78        LUT6 (Prop_lut6_I2_O)        0.105    18.972 f  u_cpu/core_inst/rename/freelist/rob_tail[4]_i_136/O
                         net (fo=5, routed)           0.377    19.350    u_cpu/core_inst/rename/freelist/rob_tail[4]_i_136_n_0
    SLICE_X118Y78                                                     f  u_cpu/core_inst/rename/freelist/rob_tail[4]_i_96/I5
    SLICE_X118Y78        LUT6 (Prop_lut6_I5_O)        0.105    19.455 f  u_cpu/core_inst/rename/freelist/rob_tail[4]_i_96/O
                         net (fo=3, routed)           0.525    19.980    u_cpu/core_inst/rename/freelist/rob_tail[4]_i_96_n_0
    SLICE_X117Y78                                                     f  u_cpu/core_inst/rename/freelist/rob_tail[4]_i_75/I0
    SLICE_X117Y78        LUT6 (Prop_lut6_I0_O)        0.105    20.085 r  u_cpu/core_inst/rename/freelist/rob_tail[4]_i_75/O
                         net (fo=9, routed)           0.539    20.624    u_cpu/core_inst/rename/freelist/rob_tail[4]_i_75_n_0
    SLICE_X116Y79                                                     r  u_cpu/core_inst/rename/freelist/rob_tail[4]_i_128/I3
    SLICE_X116Y79        LUT5 (Prop_lut5_I3_O)        0.105    20.729 r  u_cpu/core_inst/rename/freelist/rob_tail[4]_i_128/O
                         net (fo=3, routed)           0.364    21.092    u_cpu/core_inst/rename/freelist/rob_tail[4]_i_128_n_0
    SLICE_X114Y79                                                     r  u_cpu/core_inst/rename/freelist/rob_tail[4]_i_95/I4
    SLICE_X114Y79        LUT5 (Prop_lut5_I4_O)        0.105    21.197 r  u_cpu/core_inst/rename/freelist/rob_tail[4]_i_95/O
                         net (fo=1, routed)           0.651    21.848    u_cpu/core_inst/rename/freelist/rob_tail[4]_i_95_n_0
    SLICE_X113Y79                                                     r  u_cpu/core_inst/rename/freelist/rob_tail[4]_i_73/I5
    SLICE_X113Y79        LUT6 (Prop_lut6_I5_O)        0.105    21.953 f  u_cpu/core_inst/rename/freelist/rob_tail[4]_i_73/O
                         net (fo=2, routed)           0.385    22.338    u_cpu/core_inst/rename/freelist/rob_tail[4]_i_73_n_0
    SLICE_X108Y77                                                     f  u_cpu/core_inst/rename/freelist/rob_tail[4]_i_40/I0
    SLICE_X108Y77        LUT4 (Prop_lut4_I0_O)        0.105    22.443 r  u_cpu/core_inst/rename/freelist/rob_tail[4]_i_40/O
                         net (fo=2, routed)           0.343    22.787    u_cpu/core_inst/rename/freelist/rob_tail[4]_i_40_n_0
    SLICE_X108Y76                                                     r  u_cpu/core_inst/rename/freelist/rob_tail[4]_i_49/I0
    SLICE_X108Y76        LUT5 (Prop_lut5_I0_O)        0.105    22.892 r  u_cpu/core_inst/rename/freelist/rob_tail[4]_i_49/O
                         net (fo=2, routed)           0.367    23.259    u_cpu/core_inst/rename/freelist/rob_tail[4]_i_49_n_0
    SLICE_X107Y77                                                     r  u_cpu/core_inst/rename/freelist/rob_tail[4]_i_50/I3
    SLICE_X107Y77        LUT6 (Prop_lut6_I3_O)        0.105    23.364 r  u_cpu/core_inst/rename/freelist/rob_tail[4]_i_50/O
                         net (fo=9, routed)           0.469    23.833    u_cpu/core_inst/rename/freelist/rob_tail[4]_i_50_n_0
    SLICE_X107Y75                                                     r  u_cpu/core_inst/rename/freelist/rob_tail[4]_i_46/I3
    SLICE_X107Y75        LUT6 (Prop_lut6_I3_O)        0.105    23.938 r  u_cpu/core_inst/rename/freelist/rob_tail[4]_i_46/O
                         net (fo=2, routed)           0.663    24.602    u_cpu/core_inst/rename/freelist/rob_tail[4]_i_46_n_0
    SLICE_X105Y75                                                     r  u_cpu/core_inst/rename/freelist/rob_tail[4]_i_29/I1
    SLICE_X105Y75        LUT6 (Prop_lut6_I1_O)        0.105    24.707 f  u_cpu/core_inst/rename/freelist/rob_tail[4]_i_29/O
                         net (fo=2, routed)           0.464    25.170    u_cpu/core_inst/rename/freelist/rob_tail[4]_i_29_n_0
    SLICE_X105Y76                                                     f  u_cpu/core_inst/rename/freelist/rob_tail[4]_i_17/I1
    SLICE_X105Y76        LUT6 (Prop_lut6_I1_O)        0.105    25.275 f  u_cpu/core_inst/rename/freelist/rob_tail[4]_i_17/O
                         net (fo=1, routed)           0.403    25.679    u_cpu/core_inst/rename/freelist/rob_tail[4]_i_17_n_0
    SLICE_X103Y76                                                     f  u_cpu/core_inst/rename/freelist/rob_tail[4]_i_10/I3
    SLICE_X103Y76        LUT6 (Prop_lut6_I3_O)        0.105    25.784 r  u_cpu/core_inst/rename/freelist/rob_tail[4]_i_10/O
                         net (fo=1, routed)           0.243    26.027    u_cpu/core_inst/rename/freelist/rob_tail[4]_i_10_n_0
    SLICE_X101Y76                                                     r  u_cpu/core_inst/rename/freelist/rob_tail[4]_i_7/I2
    SLICE_X101Y76        LUT6 (Prop_lut6_I2_O)        0.105    26.132 f  u_cpu/core_inst/rename/freelist/rob_tail[4]_i_7/O
                         net (fo=4, routed)           0.498    26.629    u_cpu/core_inst/rename/freelist/dispatch_enable
    SLICE_X94Y76                                                      f  u_cpu/core_inst/rename/freelist/br_alloc_q[0][7]_i_6/I2
    SLICE_X94Y76         LUT6 (Prop_lut6_I2_O)        0.105    26.734 f  u_cpu/core_inst/rename/freelist/br_alloc_q[0][7]_i_6/O
                         net (fo=57, routed)          0.434    27.168    u_cpu/core_inst/rename/freelist/fl_alloc_en[0]
    SLICE_X97Y75                                                      f  u_cpu/core_inst/rename/freelist/free_vec[55]_i_4/I3
    SLICE_X97Y75         LUT4 (Prop_lut4_I3_O)        0.105    27.273 r  u_cpu/core_inst/rename/freelist/free_vec[55]_i_4/O
                         net (fo=37, routed)          0.584    27.858    u_cpu/core_inst/rename/freelist/free_vec[55]_i_4_n_0
    SLICE_X100Y74                                                     r  u_cpu/core_inst/rename/freelist/slot_uop[15][pdst][5]_i_38/I3
    SLICE_X100Y74        LUT5 (Prop_lut5_I3_O)        0.105    27.963 r  u_cpu/core_inst/rename/freelist/slot_uop[15][pdst][5]_i_38/O
                         net (fo=3, routed)           0.392    28.354    u_cpu/core_inst/rename/freelist/slot_uop[15][pdst][5]_i_38_n_0
    SLICE_X97Y73                                                      r  u_cpu/core_inst/rename/freelist/slot_uop[15][pdst][5]_i_20/I5
    SLICE_X97Y73         LUT6 (Prop_lut6_I5_O)        0.105    28.459 r  u_cpu/core_inst/rename/freelist/slot_uop[15][pdst][5]_i_20/O
                         net (fo=3, routed)           0.551    29.011    u_cpu/core_inst/rename/freelist/slot_uop[15][pdst][5]_i_20_n_0
    SLICE_X96Y73                                                      r  u_cpu/core_inst/rename/freelist/slot_uop[15][pdst][5]_i_7/I0
    SLICE_X96Y73         LUT2 (Prop_lut2_I0_O)        0.127    29.138 r  u_cpu/core_inst/rename/freelist/slot_uop[15][pdst][5]_i_7/O
                         net (fo=5, routed)           0.940    30.077    u_cpu/core_inst/rename/freelist/slot_uop[15][pdst][5]_i_7_n_0
    SLICE_X91Y70                                                      r  u_cpu/core_inst/rename/freelist/slot_uop[15][pdst][5]_i_3/I3
    SLICE_X91Y70         LUT6 (Prop_lut6_I3_O)        0.286    30.363 r  u_cpu/core_inst/rename/freelist/slot_uop[15][pdst][5]_i_3/O
                         net (fo=89, routed)          0.638    31.001    u_cpu/core_inst/rename/freelist/mt_write_preg[5]
    SLICE_X85Y72                                                      r  u_cpu/core_inst/rename/freelist/slot_uop[6][psrc2_busy]_i_89/I2
    SLICE_X85Y72         LUT4 (Prop_lut4_I2_O)        0.105    31.106 r  u_cpu/core_inst/rename/freelist/slot_uop[6][psrc2_busy]_i_89/O
                         net (fo=1, routed)           0.456    31.563    u_cpu/core_inst/rename/freelist/slot_uop[6][psrc2_busy]_i_89_n_0
    SLICE_X86Y72                                                      r  u_cpu/core_inst/rename/freelist/slot_uop[6][psrc2_busy]_i_56/I0
    SLICE_X86Y72         LUT5 (Prop_lut5_I0_O)        0.105    31.668 r  u_cpu/core_inst/rename/freelist/slot_uop[6][psrc2_busy]_i_56/O
                         net (fo=1, routed)           0.227    31.894    u_cpu/core_inst/rename/freelist/slot_uop[6][psrc2_busy]_i_56_n_0
    SLICE_X85Y72                                                      r  u_cpu/core_inst/rename/freelist/slot_uop[6][psrc2_busy]_i_31/I0
    SLICE_X85Y72         LUT6 (Prop_lut6_I0_O)        0.105    31.999 r  u_cpu/core_inst/rename/freelist/slot_uop[6][psrc2_busy]_i_31/O
                         net (fo=1, routed)           0.643    32.642    u_cpu/core_inst/rename/freelist/slot_uop[6][psrc2_busy]_i_31_n_0
    SLICE_X84Y74                                                      r  u_cpu/core_inst/rename/freelist/slot_uop[6][psrc2_busy]_i_13__1/I4
    SLICE_X84Y74         LUT6 (Prop_lut6_I4_O)        0.105    32.747 r  u_cpu/core_inst/rename/freelist/slot_uop[6][psrc2_busy]_i_13__1/O
                         net (fo=8, routed)           0.663    33.410    u_cpu/core_inst/rename/freelist/rn2_mask_q_reg[1]_0
    SLICE_X83Y72                                                      r  u_cpu/core_inst/rename/freelist/slot_uop[15][psrc2_busy]_i_11__0/I3
    SLICE_X83Y72         LUT4 (Prop_lut4_I3_O)        0.105    33.515 r  u_cpu/core_inst/rename/freelist/slot_uop[15][psrc2_busy]_i_11__0/O
                         net (fo=6, routed)           0.690    34.205    u_cpu/core_inst/gen_alu[0].alu_inst/iq_alu_dis_uop[0][psrc2_busy]
    SLICE_X85Y77                                                      r  u_cpu/core_inst/gen_alu[0].alu_inst/slot_uop[12][psrc2_busy]_i_6/I1
    SLICE_X85Y77         LUT2 (Prop_lut2_I1_O)        0.105    34.310 f  u_cpu/core_inst/gen_alu[0].alu_inst/slot_uop[12][psrc2_busy]_i_6/O
                         net (fo=3, routed)           0.216    34.527    u_cpu/core_inst/rename/freelist/slot_uop_reg[0][psrc2_busy]
    SLICE_X85Y77                                                      f  u_cpu/core_inst/rename/freelist/slot_uop[0][psrc2_busy]_i_2/I1
    SLICE_X85Y77         LUT2 (Prop_lut2_I1_O)        0.110    34.637 r  u_cpu/core_inst/rename/freelist/slot_uop[0][psrc2_busy]_i_2/O
                         net (fo=7, routed)           0.678    35.314    u_cpu/core_inst/alu_iq/slot_uop_reg[0][psrc2_busy]_0
    SLICE_X83Y84                                                      r  u_cpu/core_inst/alu_iq/slot_uop[10][psrc2_busy]_i_2/I5
    SLICE_X83Y84         LUT6 (Prop_lut6_I5_O)        0.268    35.582 r  u_cpu/core_inst/alu_iq/slot_uop[10][psrc2_busy]_i_2/O
                         net (fo=1, routed)           0.396    35.978    u_cpu/core_inst/alu_iq/slot_uop[10][psrc2_busy]_i_2_n_0
    SLICE_X81Y84                                                      r  u_cpu/core_inst/alu_iq/slot_uop[10][psrc2_busy]_i_1/I0
    SLICE_X81Y84         LUT6 (Prop_lut6_I0_O)        0.105    36.083 r  u_cpu/core_inst/alu_iq/slot_uop[10][psrc2_busy]_i_1/O
                         net (fo=1, routed)           0.000    36.083    u_cpu/core_inst/alu_iq/slot_uop[10][psrc2_busy]_i_1_n_0
    SLICE_X81Y84         FDRE                                         r  u_cpu/core_inst/alu_iq/slot_uop_reg[10][psrc2_busy]/D
  -------------------------------------------------------------------    -------------------

                         (clock cpu_clk rise edge)   30.556    30.556 r  
    AC19                                              0.000    30.556 r  clk (IN)
                         net (fo=0)                   0.000    30.556    clk
    AC19                                                              r  clk_IBUF_inst/I
    AC19                 IBUF (Prop_ibuf_I_O)         1.350    31.906 r  clk_IBUF_inst/O
                         net (fo=1, routed)           2.471    34.376    clk_IBUF
    BUFGCTRL_X0Y0                                                     r  clk_IBUF_BUFG_inst/I
    BUFGCTRL_X0Y0        BUFG (Prop_bufg_I_O)         0.077    34.453 r  clk_IBUF_BUFG_inst/O
                         net (fo=2000, routed)        1.434    35.887    fpga_pll.u_clk_pll/inst/clk_in1
    PLLE2_ADV_X0Y2                                                    r  fpga_pll.u_clk_pll/inst/plle2_adv_inst/CLKIN1
    PLLE2_ADV_X0Y2       PLLE2_ADV (Prop_plle2_adv_CLKIN1_CLKOUT0)
                                                     -2.995    32.892 r  fpga_pll.u_clk_pll/inst/plle2_adv_inst/CLKOUT0
                         net (fo=1, routed)           1.484    34.376    fpga_pll.u_clk_pll/inst/cpu_clk_clk_pll
    BUFGCTRL_X0Y2                                                     r  fpga_pll.u_clk_pll/inst/clkout1_buf/I
    BUFGCTRL_X0Y2        BUFG (Prop_bufg_I_O)         0.077    34.453 r  fpga_pll.u_clk_pll/inst/clkout1_buf/O
                         net (fo=59802, routed)       1.407    35.860    u_cpu/core_inst/alu_iq/cpu_clk
    SLICE_X81Y84         FDRE                                         r  u_cpu/core_inst/alu_iq/slot_uop_reg[10][psrc2_busy]/C
                         clock pessimism              0.214    36.074    
                         clock uncertainty           -0.060    36.014    
    SLICE_X81Y84         FDRE (Setup_fdre_C_D)        0.030    36.044    u_cpu/core_inst/alu_iq/slot_uop_reg[10][psrc2_busy]
  -------------------------------------------------------------------
                         required time                         36.044    
                         arrival time                         -36.083    
  -------------------------------------------------------------------
                         slack                                 -0.039    

Slack (VIOLATED) :        -0.039ns  (required time - arrival time)
  Source:                 u_cpu/core_inst/rename/freelist/free_vec_reg[5]/C
                            (rising edge-triggered cell FDCE clocked by cpu_clk  {rise@0.000ns fall@15.278ns period=30.556ns})
  Destination:            u_cpu/core_inst/alu_iq/slot_uop_reg[10][psrc2_busy]/D
                            (rising edge-triggered cell FDRE clocked by cpu_clk  {rise@0.000ns fall@15.278ns period=30.556ns})
  Path Group:             cpu_clk
  Path Type:              Setup (Max at Slow Process Corner)
  Requirement:            30.556ns  (cpu_clk rise@30.556ns - cpu_clk rise@0.000ns)
  Data Path Delay:        30.428ns  (logic 5.790ns (19.028%)  route 24.638ns (80.972%))
  Logic Levels:           48  (LUT2=4 LUT3=1 LUT4=6 LUT5=8 LUT6=29)
  Clock Path Skew:        -0.136ns (DCD - SCD + CPR)
    Destination Clock Delay (DCD):    5.305ns = ( 35.860 - 30.556 ) 
    Source Clock Delay      (SCD):    5.655ns
    Clock Pessimism Removal (CPR):    0.214ns
  Clock Uncertainty:      0.060ns  ((TSJ^2 + DJ^2)^1/2) / 2 + PE
    Total System Jitter     (TSJ):    0.071ns
    Discrete Jitter          (DJ):    0.097ns
    Phase Error              (PE):    0.000ns

    Location             Delay type                Incr(ns)  Path(ns)    Netlist Resource(s)
  -------------------------------------------------------------------    -------------------
                         (clock cpu_clk rise edge)    0.000     0.000 r  
    AC19                                              0.000     0.000 r  clk (IN)
                         net (fo=0)                   0.000     0.000    clk
    AC19                                                              r  clk_IBUF_inst/I
    AC19                 IBUF (Prop_ibuf_I_O)         1.416     1.416 r  clk_IBUF_inst/O
                         net (fo=1, routed)           2.602     4.018    clk_IBUF
    BUFGCTRL_X0Y0                                                     r  clk_IBUF_BUFG_inst/I
    BUFGCTRL_X0Y0        BUFG (Prop_bufg_I_O)         0.081     4.099 r  clk_IBUF_BUFG_inst/O
                         net (fo=2000, routed)        1.536     5.635    fpga_pll.u_clk_pll/inst/clk_in1
    PLLE2_ADV_X0Y2                                                    r  fpga_pll.u_clk_pll/inst/plle2_adv_inst/CLKIN1
    PLLE2_ADV_X0Y2       PLLE2_ADV (Prop_plle2_adv_CLKIN1_CLKOUT0)
                                                     -3.173     2.461 r  fpga_pll.u_clk_pll/inst/plle2_adv_inst/CLKOUT0
                         net (fo=1, routed)           1.557     4.018    fpga_pll.u_clk_pll/inst/cpu_clk_clk_pll
    BUFGCTRL_X0Y2                                                     r  fpga_pll.u_clk_pll/inst/clkout1_buf/I
    BUFGCTRL_X0Y2        BUFG (Prop_bufg_I_O)         0.081     4.099 r  fpga_pll.u_clk_pll/inst/clkout1_buf/O
                         net (fo=59802, routed)       1.556     5.655    u_cpu/core_inst/rename/freelist/cpu_clk
    SLICE_X118Y71        FDCE                                         r  u_cpu/core_inst/rename/freelist/free_vec_reg[5]/C
  -------------------------------------------------------------------    -------------------
    SLICE_X118Y71        FDCE (Prop_fdce_C_Q)         0.379     6.034 r  u_cpu/core_inst/rename/freelist/free_vec_reg[5]/Q
                         net (fo=17, routed)          0.762     6.796    u_cpu/core_inst/rename/freelist/p_45_in
    SLICE_X121Y71                                                     r  u_cpu/core_inst/rename/freelist/rob_tail[4]_i_227/I2
    SLICE_X121Y71        LUT6 (Prop_lut6_I2_O)        0.105     6.901 r  u_cpu/core_inst/rename/freelist/rob_tail[4]_i_227/O
                         net (fo=7, routed)           0.518     7.419    u_cpu/core_inst/rename/freelist/rob_tail[4]_i_227_n_0
    SLICE_X119Y71                                                     r  u_cpu/core_inst/rename/freelist/rob_tail[4]_i_231/I5
    SLICE_X119Y71        LUT6 (Prop_lut6_I5_O)        0.105     7.524 r  u_cpu/core_inst/rename/freelist/rob_tail[4]_i_231/O
                         net (fo=4, routed)           0.472     7.996    u_cpu/core_inst/rename/freelist/rob_tail[4]_i_231_n_0
    SLICE_X120Y70                                                     r  u_cpu/core_inst/rename/freelist/rob_tail[4]_i_213/I0
    SLICE_X120Y70        LUT3 (Prop_lut3_I0_O)        0.105     8.101 r  u_cpu/core_inst/rename/freelist/rob_tail[4]_i_213/O
                         net (fo=1, routed)           0.671     8.771    u_cpu/core_inst/rename/freelist/rob_tail[4]_i_213_n_0
    SLICE_X119Y70                                                     r  u_cpu/core_inst/rename/freelist/rob_tail[4]_i_184/I5
    SLICE_X119Y70        LUT6 (Prop_lut6_I5_O)        0.105     8.876 f  u_cpu/core_inst/rename/freelist/rob_tail[4]_i_184/O
                         net (fo=2, routed)           0.477     9.353    u_cpu/core_inst/rename/freelist/rob_tail[4]_i_184_n_0
    SLICE_X119Y72                                                     f  u_cpu/core_inst/rename/freelist/rob_tail[4]_i_182/I3
    SLICE_X119Y72        LUT6 (Prop_lut6_I3_O)        0.105     9.458 r  u_cpu/core_inst/rename/freelist/rob_tail[4]_i_182/O
                         net (fo=3, routed)           0.332     9.790    u_cpu/core_inst/rename/freelist/rob_tail[4]_i_182_n_0
    SLICE_X119Y72                                                     r  u_cpu/core_inst/rename/freelist/rob_tail[4]_i_204/I3
    SLICE_X119Y72        LUT5 (Prop_lut5_I3_O)        0.105     9.895 r  u_cpu/core_inst/rename/freelist/rob_tail[4]_i_204/O
                         net (fo=4, routed)           0.528    10.423    u_cpu/core_inst/rename/freelist/rob_tail[4]_i_204_n_0
    SLICE_X117Y72                                                     r  u_cpu/core_inst/rename/freelist/rob_tail[4]_i_176/I3
    SLICE_X117Y72        LUT6 (Prop_lut6_I3_O)        0.105    10.528 r  u_cpu/core_inst/rename/freelist/rob_tail[4]_i_176/O
                         net (fo=13, routed)          0.397    10.925    u_cpu/core_inst/rename/freelist/rob_tail[4]_i_176_n_0
    SLICE_X122Y72                                                     r  u_cpu/core_inst/rename/freelist/rob_tail[4]_i_216/I2
    SLICE_X122Y72        LUT5 (Prop_lut5_I2_O)        0.105    11.030 r  u_cpu/core_inst/rename/freelist/rob_tail[4]_i_216/O
                         net (fo=4, routed)           0.569    11.599    u_cpu/core_inst/rename/freelist/rob_tail[4]_i_216_n_0
    SLICE_X124Y72                                                     r  u_cpu/core_inst/rename/freelist/rob_tail[4]_i_194/I0
    SLICE_X124Y72        LUT4 (Prop_lut4_I0_O)        0.105    11.704 f  u_cpu/core_inst/rename/freelist/rob_tail[4]_i_194/O
                         net (fo=3, routed)           0.536    12.240    u_cpu/core_inst/rename/freelist/rob_tail[4]_i_194_n_0
    SLICE_X124Y71                                                     f  u_cpu/core_inst/rename/freelist/rob_tail[4]_i_175/I1
    SLICE_X124Y71        LUT6 (Prop_lut6_I1_O)        0.105    12.345 r  u_cpu/core_inst/rename/freelist/rob_tail[4]_i_175/O
                         net (fo=3, routed)           0.648    12.993    u_cpu/core_inst/rename/freelist/rob_tail[4]_i_175_n_0
    SLICE_X122Y70                                                     r  u_cpu/core_inst/rename/freelist/rob_tail[4]_i_153/I4
    SLICE_X122Y70        LUT5 (Prop_lut5_I4_O)        0.105    13.098 f  u_cpu/core_inst/rename/freelist/rob_tail[4]_i_153/O
                         net (fo=3, routed)           0.547    13.646    u_cpu/core_inst/rename/freelist/rob_tail[4]_i_153_n_0
    SLICE_X122Y75                                                     f  u_cpu/core_inst/rename/freelist/rob_tail[4]_i_122/I1
    SLICE_X122Y75        LUT4 (Prop_lut4_I1_O)        0.105    13.751 f  u_cpu/core_inst/rename/freelist/rob_tail[4]_i_122/O
                         net (fo=4, routed)           0.538    14.289    u_cpu/core_inst/rename/freelist/rob_tail[4]_i_122_n_0
    SLICE_X120Y75                                                     f  u_cpu/core_inst/rename/freelist/rob_tail[4]_i_145/I4
    SLICE_X120Y75        LUT6 (Prop_lut6_I4_O)        0.105    14.394 f  u_cpu/core_inst/rename/freelist/rob_tail[4]_i_145/O
                         net (fo=2, routed)           0.697    15.091    u_cpu/core_inst/rename/freelist/rob_tail[4]_i_145_n_0
    SLICE_X121Y74                                                     f  u_cpu/core_inst/rename/freelist/rob_tail[4]_i_106/I4
    SLICE_X121Y74        LUT6 (Prop_lut6_I4_O)        0.105    15.196 r  u_cpu/core_inst/rename/freelist/rob_tail[4]_i_106/O
                         net (fo=11, routed)          0.422    15.619    u_cpu/core_inst/rename/freelist/rob_tail[4]_i_106_n_0
    SLICE_X120Y75                                                     r  u_cpu/core_inst/rename/freelist/rob_tail[4]_i_158/I1
    SLICE_X120Y75        LUT2 (Prop_lut2_I1_O)        0.105    15.724 r  u_cpu/core_inst/rename/freelist/rob_tail[4]_i_158/O
                         net (fo=5, routed)           0.726    16.449    u_cpu/core_inst/rename/freelist/rob_tail[4]_i_158_n_0
    SLICE_X123Y74                                                     r  u_cpu/core_inst/rename/freelist/rob_tail[4]_i_111/I5
    SLICE_X123Y74        LUT6 (Prop_lut6_I5_O)        0.105    16.554 f  u_cpu/core_inst/rename/freelist/rob_tail[4]_i_111/O
                         net (fo=9, routed)           0.648    17.203    u_cpu/core_inst/rename/freelist/rob_tail[4]_i_111_n_0
    SLICE_X120Y76                                                     f  u_cpu/core_inst/rename/freelist/rob_tail[4]_i_102/I2
    SLICE_X120Y76        LUT6 (Prop_lut6_I2_O)        0.105    17.308 r  u_cpu/core_inst/rename/freelist/rob_tail[4]_i_102/O
                         net (fo=3, routed)           0.501    17.809    u_cpu/core_inst/rename/freelist/rob_tail[4]_i_102_n_0
    SLICE_X118Y76                                                     r  u_cpu/core_inst/rename/freelist/rob_tail[4]_i_124/I3
    SLICE_X118Y76        LUT6 (Prop_lut6_I3_O)        0.105    17.914 r  u_cpu/core_inst/rename/freelist/rob_tail[4]_i_124/O
                         net (fo=3, routed)           0.397    18.311    u_cpu/core_inst/rename/freelist/rob_tail[4]_i_124_n_0
    SLICE_X119Y78                                                     r  u_cpu/core_inst/rename/freelist/rob_tail[4]_i_90/I5
    SLICE_X119Y78        LUT6 (Prop_lut6_I5_O)        0.105    18.416 f  u_cpu/core_inst/rename/freelist/rob_tail[4]_i_90/O
                         net (fo=8, routed)           0.451    18.867    u_cpu/core_inst/rename/freelist/rob_tail[4]_i_90_n_0
    SLICE_X118Y78                                                     f  u_cpu/core_inst/rename/freelist/rob_tail[4]_i_136/I2
    SLICE_X118Y78        LUT6 (Prop_lut6_I2_O)        0.105    18.972 f  u_cpu/core_inst/rename/freelist/rob_tail[4]_i_136/O
                         net (fo=5, routed)           0.377    19.350    u_cpu/core_inst/rename/freelist/rob_tail[4]_i_136_n_0
    SLICE_X118Y78                                                     f  u_cpu/core_inst/rename/freelist/rob_tail[4]_i_96/I5
    SLICE_X118Y78        LUT6 (Prop_lut6_I5_O)        0.105    19.455 f  u_cpu/core_inst/rename/freelist/rob_tail[4]_i_96/O
                         net (fo=3, routed)           0.525    19.980    u_cpu/core_inst/rename/freelist/rob_tail[4]_i_96_n_0
    SLICE_X117Y78                                                     f  u_cpu/core_inst/rename/freelist/rob_tail[4]_i_75/I0
    SLICE_X117Y78        LUT6 (Prop_lut6_I0_O)        0.105    20.085 r  u_cpu/core_inst/rename/freelist/rob_tail[4]_i_75/O
                         net (fo=9, routed)           0.539    20.624    u_cpu/core_inst/rename/freelist/rob_tail[4]_i_75_n_0
    SLICE_X116Y79                                                     r  u_cpu/core_inst/rename/freelist/rob_tail[4]_i_128/I3
    SLICE_X116Y79        LUT5 (Prop_lut5_I3_O)        0.105    20.729 r  u_cpu/core_inst/rename/freelist/rob_tail[4]_i_128/O
                         net (fo=3, routed)           0.364    21.092    u_cpu/core_inst/rename/freelist/rob_tail[4]_i_128_n_0
    SLICE_X114Y79                                                     r  u_cpu/core_inst/rename/freelist/rob_tail[4]_i_95/I4
    SLICE_X114Y79        LUT5 (Prop_lut5_I4_O)        0.105    21.197 r  u_cpu/core_inst/rename/freelist/rob_tail[4]_i_95/O
                         net (fo=1, routed)           0.651    21.848    u_cpu/core_inst/rename/freelist/rob_tail[4]_i_95_n_0
    SLICE_X113Y79                                                     r  u_cpu/core_inst/rename/freelist/rob_tail[4]_i_73/I5
    SLICE_X113Y79        LUT6 (Prop_lut6_I5_O)        0.105    21.953 f  u_cpu/core_inst/rename/freelist/rob_tail[4]_i_73/O
                         net (fo=2, routed)           0.385    22.338    u_cpu/core_inst/rename/freelist/rob_tail[4]_i_73_n_0
    SLICE_X108Y77                                                     f  u_cpu/core_inst/rename/freelist/rob_tail[4]_i_40/I0
    SLICE_X108Y77        LUT4 (Prop_lut4_I0_O)        0.105    22.443 r  u_cpu/core_inst/rename/freelist/rob_tail[4]_i_40/O
                         net (fo=2, routed)           0.343    22.787    u_cpu/core_inst/rename/freelist/rob_tail[4]_i_40_n_0
    SLICE_X108Y76                                                     r  u_cpu/core_inst/rename/freelist/rob_tail[4]_i_49/I0
    SLICE_X108Y76        LUT5 (Prop_lut5_I0_O)        0.105    22.892 r  u_cpu/core_inst/rename/freelist/rob_tail[4]_i_49/O
                         net (fo=2, routed)           0.367    23.259    u_cpu/core_inst/rename/freelist/rob_tail[4]_i_49_n_0
    SLICE_X107Y77                                                     r  u_cpu/core_inst/rename/freelist/rob_tail[4]_i_50/I3
    SLICE_X107Y77        LUT6 (Prop_lut6_I3_O)        0.105    23.364 r  u_cpu/core_inst/rename/freelist/rob_tail[4]_i_50/O
                         net (fo=9, routed)           0.469    23.833    u_cpu/core_inst/rename/freelist/rob_tail[4]_i_50_n_0
    SLICE_X107Y75                                                     r  u_cpu/core_inst/rename/freelist/rob_tail[4]_i_46/I3
    SLICE_X107Y75        LUT6 (Prop_lut6_I3_O)        0.105    23.938 r  u_cpu/core_inst/rename/freelist/rob_tail[4]_i_46/O
                         net (fo=2, routed)           0.663    24.602    u_cpu/core_inst/rename/freelist/rob_tail[4]_i_46_n_0
    SLICE_X105Y75                                                     r  u_cpu/core_inst/rename/freelist/rob_tail[4]_i_29/I1
    SLICE_X105Y75        LUT6 (Prop_lut6_I1_O)        0.105    24.707 f  u_cpu/core_inst/rename/freelist/rob_tail[4]_i_29/O
                         net (fo=2, routed)           0.464    25.170    u_cpu/core_inst/rename/freelist/rob_tail[4]_i_29_n_0
    SLICE_X105Y76                                                     f  u_cpu/core_inst/rename/freelist/rob_tail[4]_i_17/I1
    SLICE_X105Y76        LUT6 (Prop_lut6_I1_O)        0.105    25.275 f  u_cpu/core_inst/rename/freelist/rob_tail[4]_i_17/O
                         net (fo=1, routed)           0.403    25.679    u_cpu/core_inst/rename/freelist/rob_tail[4]_i_17_n_0
    SLICE_X103Y76                                                     f  u_cpu/core_inst/rename/freelist/rob_tail[4]_i_10/I3
    SLICE_X103Y76        LUT6 (Prop_lut6_I3_O)        0.105    25.784 r  u_cpu/core_inst/rename/freelist/rob_tail[4]_i_10/O
                         net (fo=1, routed)           0.243    26.027    u_cpu/core_inst/rename/freelist/rob_tail[4]_i_10_n_0
    SLICE_X101Y76                                                     r  u_cpu/core_inst/rename/freelist/rob_tail[4]_i_7/I2
    SLICE_X101Y76        LUT6 (Prop_lut6_I2_O)        0.105    26.132 f  u_cpu/core_inst/rename/freelist/rob_tail[4]_i_7/O
                         net (fo=4, routed)           0.498    26.629    u_cpu/core_inst/rename/freelist/dispatch_enable
    SLICE_X94Y76                                                      f  u_cpu/core_inst/rename/freelist/br_alloc_q[0][7]_i_6/I2
    SLICE_X94Y76         LUT6 (Prop_lut6_I2_O)        0.105    26.734 f  u_cpu/core_inst/rename/freelist/br_alloc_q[0][7]_i_6/O
                         net (fo=57, routed)          0.434    27.168    u_cpu/core_inst/rename/freelist/fl_alloc_en[0]
    SLICE_X97Y75                                                      f  u_cpu/core_inst/rename/freelist/free_vec[55]_i_4/I3
    SLICE_X97Y75         LUT4 (Prop_lut4_I3_O)        0.105    27.273 r  u_cpu/core_inst/rename/freelist/free_vec[55]_i_4/O
                         net (fo=37, routed)          0.584    27.858    u_cpu/core_inst/rename/freelist/free_vec[55]_i_4_n_0
    SLICE_X100Y74                                                     r  u_cpu/core_inst/rename/freelist/slot_uop[15][pdst][5]_i_38/I3
    SLICE_X100Y74        LUT5 (Prop_lut5_I3_O)        0.105    27.963 r  u_cpu/core_inst/rename/freelist/slot_uop[15][pdst][5]_i_38/O
                         net (fo=3, routed)           0.392    28.354    u_cpu/core_inst/rename/freelist/slot_uop[15][pdst][5]_i_38_n_0
    SLICE_X97Y73                                                      r  u_cpu/core_inst/rename/freelist/slot_uop[15][pdst][5]_i_20/I5
    SLICE_X97Y73         LUT6 (Prop_lut6_I5_O)        0.105    28.459 r  u_cpu/core_inst/rename/freelist/slot_uop[15][pdst][5]_i_20/O
                         net (fo=3, routed)           0.551    29.011    u_cpu/core_inst/rename/freelist/slot_uop[15][pdst][5]_i_20_n_0
    SLICE_X96Y73                                                      r  u_cpu/core_inst/rename/freelist/slot_uop[15][pdst][5]_i_7/I0
    SLICE_X96Y73         LUT2 (Prop_lut2_I0_O)        0.127    29.138 r  u_cpu/core_inst/rename/freelist/slot_uop[15][pdst][5]_i_7/O
                         net (fo=5, routed)           0.940    30.077    u_cpu/core_inst/rename/freelist/slot_uop[15][pdst][5]_i_7_n_0
    SLICE_X91Y70                                                      r  u_cpu/core_inst/rename/freelist/slot_uop[15][pdst][5]_i_3/I3
    SLICE_X91Y70         LUT6 (Prop_lut6_I3_O)        0.286    30.363 r  u_cpu/core_inst/rename/freelist/slot_uop[15][pdst][5]_i_3/O
                         net (fo=89, routed)          0.638    31.001    u_cpu/core_inst/rename/freelist/mt_write_preg[5]
    SLICE_X85Y72                                                      r  u_cpu/core_inst/rename/freelist/slot_uop[6][psrc2_busy]_i_89/I2
    SLICE_X85Y72         LUT4 (Prop_lut4_I2_O)        0.105    31.106 r  u_cpu/core_inst/rename/freelist/slot_uop[6][psrc2_busy]_i_89/O
                         net (fo=1, routed)           0.456    31.563    u_cpu/core_inst/rename/freelist/slot_uop[6][psrc2_busy]_i_89_n_0
    SLICE_X86Y72                                                      r  u_cpu/core_inst/rename/freelist/slot_uop[6][psrc2_busy]_i_56/I0
    SLICE_X86Y72         LUT5 (Prop_lut5_I0_O)        0.105    31.668 r  u_cpu/core_inst/rename/freelist/slot_uop[6][psrc2_busy]_i_56/O
                         net (fo=1, routed)           0.227    31.894    u_cpu/core_inst/rename/freelist/slot_uop[6][psrc2_busy]_i_56_n_0
    SLICE_X85Y72                                                      r  u_cpu/core_inst/rename/freelist/slot_uop[6][psrc2_busy]_i_31/I0
    SLICE_X85Y72         LUT6 (Prop_lut6_I0_O)        0.105    31.999 r  u_cpu/core_inst/rename/freelist/slot_uop[6][psrc2_busy]_i_31/O
                         net (fo=1, routed)           0.643    32.642    u_cpu/core_inst/rename/freelist/slot_uop[6][psrc2_busy]_i_31_n_0
    SLICE_X84Y74                                                      r  u_cpu/core_inst/rename/freelist/slot_uop[6][psrc2_busy]_i_13__1/I4
    SLICE_X84Y74         LUT6 (Prop_lut6_I4_O)        0.105    32.747 r  u_cpu/core_inst/rename/freelist/slot_uop[6][psrc2_busy]_i_13__1/O
                         net (fo=8, routed)           0.663    33.410    u_cpu/core_inst/rename/freelist/rn2_mask_q_reg[1]_0
    SLICE_X83Y72                                                      r  u_cpu/core_inst/rename/freelist/slot_uop[15][psrc2_busy]_i_11__0/I3
    SLICE_X83Y72         LUT4 (Prop_lut4_I3_O)        0.105    33.515 r  u_cpu/core_inst/rename/freelist/slot_uop[15][psrc2_busy]_i_11__0/O
                         net (fo=6, routed)           0.690    34.205    u_cpu/core_inst/gen_alu[0].alu_inst/iq_alu_dis_uop[0][psrc2_busy]
    SLICE_X85Y77                                                      r  u_cpu/core_inst/gen_alu[0].alu_inst/slot_uop[12][psrc2_busy]_i_6/I1
    SLICE_X85Y77         LUT2 (Prop_lut2_I1_O)        0.105    34.310 f  u_cpu/core_inst/gen_alu[0].alu_inst/slot_uop[12][psrc2_busy]_i_6/O
                         net (fo=3, routed)           0.216    34.527    u_cpu/core_inst/rename/freelist/slot_uop_reg[0][psrc2_busy]
    SLICE_X85Y77                                                      f  u_cpu/core_inst/rename/freelist/slot_uop[0][psrc2_busy]_i_2/I1
    SLICE_X85Y77         LUT2 (Prop_lut2_I1_O)        0.110    34.637 r  u_cpu/core_inst/rename/freelist/slot_uop[0][psrc2_busy]_i_2/O
                         net (fo=7, routed)           0.678    35.314    u_cpu/core_inst/alu_iq/slot_uop_reg[0][psrc2_busy]_0
    SLICE_X83Y84                                                      r  u_cpu/core_inst/alu_iq/slot_uop[10][psrc2_busy]_i_2/I5
    SLICE_X83Y84         LUT6 (Prop_lut6_I5_O)        0.268    35.582 r  u_cpu/core_inst/alu_iq/slot_uop[10][psrc2_busy]_i_2/O
                         net (fo=1, routed)           0.396    35.978    u_cpu/core_inst/alu_iq/slot_uop[10][psrc2_busy]_i_2_n_0
    SLICE_X81Y84                                                      r  u_cpu/core_inst/alu_iq/slot_uop[10][psrc2_busy]_i_1/I0
    SLICE_X81Y84         LUT6 (Prop_lut6_I0_O)        0.105    36.083 r  u_cpu/core_inst/alu_iq/slot_uop[10][psrc2_busy]_i_1/O
                         net (fo=1, routed)           0.000    36.083    u_cpu/core_inst/alu_iq/slot_uop[10][psrc2_busy]_i_1_n_0
    SLICE_X81Y84         FDRE                                         r  u_cpu/core_inst/alu_iq/slot_uop_reg[10][psrc2_busy]/D
  -------------------------------------------------------------------    -------------------

                         (clock cpu_clk rise edge)   30.556    30.556 r  
    AC19                                              0.000    30.556 r  clk (IN)
                         net (fo=0)                   0.000    30.556    clk
    AC19                                                              r  clk_IBUF_inst/I
    AC19                 IBUF (Prop_ibuf_I_O)         1.350    31.906 r  clk_IBUF_inst/O
                         net (fo=1, routed)           2.471    34.376    clk_IBUF
    BUFGCTRL_X0Y0                                                     r  clk_IBUF_BUFG_inst/I
    BUFGCTRL_X0Y0        BUFG (Prop_bufg_I_O)         0.077    34.453 r  clk_IBUF_BUFG_inst/O
                         net (fo=2000, routed)        1.434    35.887    fpga_pll.u_clk_pll/inst/clk_in1
    PLLE2_ADV_X0Y2                                                    r  fpga_pll.u_clk_pll/inst/plle2_adv_inst/CLKIN1
    PLLE2_ADV_X0Y2       PLLE2_ADV (Prop_plle2_adv_CLKIN1_CLKOUT0)
                                                     -2.995    32.892 r  fpga_pll.u_clk_pll/inst/plle2_adv_inst/CLKOUT0
                         net (fo=1, routed)           1.484    34.376    fpga_pll.u_clk_pll/inst/cpu_clk_clk_pll
    BUFGCTRL_X0Y2                                                     r  fpga_pll.u_clk_pll/inst/clkout1_buf/I
    BUFGCTRL_X0Y2        BUFG (Prop_bufg_I_O)         0.077    34.453 r  fpga_pll.u_clk_pll/inst/clkout1_buf/O
                         net (fo=59802, routed)       1.407    35.860    u_cpu/core_inst/alu_iq/cpu_clk
    SLICE_X81Y84         FDRE                                         r  u_cpu/core_inst/alu_iq/slot_uop_reg[10][psrc2_busy]/C
                         clock pessimism              0.214    36.074    
                         clock uncertainty           -0.060    36.014    
    SLICE_X81Y84         FDRE (Setup_fdre_C_D)        0.030    36.044    u_cpu/core_inst/alu_iq/slot_uop_reg[10][psrc2_busy]
  -------------------------------------------------------------------
                         required time                         36.044    
                         arrival time                         -36.083    
  -------------------------------------------------------------------
                         slack                                 -0.039    

Slack (VIOLATED) :        -0.039ns  (required time - arrival time)
  Source:                 u_cpu/core_inst/rename/freelist/free_vec_reg[5]/C
                            (rising edge-triggered cell FDCE clocked by cpu_clk  {rise@0.000ns fall@15.278ns period=30.556ns})
  Destination:            u_cpu/core_inst/alu_iq/slot_uop_reg[10][psrc2_busy]/D
                            (rising edge-triggered cell FDRE clocked by cpu_clk  {rise@0.000ns fall@15.278ns period=30.556ns})
  Path Group:             cpu_clk
  Path Type:              Setup (Max at Slow Process Corner)
  Requirement:            30.556ns  (cpu_clk rise@30.556ns - cpu_clk rise@0.000ns)
  Data Path Delay:        30.428ns  (logic 5.790ns (19.028%)  route 24.638ns (80.972%))
  Logic Levels:           48  (LUT2=4 LUT3=1 LUT4=6 LUT5=8 LUT6=29)
  Clock Path Skew:        -0.136ns (DCD - SCD + CPR)
    Destination Clock Delay (DCD):    5.305ns = ( 35.860 - 30.556 ) 
    Source Clock Delay      (SCD):    5.655ns
    Clock Pessimism Removal (CPR):    0.214ns
  Clock Uncertainty:      0.060ns  ((TSJ^2 + DJ^2)^1/2) / 2 + PE
    Total System Jitter     (TSJ):    0.071ns
    Discrete Jitter          (DJ):    0.097ns
    Phase Error              (PE):    0.000ns

    Location             Delay type                Incr(ns)  Path(ns)    Netlist Resource(s)
  -------------------------------------------------------------------    -------------------
                         (clock cpu_clk rise edge)    0.000     0.000 r  
    AC19                                              0.000     0.000 r  clk (IN)
                         net (fo=0)                   0.000     0.000    clk
    AC19                                                              r  clk_IBUF_inst/I
    AC19                 IBUF (Prop_ibuf_I_O)         1.416     1.416 r  clk_IBUF_inst/O
                         net (fo=1, routed)           2.602     4.018    clk_IBUF
    BUFGCTRL_X0Y0                                                     r  clk_IBUF_BUFG_inst/I
    BUFGCTRL_X0Y0        BUFG (Prop_bufg_I_O)         0.081     4.099 r  clk_IBUF_BUFG_inst/O
                         net (fo=2000, routed)        1.536     5.635    fpga_pll.u_clk_pll/inst/clk_in1
    PLLE2_ADV_X0Y2                                                    r  fpga_pll.u_clk_pll/inst/plle2_adv_inst/CLKIN1
    PLLE2_ADV_X0Y2       PLLE2_ADV (Prop_plle2_adv_CLKIN1_CLKOUT0)
                                                     -3.173     2.461 r  fpga_pll.u_clk_pll/inst/plle2_adv_inst/CLKOUT0
                         net (fo=1, routed)           1.557     4.018    fpga_pll.u_clk_pll/inst/cpu_clk_clk_pll
    BUFGCTRL_X0Y2                                                     r  fpga_pll.u_clk_pll/inst/clkout1_buf/I
    BUFGCTRL_X0Y2        BUFG (Prop_bufg_I_O)         0.081     4.099 r  fpga_pll.u_clk_pll/inst/clkout1_buf/O
                         net (fo=59802, routed)       1.556     5.655    u_cpu/core_inst/rename/freelist/cpu_clk
    SLICE_X118Y71        FDCE                                         r  u_cpu/core_inst/rename/freelist/free_vec_reg[5]/C
  -------------------------------------------------------------------    -------------------
    SLICE_X118Y71        FDCE (Prop_fdce_C_Q)         0.379     6.034 f  u_cpu/core_inst/rename/freelist/free_vec_reg[5]/Q
                         net (fo=17, routed)          0.762     6.796    u_cpu/core_inst/rename/freelist/p_45_in
    SLICE_X121Y71                                                     f  u_cpu/core_inst/rename/freelist/rob_tail[4]_i_227/I2
    SLICE_X121Y71        LUT6 (Prop_lut6_I2_O)        0.105     6.901 f  u_cpu/core_inst/rename/freelist/rob_tail[4]_i_227/O
                         net (fo=7, routed)           0.518     7.419    u_cpu/core_inst/rename/freelist/rob_tail[4]_i_227_n_0
    SLICE_X119Y71                                                     f  u_cpu/core_inst/rename/freelist/rob_tail[4]_i_231/I5
    SLICE_X119Y71        LUT6 (Prop_lut6_I5_O)        0.105     7.524 f  u_cpu/core_inst/rename/freelist/rob_tail[4]_i_231/O
                         net (fo=4, routed)           0.472     7.996    u_cpu/core_inst/rename/freelist/rob_tail[4]_i_231_n_0
    SLICE_X120Y70                                                     f  u_cpu/core_inst/rename/freelist/rob_tail[4]_i_213/I0
    SLICE_X120Y70        LUT3 (Prop_lut3_I0_O)        0.105     8.101 f  u_cpu/core_inst/rename/freelist/rob_tail[4]_i_213/O
                         net (fo=1, routed)           0.671     8.771    u_cpu/core_inst/rename/freelist/rob_tail[4]_i_213_n_0
    SLICE_X119Y70                                                     f  u_cpu/core_inst/rename/freelist/rob_tail[4]_i_184/I5
    SLICE_X119Y70        LUT6 (Prop_lut6_I5_O)        0.105     8.876 f  u_cpu/core_inst/rename/freelist/rob_tail[4]_i_184/O
                         net (fo=2, routed)           0.477     9.353    u_cpu/core_inst/rename/freelist/rob_tail[4]_i_184_n_0
    SLICE_X119Y72                                                     f  u_cpu/core_inst/rename/freelist/rob_tail[4]_i_182/I3
    SLICE_X119Y72        LUT6 (Prop_lut6_I3_O)        0.105     9.458 r  u_cpu/core_inst/rename/freelist/rob_tail[4]_i_182/O
                         net (fo=3, routed)           0.332     9.790    u_cpu/core_inst/rename/freelist/rob_tail[4]_i_182_n_0
    SLICE_X119Y72                                                     r  u_cpu/core_inst/rename/freelist/rob_tail[4]_i_204/I3
    SLICE_X119Y72        LUT5 (Prop_lut5_I3_O)        0.105     9.895 r  u_cpu/core_inst/rename/freelist/rob_tail[4]_i_204/O
                         net (fo=4, routed)           0.528    10.423    u_cpu/core_inst/rename/freelist/rob_tail[4]_i_204_n_0
    SLICE_X117Y72                                                     r  u_cpu/core_inst/rename/freelist/rob_tail[4]_i_176/I3
    SLICE_X117Y72        LUT6 (Prop_lut6_I3_O)        0.105    10.528 r  u_cpu/core_inst/rename/freelist/rob_tail[4]_i_176/O
                         net (fo=13, routed)          0.397    10.925    u_cpu/core_inst/rename/freelist/rob_tail[4]_i_176_n_0
    SLICE_X122Y72                                                     r  u_cpu/core_inst/rename/freelist/rob_tail[4]_i_216/I2
    SLICE_X122Y72        LUT5 (Prop_lut5_I2_O)        0.105    11.030 r  u_cpu/core_inst/rename/freelist/rob_tail[4]_i_216/O
                         net (fo=4, routed)           0.569    11.599    u_cpu/core_inst/rename/freelist/rob_tail[4]_i_216_n_0
    SLICE_X124Y72                                                     r  u_cpu/core_inst/rename/freelist/rob_tail[4]_i_194/I0
    SLICE_X124Y72        LUT4 (Prop_lut4_I0_O)        0.105    11.704 f  u_cpu/core_inst/rename/freelist/rob_tail[4]_i_194/O
                         net (fo=3, routed)           0.536    12.240    u_cpu/core_inst/rename/freelist/rob_tail[4]_i_194_n_0
    SLICE_X124Y71                                                     f  u_cpu/core_inst/rename/freelist/rob_tail[4]_i_175/I1
    SLICE_X124Y71        LUT6 (Prop_lut6_I1_O)        0.105    12.345 r  u_cpu/core_inst/rename/freelist/rob_tail[4]_i_175/O
                         net (fo=3, routed)           0.648    12.993    u_cpu/core_inst/rename/freelist/rob_tail[4]_i_175_n_0
    SLICE_X122Y70                                                     r  u_cpu/core_inst/rename/freelist/rob_tail[4]_i_153/I4
    SLICE_X122Y70        LUT5 (Prop_lut5_I4_O)        0.105    13.098 f  u_cpu/core_inst/rename/freelist/rob_tail[4]_i_153/O
                         net (fo=3, routed)           0.547    13.646    u_cpu/core_inst/rename/freelist/rob_tail[4]_i_153_n_0
    SLICE_X122Y75                                                     f  u_cpu/core_inst/rename/freelist/rob_tail[4]_i_122/I1
    SLICE_X122Y75        LUT4 (Prop_lut4_I1_O)        0.105    13.751 f  u_cpu/core_inst/rename/freelist/rob_tail[4]_i_122/O
                         net (fo=4, routed)           0.538    14.289    u_cpu/core_inst/rename/freelist/rob_tail[4]_i_122_n_0
    SLICE_X120Y75                                                     f  u_cpu/core_inst/rename/freelist/rob_tail[4]_i_145/I4
    SLICE_X120Y75        LUT6 (Prop_lut6_I4_O)        0.105    14.394 f  u_cpu/core_inst/rename/freelist/rob_tail[4]_i_145/O
                         net (fo=2, routed)           0.697    15.091    u_cpu/core_inst/rename/freelist/rob_tail[4]_i_145_n_0
    SLICE_X121Y74                                                     f  u_cpu/core_inst/rename/freelist/rob_tail[4]_i_106/I4
    SLICE_X121Y74        LUT6 (Prop_lut6_I4_O)        0.105    15.196 r  u_cpu/core_inst/rename/freelist/rob_tail[4]_i_106/O
                         net (fo=11, routed)          0.422    15.619    u_cpu/core_inst/rename/freelist/rob_tail[4]_i_106_n_0
    SLICE_X120Y75                                                     r  u_cpu/core_inst/rename/freelist/rob_tail[4]_i_158/I1
    SLICE_X120Y75        LUT2 (Prop_lut2_I1_O)        0.105    15.724 r  u_cpu/core_inst/rename/freelist/rob_tail[4]_i_158/O
                         net (fo=5, routed)           0.726    16.449    u_cpu/core_inst/rename/freelist/rob_tail[4]_i_158_n_0
    SLICE_X123Y74                                                     r  u_cpu/core_inst/rename/freelist/rob_tail[4]_i_111/I5
    SLICE_X123Y74        LUT6 (Prop_lut6_I5_O)        0.105    16.554 f  u_cpu/core_inst/rename/freelist/rob_tail[4]_i_111/O
                         net (fo=9, routed)           0.648    17.203    u_cpu/core_inst/rename/freelist/rob_tail[4]_i_111_n_0
    SLICE_X120Y76                                                     f  u_cpu/core_inst/rename/freelist/rob_tail[4]_i_102/I2
    SLICE_X120Y76        LUT6 (Prop_lut6_I2_O)        0.105    17.308 r  u_cpu/core_inst/rename/freelist/rob_tail[4]_i_102/O
                         net (fo=3, routed)           0.501    17.809    u_cpu/core_inst/rename/freelist/rob_tail[4]_i_102_n_0
    SLICE_X118Y76                                                     r  u_cpu/core_inst/rename/freelist/rob_tail[4]_i_124/I3
    SLICE_X118Y76        LUT6 (Prop_lut6_I3_O)        0.105    17.914 r  u_cpu/core_inst/rename/freelist/rob_tail[4]_i_124/O
                         net (fo=3, routed)           0.397    18.311    u_cpu/core_inst/rename/freelist/rob_tail[4]_i_124_n_0
    SLICE_X119Y78                                                     r  u_cpu/core_inst/rename/freelist/rob_tail[4]_i_90/I5
    SLICE_X119Y78        LUT6 (Prop_lut6_I5_O)        0.105    18.416 f  u_cpu/core_inst/rename/freelist/rob_tail[4]_i_90/O
                         net (fo=8, routed)           0.451    18.867    u_cpu/core_inst/rename/freelist/rob_tail[4]_i_90_n_0
    SLICE_X118Y78                                                     f  u_cpu/core_inst/rename/freelist/rob_tail[4]_i_136/I2
    SLICE_X118Y78        LUT6 (Prop_lut6_I2_O)        0.105    18.972 f  u_cpu/core_inst/rename/freelist/rob_tail[4]_i_136/O
                         net (fo=5, routed)           0.377    19.350    u_cpu/core_inst/rename/freelist/rob_tail[4]_i_136_n_0
    SLICE_X118Y78                                                     f  u_cpu/core_inst/rename/freelist/rob_tail[4]_i_96/I5
    SLICE_X118Y78        LUT6 (Prop_lut6_I5_O)        0.105    19.455 f  u_cpu/core_inst/rename/freelist/rob_tail[4]_i_96/O
                         net (fo=3, routed)           0.525    19.980    u_cpu/core_inst/rename/freelist/rob_tail[4]_i_96_n_0
    SLICE_X117Y78                                                     f  u_cpu/core_inst/rename/freelist/rob_tail[4]_i_75/I0
    SLICE_X117Y78        LUT6 (Prop_lut6_I0_O)        0.105    20.085 r  u_cpu/core_inst/rename/freelist/rob_tail[4]_i_75/O
                         net (fo=9, routed)           0.539    20.624    u_cpu/core_inst/rename/freelist/rob_tail[4]_i_75_n_0
    SLICE_X116Y79                                                     r  u_cpu/core_inst/rename/freelist/rob_tail[4]_i_128/I3
    SLICE_X116Y79        LUT5 (Prop_lut5_I3_O)        0.105    20.729 r  u_cpu/core_inst/rename/freelist/rob_tail[4]_i_128/O
                         net (fo=3, routed)           0.364    21.092    u_cpu/core_inst/rename/freelist/rob_tail[4]_i_128_n_0
    SLICE_X114Y79                                                     r  u_cpu/core_inst/rename/freelist/rob_tail[4]_i_95/I4
    SLICE_X114Y79        LUT5 (Prop_lut5_I4_O)        0.105    21.197 r  u_cpu/core_inst/rename/freelist/rob_tail[4]_i_95/O
                         net (fo=1, routed)           0.651    21.848    u_cpu/core_inst/rename/freelist/rob_tail[4]_i_95_n_0
    SLICE_X113Y79                                                     r  u_cpu/core_inst/rename/freelist/rob_tail[4]_i_73/I5
    SLICE_X113Y79        LUT6 (Prop_lut6_I5_O)        0.105    21.953 f  u_cpu/core_inst/rename/freelist/rob_tail[4]_i_73/O
                         net (fo=2, routed)           0.385    22.338    u_cpu/core_inst/rename/freelist/rob_tail[4]_i_73_n_0
    SLICE_X108Y77                                                     f  u_cpu/core_inst/rename/freelist/rob_tail[4]_i_40/I0
    SLICE_X108Y77        LUT4 (Prop_lut4_I0_O)        0.105    22.443 r  u_cpu/core_inst/rename/freelist/rob_tail[4]_i_40/O
                         net (fo=2, routed)           0.343    22.787    u_cpu/core_inst/rename/freelist/rob_tail[4]_i_40_n_0
    SLICE_X108Y76                                                     r  u_cpu/core_inst/rename/freelist/rob_tail[4]_i_49/I0
    SLICE_X108Y76        LUT5 (Prop_lut5_I0_O)        0.105    22.892 r  u_cpu/core_inst/rename/freelist/rob_tail[4]_i_49/O
                         net (fo=2, routed)           0.367    23.259    u_cpu/core_inst/rename/freelist/rob_tail[4]_i_49_n_0
    SLICE_X107Y77                                                     r  u_cpu/core_inst/rename/freelist/rob_tail[4]_i_50/I3
    SLICE_X107Y77        LUT6 (Prop_lut6_I3_O)        0.105    23.364 r  u_cpu/core_inst/rename/freelist/rob_tail[4]_i_50/O
                         net (fo=9, routed)           0.469    23.833    u_cpu/core_inst/rename/freelist/rob_tail[4]_i_50_n_0
    SLICE_X107Y75                                                     r  u_cpu/core_inst/rename/freelist/rob_tail[4]_i_46/I3
    SLICE_X107Y75        LUT6 (Prop_lut6_I3_O)        0.105    23.938 r  u_cpu/core_inst/rename/freelist/rob_tail[4]_i_46/O
                         net (fo=2, routed)           0.663    24.602    u_cpu/core_inst/rename/freelist/rob_tail[4]_i_46_n_0
    SLICE_X105Y75                                                     r  u_cpu/core_inst/rename/freelist/rob_tail[4]_i_29/I1
    SLICE_X105Y75        LUT6 (Prop_lut6_I1_O)        0.105    24.707 f  u_cpu/core_inst/rename/freelist/rob_tail[4]_i_29/O
                         net (fo=2, routed)           0.464    25.170    u_cpu/core_inst/rename/freelist/rob_tail[4]_i_29_n_0
    SLICE_X105Y76                                                     f  u_cpu/core_inst/rename/freelist/rob_tail[4]_i_17/I1
    SLICE_X105Y76        LUT6 (Prop_lut6_I1_O)        0.105    25.275 f  u_cpu/core_inst/rename/freelist/rob_tail[4]_i_17/O
                         net (fo=1, routed)           0.403    25.679    u_cpu/core_inst/rename/freelist/rob_tail[4]_i_17_n_0
    SLICE_X103Y76                                                     f  u_cpu/core_inst/rename/freelist/rob_tail[4]_i_10/I3
    SLICE_X103Y76        LUT6 (Prop_lut6_I3_O)        0.105    25.784 r  u_cpu/core_inst/rename/freelist/rob_tail[4]_i_10/O
                         net (fo=1, routed)           0.243    26.027    u_cpu/core_inst/rename/freelist/rob_tail[4]_i_10_n_0
    SLICE_X101Y76                                                     r  u_cpu/core_inst/rename/freelist/rob_tail[4]_i_7/I2
    SLICE_X101Y76        LUT6 (Prop_lut6_I2_O)        0.105    26.132 f  u_cpu/core_inst/rename/freelist/rob_tail[4]_i_7/O
                         net (fo=4, routed)           0.498    26.629    u_cpu/core_inst/rename/freelist/dispatch_enable
    SLICE_X94Y76                                                      f  u_cpu/core_inst/rename/freelist/br_alloc_q[0][7]_i_6/I2
    SLICE_X94Y76         LUT6 (Prop_lut6_I2_O)        0.105    26.734 f  u_cpu/core_inst/rename/freelist/br_alloc_q[0][7]_i_6/O
                         net (fo=57, routed)          0.434    27.168    u_cpu/core_inst/rename/freelist/fl_alloc_en[0]
    SLICE_X97Y75                                                      f  u_cpu/core_inst/rename/freelist/free_vec[55]_i_4/I3
    SLICE_X97Y75         LUT4 (Prop_lut4_I3_O)        0.105    27.273 r  u_cpu/core_inst/rename/freelist/free_vec[55]_i_4/O
                         net (fo=37, routed)          0.584    27.858    u_cpu/core_inst/rename/freelist/free_vec[55]_i_4_n_0
    SLICE_X100Y74                                                     r  u_cpu/core_inst/rename/freelist/slot_uop[15][pdst][5]_i_38/I3
    SLICE_X100Y74        LUT5 (Prop_lut5_I3_O)        0.105    27.963 r  u_cpu/core_inst/rename/freelist/slot_uop[15][pdst][5]_i_38/O
                         net (fo=3, routed)           0.392    28.354    u_cpu/core_inst/rename/freelist/slot_uop[15][pdst][5]_i_38_n_0
    SLICE_X97Y73                                                      r  u_cpu/core_inst/rename/freelist/slot_uop[15][pdst][5]_i_20/I5
    SLICE_X97Y73         LUT6 (Prop_lut6_I5_O)        0.105    28.459 r  u_cpu/core_inst/rename/freelist/slot_uop[15][pdst][5]_i_20/O
                         net (fo=3, routed)           0.551    29.011    u_cpu/core_inst/rename/freelist/slot_uop[15][pdst][5]_i_20_n_0
    SLICE_X96Y73                                                      r  u_cpu/core_inst/rename/freelist/slot_uop[15][pdst][5]_i_7/I0
    SLICE_X96Y73         LUT2 (Prop_lut2_I0_O)        0.127    29.138 r  u_cpu/core_inst/rename/freelist/slot_uop[15][pdst][5]_i_7/O
                         net (fo=5, routed)           0.940    30.077    u_cpu/core_inst/rename/freelist/slot_uop[15][pdst][5]_i_7_n_0
    SLICE_X91Y70                                                      r  u_cpu/core_inst/rename/freelist/slot_uop[15][pdst][5]_i_3/I3
    SLICE_X91Y70         LUT6 (Prop_lut6_I3_O)        0.286    30.363 r  u_cpu/core_inst/rename/freelist/slot_uop[15][pdst][5]_i_3/O
                         net (fo=89, routed)          0.638    31.001    u_cpu/core_inst/rename/freelist/mt_write_preg[5]
    SLICE_X85Y72                                                      r  u_cpu/core_inst/rename/freelist/slot_uop[6][psrc2_busy]_i_89/I2
    SLICE_X85Y72         LUT4 (Prop_lut4_I2_O)        0.105    31.106 r  u_cpu/core_inst/rename/freelist/slot_uop[6][psrc2_busy]_i_89/O
                         net (fo=1, routed)           0.456    31.563    u_cpu/core_inst/rename/freelist/slot_uop[6][psrc2_busy]_i_89_n_0
    SLICE_X86Y72                                                      r  u_cpu/core_inst/rename/freelist/slot_uop[6][psrc2_busy]_i_56/I0
    SLICE_X86Y72         LUT5 (Prop_lut5_I0_O)        0.105    31.668 r  u_cpu/core_inst/rename/freelist/slot_uop[6][psrc2_busy]_i_56/O
                         net (fo=1, routed)           0.227    31.894    u_cpu/core_inst/rename/freelist/slot_uop[6][psrc2_busy]_i_56_n_0
    SLICE_X85Y72                                                      r  u_cpu/core_inst/rename/freelist/slot_uop[6][psrc2_busy]_i_31/I0
    SLICE_X85Y72         LUT6 (Prop_lut6_I0_O)        0.105    31.999 r  u_cpu/core_inst/rename/freelist/slot_uop[6][psrc2_busy]_i_31/O
                         net (fo=1, routed)           0.643    32.642    u_cpu/core_inst/rename/freelist/slot_uop[6][psrc2_busy]_i_31_n_0
    SLICE_X84Y74                                                      r  u_cpu/core_inst/rename/freelist/slot_uop[6][psrc2_busy]_i_13__1/I4
    SLICE_X84Y74         LUT6 (Prop_lut6_I4_O)        0.105    32.747 r  u_cpu/core_inst/rename/freelist/slot_uop[6][psrc2_busy]_i_13__1/O
                         net (fo=8, routed)           0.663    33.410    u_cpu/core_inst/rename/freelist/rn2_mask_q_reg[1]_0
    SLICE_X83Y72                                                      r  u_cpu/core_inst/rename/freelist/slot_uop[15][psrc2_busy]_i_11__0/I3
    SLICE_X83Y72         LUT4 (Prop_lut4_I3_O)        0.105    33.515 r  u_cpu/core_inst/rename/freelist/slot_uop[15][psrc2_busy]_i_11__0/O
                         net (fo=6, routed)           0.690    34.205    u_cpu/core_inst/gen_alu[0].alu_inst/iq_alu_dis_uop[0][psrc2_busy]
    SLICE_X85Y77                                                      r  u_cpu/core_inst/gen_alu[0].alu_inst/slot_uop[12][psrc2_busy]_i_6/I1
    SLICE_X85Y77         LUT2 (Prop_lut2_I1_O)        0.105    34.310 f  u_cpu/core_inst/gen_alu[0].alu_inst/slot_uop[12][psrc2_busy]_i_6/O
                         net (fo=3, routed)           0.216    34.527    u_cpu/core_inst/rename/freelist/slot_uop_reg[0][psrc2_busy]
    SLICE_X85Y77                                                      f  u_cpu/core_inst/rename/freelist/slot_uop[0][psrc2_busy]_i_2/I1
    SLICE_X85Y77         LUT2 (Prop_lut2_I1_O)        0.110    34.637 r  u_cpu/core_inst/rename/freelist/slot_uop[0][psrc2_busy]_i_2/O
                         net (fo=7, routed)           0.678    35.314    u_cpu/core_inst/alu_iq/slot_uop_reg[0][psrc2_busy]_0
    SLICE_X83Y84                                                      r  u_cpu/core_inst/alu_iq/slot_uop[10][psrc2_busy]_i_2/I5
    SLICE_X83Y84         LUT6 (Prop_lut6_I5_O)        0.268    35.582 r  u_cpu/core_inst/alu_iq/slot_uop[10][psrc2_busy]_i_2/O
                         net (fo=1, routed)           0.396    35.978    u_cpu/core_inst/alu_iq/slot_uop[10][psrc2_busy]_i_2_n_0
    SLICE_X81Y84                                                      r  u_cpu/core_inst/alu_iq/slot_uop[10][psrc2_busy]_i_1/I0
    SLICE_X81Y84         LUT6 (Prop_lut6_I0_O)        0.105    36.083 r  u_cpu/core_inst/alu_iq/slot_uop[10][psrc2_busy]_i_1/O
                         net (fo=1, routed)           0.000    36.083    u_cpu/core_inst/alu_iq/slot_uop[10][psrc2_busy]_i_1_n_0
    SLICE_X81Y84         FDRE                                         r  u_cpu/core_inst/alu_iq/slot_uop_reg[10][psrc2_busy]/D
  -------------------------------------------------------------------    -------------------

                         (clock cpu_clk rise edge)   30.556    30.556 r  
    AC19                                              0.000    30.556 r  clk (IN)
                         net (fo=0)                   0.000    30.556    clk
    AC19                                                              r  clk_IBUF_inst/I
    AC19                 IBUF (Prop_ibuf_I_O)         1.350    31.906 r  clk_IBUF_inst/O
                         net (fo=1, routed)           2.471    34.376    clk_IBUF
    BUFGCTRL_X0Y0                                                     r  clk_IBUF_BUFG_inst/I
    BUFGCTRL_X0Y0        BUFG (Prop_bufg_I_O)         0.077    34.453 r  clk_IBUF_BUFG_inst/O
                         net (fo=2000, routed)        1.434    35.887    fpga_pll.u_clk_pll/inst/clk_in1
    PLLE2_ADV_X0Y2                                                    r  fpga_pll.u_clk_pll/inst/plle2_adv_inst/CLKIN1
    PLLE2_ADV_X0Y2       PLLE2_ADV (Prop_plle2_adv_CLKIN1_CLKOUT0)
                                                     -2.995    32.892 r  fpga_pll.u_clk_pll/inst/plle2_adv_inst/CLKOUT0
                         net (fo=1, routed)           1.484    34.376    fpga_pll.u_clk_pll/inst/cpu_clk_clk_pll
    BUFGCTRL_X0Y2                                                     r  fpga_pll.u_clk_pll/inst/clkout1_buf/I
    BUFGCTRL_X0Y2        BUFG (Prop_bufg_I_O)         0.077    34.453 r  fpga_pll.u_clk_pll/inst/clkout1_buf/O
                         net (fo=59802, routed)       1.407    35.860    u_cpu/core_inst/alu_iq/cpu_clk
    SLICE_X81Y84         FDRE                                         r  u_cpu/core_inst/alu_iq/slot_uop_reg[10][psrc2_busy]/C
                         clock pessimism              0.214    36.074    
                         clock uncertainty           -0.060    36.014    
    SLICE_X81Y84         FDRE (Setup_fdre_C_D)        0.030    36.044    u_cpu/core_inst/alu_iq/slot_uop_reg[10][psrc2_busy]
  -------------------------------------------------------------------
                         required time                         36.044    
                         arrival time                         -36.083    
  -------------------------------------------------------------------
                         slack                                 -0.039    

Slack (VIOLATED) :        -0.039ns  (required time - arrival time)
  Source:                 u_cpu/core_inst/rename/freelist/free_vec_reg[5]/C
                            (rising edge-triggered cell FDCE clocked by cpu_clk  {rise@0.000ns fall@15.278ns period=30.556ns})
  Destination:            u_cpu/core_inst/alu_iq/slot_uop_reg[10][psrc2_busy]/D
                            (rising edge-triggered cell FDRE clocked by cpu_clk  {rise@0.000ns fall@15.278ns period=30.556ns})
  Path Group:             cpu_clk
  Path Type:              Setup (Max at Slow Process Corner)
  Requirement:            30.556ns  (cpu_clk rise@30.556ns - cpu_clk rise@0.000ns)
  Data Path Delay:        30.428ns  (logic 5.790ns (19.028%)  route 24.638ns (80.972%))
  Logic Levels:           48  (LUT2=4 LUT3=1 LUT4=6 LUT5=8 LUT6=29)
  Clock Path Skew:        -0.136ns (DCD - SCD + CPR)
    Destination Clock Delay (DCD):    5.305ns = ( 35.860 - 30.556 ) 
    Source Clock Delay      (SCD):    5.655ns
    Clock Pessimism Removal (CPR):    0.214ns
  Clock Uncertainty:      0.060ns  ((TSJ^2 + DJ^2)^1/2) / 2 + PE
    Total System Jitter     (TSJ):    0.071ns
    Discrete Jitter          (DJ):    0.097ns
    Phase Error              (PE):    0.000ns

    Location             Delay type                Incr(ns)  Path(ns)    Netlist Resource(s)
  -------------------------------------------------------------------    -------------------
                         (clock cpu_clk rise edge)    0.000     0.000 r  
    AC19                                              0.000     0.000 r  clk (IN)
                         net (fo=0)                   0.000     0.000    clk
    AC19                                                              r  clk_IBUF_inst/I
    AC19                 IBUF (Prop_ibuf_I_O)         1.416     1.416 r  clk_IBUF_inst/O
                         net (fo=1, routed)           2.602     4.018    clk_IBUF
    BUFGCTRL_X0Y0                                                     r  clk_IBUF_BUFG_inst/I
    BUFGCTRL_X0Y0        BUFG (Prop_bufg_I_O)         0.081     4.099 r  clk_IBUF_BUFG_inst/O
                         net (fo=2000, routed)        1.536     5.635    fpga_pll.u_clk_pll/inst/clk_in1
    PLLE2_ADV_X0Y2                                                    r  fpga_pll.u_clk_pll/inst/plle2_adv_inst/CLKIN1
    PLLE2_ADV_X0Y2       PLLE2_ADV (Prop_plle2_adv_CLKIN1_CLKOUT0)
                                                     -3.173     2.461 r  fpga_pll.u_clk_pll/inst/plle2_adv_inst/CLKOUT0
                         net (fo=1, routed)           1.557     4.018    fpga_pll.u_clk_pll/inst/cpu_clk_clk_pll
    BUFGCTRL_X0Y2                                                     r  fpga_pll.u_clk_pll/inst/clkout1_buf/I
    BUFGCTRL_X0Y2        BUFG (Prop_bufg_I_O)         0.081     4.099 r  fpga_pll.u_clk_pll/inst/clkout1_buf/O
                         net (fo=59802, routed)       1.556     5.655    u_cpu/core_inst/rename/freelist/cpu_clk
    SLICE_X118Y71        FDCE                                         r  u_cpu/core_inst/rename/freelist/free_vec_reg[5]/C
  -------------------------------------------------------------------    -------------------
    SLICE_X118Y71        FDCE (Prop_fdce_C_Q)         0.379     6.034 r  u_cpu/core_inst/rename/freelist/free_vec_reg[5]/Q
                         net (fo=17, routed)          0.762     6.796    u_cpu/core_inst/rename/freelist/p_45_in
    SLICE_X121Y71                                                     r  u_cpu/core_inst/rename/freelist/rob_tail[4]_i_227/I2
    SLICE_X121Y71        LUT6 (Prop_lut6_I2_O)        0.105     6.901 r  u_cpu/core_inst/rename/freelist/rob_tail[4]_i_227/O
                         net (fo=7, routed)           0.518     7.419    u_cpu/core_inst/rename/freelist/rob_tail[4]_i_227_n_0
    SLICE_X119Y71                                                     r  u_cpu/core_inst/rename/freelist/rob_tail[4]_i_231/I5
    SLICE_X119Y71        LUT6 (Prop_lut6_I5_O)        0.105     7.524 r  u_cpu/core_inst/rename/freelist/rob_tail[4]_i_231/O
                         net (fo=4, routed)           0.472     7.996    u_cpu/core_inst/rename/freelist/rob_tail[4]_i_231_n_0
    SLICE_X120Y70                                                     r  u_cpu/core_inst/rename/freelist/rob_tail[4]_i_213/I0
    SLICE_X120Y70        LUT3 (Prop_lut3_I0_O)        0.105     8.101 r  u_cpu/core_inst/rename/freelist/rob_tail[4]_i_213/O
                         net (fo=1, routed)           0.671     8.771    u_cpu/core_inst/rename/freelist/rob_tail[4]_i_213_n_0
    SLICE_X119Y70                                                     r  u_cpu/core_inst/rename/freelist/rob_tail[4]_i_184/I5
    SLICE_X119Y70        LUT6 (Prop_lut6_I5_O)        0.105     8.876 r  u_cpu/core_inst/rename/freelist/rob_tail[4]_i_184/O
                         net (fo=2, routed)           0.477     9.353    u_cpu/core_inst/rename/freelist/rob_tail[4]_i_184_n_0
    SLICE_X119Y72                                                     r  u_cpu/core_inst/rename/freelist/rob_tail[4]_i_182/I3
    SLICE_X119Y72        LUT6 (Prop_lut6_I3_O)        0.105     9.458 f  u_cpu/core_inst/rename/freelist/rob_tail[4]_i_182/O
                         net (fo=3, routed)           0.332     9.790    u_cpu/core_inst/rename/freelist/rob_tail[4]_i_182_n_0
    SLICE_X119Y72                                                     f  u_cpu/core_inst/rename/freelist/rob_tail[4]_i_204/I3
    SLICE_X119Y72        LUT5 (Prop_lut5_I3_O)        0.105     9.895 f  u_cpu/core_inst/rename/freelist/rob_tail[4]_i_204/O
                         net (fo=4, routed)           0.528    10.423    u_cpu/core_inst/rename/freelist/rob_tail[4]_i_204_n_0
    SLICE_X117Y72                                                     f  u_cpu/core_inst/rename/freelist/rob_tail[4]_i_176/I3
    SLICE_X117Y72        LUT6 (Prop_lut6_I3_O)        0.105    10.528 f  u_cpu/core_inst/rename/freelist/rob_tail[4]_i_176/O
                         net (fo=13, routed)          0.397    10.925    u_cpu/core_inst/rename/freelist/rob_tail[4]_i_176_n_0
    SLICE_X122Y72                                                     f  u_cpu/core_inst/rename/freelist/rob_tail[4]_i_216/I2
    SLICE_X122Y72        LUT5 (Prop_lut5_I2_O)        0.105    11.030 f  u_cpu/core_inst/rename/freelist/rob_tail[4]_i_216/O
                         net (fo=4, routed)           0.569    11.599    u_cpu/core_inst/rename/freelist/rob_tail[4]_i_216_n_0
    SLICE_X124Y72                                                     f  u_cpu/core_inst/rename/freelist/rob_tail[4]_i_194/I0
    SLICE_X124Y72        LUT4 (Prop_lut4_I0_O)        0.105    11.704 r  u_cpu/core_inst/rename/freelist/rob_tail[4]_i_194/O
                         net (fo=3, routed)           0.536    12.240    u_cpu/core_inst/rename/freelist/rob_tail[4]_i_194_n_0
    SLICE_X124Y71                                                     r  u_cpu/core_inst/rename/freelist/rob_tail[4]_i_175/I1
    SLICE_X124Y71        LUT6 (Prop_lut6_I1_O)        0.105    12.345 f  u_cpu/core_inst/rename/freelist/rob_tail[4]_i_175/O
                         net (fo=3, routed)           0.648    12.993    u_cpu/core_inst/rename/freelist/rob_tail[4]_i_175_n_0
    SLICE_X122Y70                                                     f  u_cpu/core_inst/rename/freelist/rob_tail[4]_i_153/I4
    SLICE_X122Y70        LUT5 (Prop_lut5_I4_O)        0.105    13.098 r  u_cpu/core_inst/rename/freelist/rob_tail[4]_i_153/O
                         net (fo=3, routed)           0.547    13.646    u_cpu/core_inst/rename/freelist/rob_tail[4]_i_153_n_0
    SLICE_X122Y75                                                     r  u_cpu/core_inst/rename/freelist/rob_tail[4]_i_122/I1
    SLICE_X122Y75        LUT4 (Prop_lut4_I1_O)        0.105    13.751 r  u_cpu/core_inst/rename/freelist/rob_tail[4]_i_122/O
                         net (fo=4, routed)           0.538    14.289    u_cpu/core_inst/rename/freelist/rob_tail[4]_i_122_n_0
    SLICE_X120Y75                                                     r  u_cpu/core_inst/rename/freelist/rob_tail[4]_i_145/I4
    SLICE_X120Y75        LUT6 (Prop_lut6_I4_O)        0.105    14.394 r  u_cpu/core_inst/rename/freelist/rob_tail[4]_i_145/O
                         net (fo=2, routed)           0.697    15.091    u_cpu/core_inst/rename/freelist/rob_tail[4]_i_145_n_0
    SLICE_X121Y74                                                     r  u_cpu/core_inst/rename/freelist/rob_tail[4]_i_106/I4
    SLICE_X121Y74        LUT6 (Prop_lut6_I4_O)        0.105    15.196 f  u_cpu/core_inst/rename/freelist/rob_tail[4]_i_106/O
                         net (fo=11, routed)          0.422    15.619    u_cpu/core_inst/rename/freelist/rob_tail[4]_i_106_n_0
    SLICE_X120Y75                                                     f  u_cpu/core_inst/rename/freelist/rob_tail[4]_i_158/I1
    SLICE_X120Y75        LUT2 (Prop_lut2_I1_O)        0.105    15.724 f  u_cpu/core_inst/rename/freelist/rob_tail[4]_i_158/O
                         net (fo=5, routed)           0.726    16.449    u_cpu/core_inst/rename/freelist/rob_tail[4]_i_158_n_0
    SLICE_X123Y74                                                     f  u_cpu/core_inst/rename/freelist/rob_tail[4]_i_111/I5
    SLICE_X123Y74        LUT6 (Prop_lut6_I5_O)        0.105    16.554 r  u_cpu/core_inst/rename/freelist/rob_tail[4]_i_111/O
                         net (fo=9, routed)           0.648    17.203    u_cpu/core_inst/rename/freelist/rob_tail[4]_i_111_n_0
    SLICE_X120Y76                                                     r  u_cpu/core_inst/rename/freelist/rob_tail[4]_i_102/I2
    SLICE_X120Y76        LUT6 (Prop_lut6_I2_O)        0.105    17.308 f  u_cpu/core_inst/rename/freelist/rob_tail[4]_i_102/O
                         net (fo=3, routed)           0.501    17.809    u_cpu/core_inst/rename/freelist/rob_tail[4]_i_102_n_0
    SLICE_X118Y76                                                     f  u_cpu/core_inst/rename/freelist/rob_tail[4]_i_124/I3
    SLICE_X118Y76        LUT6 (Prop_lut6_I3_O)        0.105    17.914 r  u_cpu/core_inst/rename/freelist/rob_tail[4]_i_124/O
                         net (fo=3, routed)           0.397    18.311    u_cpu/core_inst/rename/freelist/rob_tail[4]_i_124_n_0
    SLICE_X119Y78                                                     r  u_cpu/core_inst/rename/freelist/rob_tail[4]_i_90/I5
    SLICE_X119Y78        LUT6 (Prop_lut6_I5_O)        0.105    18.416 f  u_cpu/core_inst/rename/freelist/rob_tail[4]_i_90/O
                         net (fo=8, routed)           0.451    18.867    u_cpu/core_inst/rename/freelist/rob_tail[4]_i_90_n_0
    SLICE_X118Y78                                                     f  u_cpu/core_inst/rename/freelist/rob_tail[4]_i_136/I2
    SLICE_X118Y78        LUT6 (Prop_lut6_I2_O)        0.105    18.972 f  u_cpu/core_inst/rename/freelist/rob_tail[4]_i_136/O
                         net (fo=5, routed)           0.377    19.350    u_cpu/core_inst/rename/freelist/rob_tail[4]_i_136_n_0
    SLICE_X118Y78                                                     f  u_cpu/core_inst/rename/freelist/rob_tail[4]_i_96/I5
    SLICE_X118Y78        LUT6 (Prop_lut6_I5_O)        0.105    19.455 f  u_cpu/core_inst/rename/freelist/rob_tail[4]_i_96/O
                         net (fo=3, routed)           0.525    19.980    u_cpu/core_inst/rename/freelist/rob_tail[4]_i_96_n_0
    SLICE_X117Y78                                                     f  u_cpu/core_inst/rename/freelist/rob_tail[4]_i_75/I0
    SLICE_X117Y78        LUT6 (Prop_lut6_I0_O)        0.105    20.085 r  u_cpu/core_inst/rename/freelist/rob_tail[4]_i_75/O
                         net (fo=9, routed)           0.539    20.624    u_cpu/core_inst/rename/freelist/rob_tail[4]_i_75_n_0
    SLICE_X116Y79                                                     r  u_cpu/core_inst/rename/freelist/rob_tail[4]_i_128/I3
    SLICE_X116Y79        LUT5 (Prop_lut5_I3_O)        0.105    20.729 r  u_cpu/core_inst/rename/freelist/rob_tail[4]_i_128/O
                         net (fo=3, routed)           0.364    21.092    u_cpu/core_inst/rename/freelist/rob_tail[4]_i_128_n_0
    SLICE_X114Y79                                                     r  u_cpu/core_inst/rename/freelist/rob_tail[4]_i_95/I4
    SLICE_X114Y79        LUT5 (Prop_lut5_I4_O)        0.105    21.197 r  u_cpu/core_inst/rename/freelist/rob_tail[4]_i_95/O
                         net (fo=1, routed)           0.651    21.848    u_cpu/core_inst/rename/freelist/rob_tail[4]_i_95_n_0
    SLICE_X113Y79                                                     r  u_cpu/core_inst/rename/freelist/rob_tail[4]_i_73/I5
    SLICE_X113Y79        LUT6 (Prop_lut6_I5_O)        0.105    21.953 f  u_cpu/core_inst/rename/freelist/rob_tail[4]_i_73/O
                         net (fo=2, routed)           0.385    22.338    u_cpu/core_inst/rename/freelist/rob_tail[4]_i_73_n_0
    SLICE_X108Y77                                                     f  u_cpu/core_inst/rename/freelist/rob_tail[4]_i_40/I0
    SLICE_X108Y77        LUT4 (Prop_lut4_I0_O)        0.105    22.443 r  u_cpu/core_inst/rename/freelist/rob_tail[4]_i_40/O
                         net (fo=2, routed)           0.343    22.787    u_cpu/core_inst/rename/freelist/rob_tail[4]_i_40_n_0
    SLICE_X108Y76                                                     r  u_cpu/core_inst/rename/freelist/rob_tail[4]_i_49/I0
    SLICE_X108Y76        LUT5 (Prop_lut5_I0_O)        0.105    22.892 r  u_cpu/core_inst/rename/freelist/rob_tail[4]_i_49/O
                         net (fo=2, routed)           0.367    23.259    u_cpu/core_inst/rename/freelist/rob_tail[4]_i_49_n_0
    SLICE_X107Y77                                                     r  u_cpu/core_inst/rename/freelist/rob_tail[4]_i_50/I3
    SLICE_X107Y77        LUT6 (Prop_lut6_I3_O)        0.105    23.364 r  u_cpu/core_inst/rename/freelist/rob_tail[4]_i_50/O
                         net (fo=9, routed)           0.469    23.833    u_cpu/core_inst/rename/freelist/rob_tail[4]_i_50_n_0
    SLICE_X107Y75                                                     r  u_cpu/core_inst/rename/freelist/rob_tail[4]_i_46/I3
    SLICE_X107Y75        LUT6 (Prop_lut6_I3_O)        0.105    23.938 r  u_cpu/core_inst/rename/freelist/rob_tail[4]_i_46/O
                         net (fo=2, routed)           0.663    24.602    u_cpu/core_inst/rename/freelist/rob_tail[4]_i_46_n_0
    SLICE_X105Y75                                                     r  u_cpu/core_inst/rename/freelist/rob_tail[4]_i_29/I1
    SLICE_X105Y75        LUT6 (Prop_lut6_I1_O)        0.105    24.707 f  u_cpu/core_inst/rename/freelist/rob_tail[4]_i_29/O
                         net (fo=2, routed)           0.464    25.170    u_cpu/core_inst/rename/freelist/rob_tail[4]_i_29_n_0
    SLICE_X105Y76                                                     f  u_cpu/core_inst/rename/freelist/rob_tail[4]_i_17/I1
    SLICE_X105Y76        LUT6 (Prop_lut6_I1_O)        0.105    25.275 f  u_cpu/core_inst/rename/freelist/rob_tail[4]_i_17/O
                         net (fo=1, routed)           0.403    25.679    u_cpu/core_inst/rename/freelist/rob_tail[4]_i_17_n_0
    SLICE_X103Y76                                                     f  u_cpu/core_inst/rename/freelist/rob_tail[4]_i_10/I3
    SLICE_X103Y76        LUT6 (Prop_lut6_I3_O)        0.105    25.784 r  u_cpu/core_inst/rename/freelist/rob_tail[4]_i_10/O
                         net (fo=1, routed)           0.243    26.027    u_cpu/core_inst/rename/freelist/rob_tail[4]_i_10_n_0
    SLICE_X101Y76                                                     r  u_cpu/core_inst/rename/freelist/rob_tail[4]_i_7/I2
    SLICE_X101Y76        LUT6 (Prop_lut6_I2_O)        0.105    26.132 f  u_cpu/core_inst/rename/freelist/rob_tail[4]_i_7/O
                         net (fo=4, routed)           0.498    26.629    u_cpu/core_inst/rename/freelist/dispatch_enable
    SLICE_X94Y76                                                      f  u_cpu/core_inst/rename/freelist/br_alloc_q[0][7]_i_6/I2
    SLICE_X94Y76         LUT6 (Prop_lut6_I2_O)        0.105    26.734 f  u_cpu/core_inst/rename/freelist/br_alloc_q[0][7]_i_6/O
                         net (fo=57, routed)          0.434    27.168    u_cpu/core_inst/rename/freelist/fl_alloc_en[0]
    SLICE_X97Y75                                                      f  u_cpu/core_inst/rename/freelist/free_vec[55]_i_4/I3
    SLICE_X97Y75         LUT4 (Prop_lut4_I3_O)        0.105    27.273 r  u_cpu/core_inst/rename/freelist/free_vec[55]_i_4/O
                         net (fo=37, routed)          0.584    27.858    u_cpu/core_inst/rename/freelist/free_vec[55]_i_4_n_0
    SLICE_X100Y74                                                     r  u_cpu/core_inst/rename/freelist/slot_uop[15][pdst][5]_i_38/I3
    SLICE_X100Y74        LUT5 (Prop_lut5_I3_O)        0.105    27.963 r  u_cpu/core_inst/rename/freelist/slot_uop[15][pdst][5]_i_38/O
                         net (fo=3, routed)           0.392    28.354    u_cpu/core_inst/rename/freelist/slot_uop[15][pdst][5]_i_38_n_0
    SLICE_X97Y73                                                      r  u_cpu/core_inst/rename/freelist/slot_uop[15][pdst][5]_i_20/I5
    SLICE_X97Y73         LUT6 (Prop_lut6_I5_O)        0.105    28.459 r  u_cpu/core_inst/rename/freelist/slot_uop[15][pdst][5]_i_20/O
                         net (fo=3, routed)           0.551    29.011    u_cpu/core_inst/rename/freelist/slot_uop[15][pdst][5]_i_20_n_0
    SLICE_X96Y73                                                      r  u_cpu/core_inst/rename/freelist/slot_uop[15][pdst][5]_i_7/I0
    SLICE_X96Y73         LUT2 (Prop_lut2_I0_O)        0.127    29.138 r  u_cpu/core_inst/rename/freelist/slot_uop[15][pdst][5]_i_7/O
                         net (fo=5, routed)           0.940    30.077    u_cpu/core_inst/rename/freelist/slot_uop[15][pdst][5]_i_7_n_0
    SLICE_X91Y70                                                      r  u_cpu/core_inst/rename/freelist/slot_uop[15][pdst][5]_i_3/I3
    SLICE_X91Y70         LUT6 (Prop_lut6_I3_O)        0.286    30.363 r  u_cpu/core_inst/rename/freelist/slot_uop[15][pdst][5]_i_3/O
                         net (fo=89, routed)          0.638    31.001    u_cpu/core_inst/rename/freelist/mt_write_preg[5]
    SLICE_X85Y72                                                      r  u_cpu/core_inst/rename/freelist/slot_uop[6][psrc2_busy]_i_89/I2
    SLICE_X85Y72         LUT4 (Prop_lut4_I2_O)        0.105    31.106 r  u_cpu/core_inst/rename/freelist/slot_uop[6][psrc2_busy]_i_89/O
                         net (fo=1, routed)           0.456    31.563    u_cpu/core_inst/rename/freelist/slot_uop[6][psrc2_busy]_i_89_n_0
    SLICE_X86Y72                                                      r  u_cpu/core_inst/rename/freelist/slot_uop[6][psrc2_busy]_i_56/I0
    SLICE_X86Y72         LUT5 (Prop_lut5_I0_O)        0.105    31.668 r  u_cpu/core_inst/rename/freelist/slot_uop[6][psrc2_busy]_i_56/O
                         net (fo=1, routed)           0.227    31.894    u_cpu/core_inst/rename/freelist/slot_uop[6][psrc2_busy]_i_56_n_0
    SLICE_X85Y72                                                      r  u_cpu/core_inst/rename/freelist/slot_uop[6][psrc2_busy]_i_31/I0
    SLICE_X85Y72         LUT6 (Prop_lut6_I0_O)        0.105    31.999 r  u_cpu/core_inst/rename/freelist/slot_uop[6][psrc2_busy]_i_31/O
                         net (fo=1, routed)           0.643    32.642    u_cpu/core_inst/rename/freelist/slot_uop[6][psrc2_busy]_i_31_n_0
    SLICE_X84Y74                                                      r  u_cpu/core_inst/rename/freelist/slot_uop[6][psrc2_busy]_i_13__1/I4
    SLICE_X84Y74         LUT6 (Prop_lut6_I4_O)        0.105    32.747 r  u_cpu/core_inst/rename/freelist/slot_uop[6][psrc2_busy]_i_13__1/O
                         net (fo=8, routed)           0.663    33.410    u_cpu/core_inst/rename/freelist/rn2_mask_q_reg[1]_0
    SLICE_X83Y72                                                      r  u_cpu/core_inst/rename/freelist/slot_uop[15][psrc2_busy]_i_11__0/I3
    SLICE_X83Y72         LUT4 (Prop_lut4_I3_O)        0.105    33.515 r  u_cpu/core_inst/rename/freelist/slot_uop[15][psrc2_busy]_i_11__0/O
                         net (fo=6, routed)           0.690    34.205    u_cpu/core_inst/gen_alu[0].alu_inst/iq_alu_dis_uop[0][psrc2_busy]
    SLICE_X85Y77                                                      r  u_cpu/core_inst/gen_alu[0].alu_inst/slot_uop[12][psrc2_busy]_i_6/I1
    SLICE_X85Y77         LUT2 (Prop_lut2_I1_O)        0.105    34.310 f  u_cpu/core_inst/gen_alu[0].alu_inst/slot_uop[12][psrc2_busy]_i_6/O
                         net (fo=3, routed)           0.216    34.527    u_cpu/core_inst/rename/freelist/slot_uop_reg[0][psrc2_busy]
    SLICE_X85Y77                                                      f  u_cpu/core_inst/rename/freelist/slot_uop[0][psrc2_busy]_i_2/I1
    SLICE_X85Y77         LUT2 (Prop_lut2_I1_O)        0.110    34.637 r  u_cpu/core_inst/rename/freelist/slot_uop[0][psrc2_busy]_i_2/O
                         net (fo=7, routed)           0.678    35.314    u_cpu/core_inst/alu_iq/slot_uop_reg[0][psrc2_busy]_0
    SLICE_X83Y84                                                      r  u_cpu/core_inst/alu_iq/slot_uop[10][psrc2_busy]_i_2/I5
    SLICE_X83Y84         LUT6 (Prop_lut6_I5_O)        0.268    35.582 r  u_cpu/core_inst/alu_iq/slot_uop[10][psrc2_busy]_i_2/O
                         net (fo=1, routed)           0.396    35.978    u_cpu/core_inst/alu_iq/slot_uop[10][psrc2_busy]_i_2_n_0
    SLICE_X81Y84                                                      r  u_cpu/core_inst/alu_iq/slot_uop[10][psrc2_busy]_i_1/I0
    SLICE_X81Y84         LUT6 (Prop_lut6_I0_O)        0.105    36.083 r  u_cpu/core_inst/alu_iq/slot_uop[10][psrc2_busy]_i_1/O
                         net (fo=1, routed)           0.000    36.083    u_cpu/core_inst/alu_iq/slot_uop[10][psrc2_busy]_i_1_n_0
    SLICE_X81Y84         FDRE                                         r  u_cpu/core_inst/alu_iq/slot_uop_reg[10][psrc2_busy]/D
  -------------------------------------------------------------------    -------------------

                         (clock cpu_clk rise edge)   30.556    30.556 r  
    AC19                                              0.000    30.556 r  clk (IN)
                         net (fo=0)                   0.000    30.556    clk
    AC19                                                              r  clk_IBUF_inst/I
    AC19                 IBUF (Prop_ibuf_I_O)         1.350    31.906 r  clk_IBUF_inst/O
                         net (fo=1, routed)           2.471    34.376    clk_IBUF
    BUFGCTRL_X0Y0                                                     r  clk_IBUF_BUFG_inst/I
    BUFGCTRL_X0Y0        BUFG (Prop_bufg_I_O)         0.077    34.453 r  clk_IBUF_BUFG_inst/O
                         net (fo=2000, routed)        1.434    35.887    fpga_pll.u_clk_pll/inst/clk_in1
    PLLE2_ADV_X0Y2                                                    r  fpga_pll.u_clk_pll/inst/plle2_adv_inst/CLKIN1
    PLLE2_ADV_X0Y2       PLLE2_ADV (Prop_plle2_adv_CLKIN1_CLKOUT0)
                                                     -2.995    32.892 r  fpga_pll.u_clk_pll/inst/plle2_adv_inst/CLKOUT0
                         net (fo=1, routed)           1.484    34.376    fpga_pll.u_clk_pll/inst/cpu_clk_clk_pll
    BUFGCTRL_X0Y2                                                     r  fpga_pll.u_clk_pll/inst/clkout1_buf/I
    BUFGCTRL_X0Y2        BUFG (Prop_bufg_I_O)         0.077    34.453 r  fpga_pll.u_clk_pll/inst/clkout1_buf/O
                         net (fo=59802, routed)       1.407    35.860    u_cpu/core_inst/alu_iq/cpu_clk
    SLICE_X81Y84         FDRE                                         r  u_cpu/core_inst/alu_iq/slot_uop_reg[10][psrc2_busy]/C
                         clock pessimism              0.214    36.074    
                         clock uncertainty           -0.060    36.014    
    SLICE_X81Y84         FDRE (Setup_fdre_C_D)        0.030    36.044    u_cpu/core_inst/alu_iq/slot_uop_reg[10][psrc2_busy]
  -------------------------------------------------------------------
                         required time                         36.044    
                         arrival time                         -36.083    
  -------------------------------------------------------------------
                         slack                                 -0.039    

Slack (VIOLATED) :        -0.039ns  (required time - arrival time)
  Source:                 u_cpu/core_inst/rename/freelist/free_vec_reg[5]/C
                            (rising edge-triggered cell FDCE clocked by cpu_clk  {rise@0.000ns fall@15.278ns period=30.556ns})
  Destination:            u_cpu/core_inst/alu_iq/slot_uop_reg[10][psrc2_busy]/D
                            (rising edge-triggered cell FDRE clocked by cpu_clk  {rise@0.000ns fall@15.278ns period=30.556ns})
  Path Group:             cpu_clk
  Path Type:              Setup (Max at Slow Process Corner)
  Requirement:            30.556ns  (cpu_clk rise@30.556ns - cpu_clk rise@0.000ns)
  Data Path Delay:        30.428ns  (logic 5.790ns (19.028%)  route 24.638ns (80.972%))
  Logic Levels:           48  (LUT2=4 LUT3=1 LUT4=6 LUT5=8 LUT6=29)
  Clock Path Skew:        -0.136ns (DCD - SCD + CPR)
    Destination Clock Delay (DCD):    5.305ns = ( 35.860 - 30.556 ) 
    Source Clock Delay      (SCD):    5.655ns
    Clock Pessimism Removal (CPR):    0.214ns
  Clock Uncertainty:      0.060ns  ((TSJ^2 + DJ^2)^1/2) / 2 + PE
    Total System Jitter     (TSJ):    0.071ns
    Discrete Jitter          (DJ):    0.097ns
    Phase Error              (PE):    0.000ns

    Location             Delay type                Incr(ns)  Path(ns)    Netlist Resource(s)
  -------------------------------------------------------------------    -------------------
                         (clock cpu_clk rise edge)    0.000     0.000 r  
    AC19                                              0.000     0.000 r  clk (IN)
                         net (fo=0)                   0.000     0.000    clk
    AC19                                                              r  clk_IBUF_inst/I
    AC19                 IBUF (Prop_ibuf_I_O)         1.416     1.416 r  clk_IBUF_inst/O
                         net (fo=1, routed)           2.602     4.018    clk_IBUF
    BUFGCTRL_X0Y0                                                     r  clk_IBUF_BUFG_inst/I
    BUFGCTRL_X0Y0        BUFG (Prop_bufg_I_O)         0.081     4.099 r  clk_IBUF_BUFG_inst/O
                         net (fo=2000, routed)        1.536     5.635    fpga_pll.u_clk_pll/inst/clk_in1
    PLLE2_ADV_X0Y2                                                    r  fpga_pll.u_clk_pll/inst/plle2_adv_inst/CLKIN1
    PLLE2_ADV_X0Y2       PLLE2_ADV (Prop_plle2_adv_CLKIN1_CLKOUT0)
                                                     -3.173     2.461 r  fpga_pll.u_clk_pll/inst/plle2_adv_inst/CLKOUT0
                         net (fo=1, routed)           1.557     4.018    fpga_pll.u_clk_pll/inst/cpu_clk_clk_pll
    BUFGCTRL_X0Y2                                                     r  fpga_pll.u_clk_pll/inst/clkout1_buf/I
    BUFGCTRL_X0Y2        BUFG (Prop_bufg_I_O)         0.081     4.099 r  fpga_pll.u_clk_pll/inst/clkout1_buf/O
                         net (fo=59802, routed)       1.556     5.655    u_cpu/core_inst/rename/freelist/cpu_clk
    SLICE_X118Y71        FDCE                                         r  u_cpu/core_inst/rename/freelist/free_vec_reg[5]/C
  -------------------------------------------------------------------    -------------------
    SLICE_X118Y71        FDCE (Prop_fdce_C_Q)         0.379     6.034 r  u_cpu/core_inst/rename/freelist/free_vec_reg[5]/Q
                         net (fo=17, routed)          0.762     6.796    u_cpu/core_inst/rename/freelist/p_45_in
    SLICE_X121Y71                                                     r  u_cpu/core_inst/rename/freelist/rob_tail[4]_i_227/I2
    SLICE_X121Y71        LUT6 (Prop_lut6_I2_O)        0.105     6.901 r  u_cpu/core_inst/rename/freelist/rob_tail[4]_i_227/O
                         net (fo=7, routed)           0.518     7.419    u_cpu/core_inst/rename/freelist/rob_tail[4]_i_227_n_0
    SLICE_X119Y71                                                     r  u_cpu/core_inst/rename/freelist/rob_tail[4]_i_231/I5
    SLICE_X119Y71        LUT6 (Prop_lut6_I5_O)        0.105     7.524 r  u_cpu/core_inst/rename/freelist/rob_tail[4]_i_231/O
                         net (fo=4, routed)           0.472     7.996    u_cpu/core_inst/rename/freelist/rob_tail[4]_i_231_n_0
    SLICE_X120Y70                                                     r  u_cpu/core_inst/rename/freelist/rob_tail[4]_i_213/I0
    SLICE_X120Y70        LUT3 (Prop_lut3_I0_O)        0.105     8.101 r  u_cpu/core_inst/rename/freelist/rob_tail[4]_i_213/O
                         net (fo=1, routed)           0.671     8.771    u_cpu/core_inst/rename/freelist/rob_tail[4]_i_213_n_0
    SLICE_X119Y70                                                     r  u_cpu/core_inst/rename/freelist/rob_tail[4]_i_184/I5
    SLICE_X119Y70        LUT6 (Prop_lut6_I5_O)        0.105     8.876 f  u_cpu/core_inst/rename/freelist/rob_tail[4]_i_184/O
                         net (fo=2, routed)           0.477     9.353    u_cpu/core_inst/rename/freelist/rob_tail[4]_i_184_n_0
    SLICE_X119Y72                                                     f  u_cpu/core_inst/rename/freelist/rob_tail[4]_i_182/I3
    SLICE_X119Y72        LUT6 (Prop_lut6_I3_O)        0.105     9.458 r  u_cpu/core_inst/rename/freelist/rob_tail[4]_i_182/O
                         net (fo=3, routed)           0.332     9.790    u_cpu/core_inst/rename/freelist/rob_tail[4]_i_182_n_0
    SLICE_X119Y72                                                     r  u_cpu/core_inst/rename/freelist/rob_tail[4]_i_204/I3
    SLICE_X119Y72        LUT5 (Prop_lut5_I3_O)        0.105     9.895 r  u_cpu/core_inst/rename/freelist/rob_tail[4]_i_204/O
                         net (fo=4, routed)           0.528    10.423    u_cpu/core_inst/rename/freelist/rob_tail[4]_i_204_n_0
    SLICE_X117Y72                                                     r  u_cpu/core_inst/rename/freelist/rob_tail[4]_i_176/I3
    SLICE_X117Y72        LUT6 (Prop_lut6_I3_O)        0.105    10.528 r  u_cpu/core_inst/rename/freelist/rob_tail[4]_i_176/O
                         net (fo=13, routed)          0.397    10.925    u_cpu/core_inst/rename/freelist/rob_tail[4]_i_176_n_0
    SLICE_X122Y72                                                     r  u_cpu/core_inst/rename/freelist/rob_tail[4]_i_216/I2
    SLICE_X122Y72        LUT5 (Prop_lut5_I2_O)        0.105    11.030 r  u_cpu/core_inst/rename/freelist/rob_tail[4]_i_216/O
                         net (fo=4, routed)           0.569    11.599    u_cpu/core_inst/rename/freelist/rob_tail[4]_i_216_n_0
    SLICE_X124Y72                                                     r  u_cpu/core_inst/rename/freelist/rob_tail[4]_i_194/I0
    SLICE_X124Y72        LUT4 (Prop_lut4_I0_O)        0.105    11.704 f  u_cpu/core_inst/rename/freelist/rob_tail[4]_i_194/O
                         net (fo=3, routed)           0.536    12.240    u_cpu/core_inst/rename/freelist/rob_tail[4]_i_194_n_0
    SLICE_X124Y71                                                     f  u_cpu/core_inst/rename/freelist/rob_tail[4]_i_175/I1
    SLICE_X124Y71        LUT6 (Prop_lut6_I1_O)        0.105    12.345 f  u_cpu/core_inst/rename/freelist/rob_tail[4]_i_175/O
                         net (fo=3, routed)           0.648    12.993    u_cpu/core_inst/rename/freelist/rob_tail[4]_i_175_n_0
    SLICE_X122Y70                                                     f  u_cpu/core_inst/rename/freelist/rob_tail[4]_i_153/I4
    SLICE_X122Y70        LUT5 (Prop_lut5_I4_O)        0.105    13.098 r  u_cpu/core_inst/rename/freelist/rob_tail[4]_i_153/O
                         net (fo=3, routed)           0.547    13.646    u_cpu/core_inst/rename/freelist/rob_tail[4]_i_153_n_0
    SLICE_X122Y75                                                     r  u_cpu/core_inst/rename/freelist/rob_tail[4]_i_122/I1
    SLICE_X122Y75        LUT4 (Prop_lut4_I1_O)        0.105    13.751 r  u_cpu/core_inst/rename/freelist/rob_tail[4]_i_122/O
                         net (fo=4, routed)           0.538    14.289    u_cpu/core_inst/rename/freelist/rob_tail[4]_i_122_n_0
    SLICE_X120Y75                                                     r  u_cpu/core_inst/rename/freelist/rob_tail[4]_i_145/I4
    SLICE_X120Y75        LUT6 (Prop_lut6_I4_O)        0.105    14.394 r  u_cpu/core_inst/rename/freelist/rob_tail[4]_i_145/O
                         net (fo=2, routed)           0.697    15.091    u_cpu/core_inst/rename/freelist/rob_tail[4]_i_145_n_0
    SLICE_X121Y74                                                     r  u_cpu/core_inst/rename/freelist/rob_tail[4]_i_106/I4
    SLICE_X121Y74        LUT6 (Prop_lut6_I4_O)        0.105    15.196 f  u_cpu/core_inst/rename/freelist/rob_tail[4]_i_106/O
                         net (fo=11, routed)          0.422    15.619    u_cpu/core_inst/rename/freelist/rob_tail[4]_i_106_n_0
    SLICE_X120Y75                                                     f  u_cpu/core_inst/rename/freelist/rob_tail[4]_i_158/I1
    SLICE_X120Y75        LUT2 (Prop_lut2_I1_O)        0.105    15.724 f  u_cpu/core_inst/rename/freelist/rob_tail[4]_i_158/O
                         net (fo=5, routed)           0.726    16.449    u_cpu/core_inst/rename/freelist/rob_tail[4]_i_158_n_0
    SLICE_X123Y74                                                     f  u_cpu/core_inst/rename/freelist/rob_tail[4]_i_111/I5
    SLICE_X123Y74        LUT6 (Prop_lut6_I5_O)        0.105    16.554 r  u_cpu/core_inst/rename/freelist/rob_tail[4]_i_111/O
                         net (fo=9, routed)           0.648    17.203    u_cpu/core_inst/rename/freelist/rob_tail[4]_i_111_n_0
    SLICE_X120Y76                                                     r  u_cpu/core_inst/rename/freelist/rob_tail[4]_i_102/I2
    SLICE_X120Y76        LUT6 (Prop_lut6_I2_O)        0.105    17.308 f  u_cpu/core_inst/rename/freelist/rob_tail[4]_i_102/O
                         net (fo=3, routed)           0.501    17.809    u_cpu/core_inst/rename/freelist/rob_tail[4]_i_102_n_0
    SLICE_X118Y76                                                     f  u_cpu/core_inst/rename/freelist/rob_tail[4]_i_124/I3
    SLICE_X118Y76        LUT6 (Prop_lut6_I3_O)        0.105    17.914 r  u_cpu/core_inst/rename/freelist/rob_tail[4]_i_124/O
                         net (fo=3, routed)           0.397    18.311    u_cpu/core_inst/rename/freelist/rob_tail[4]_i_124_n_0
    SLICE_X119Y78                                                     r  u_cpu/core_inst/rename/freelist/rob_tail[4]_i_90/I5
    SLICE_X119Y78        LUT6 (Prop_lut6_I5_O)        0.105    18.416 f  u_cpu/core_inst/rename/freelist/rob_tail[4]_i_90/O
                         net (fo=8, routed)           0.451    18.867    u_cpu/core_inst/rename/freelist/rob_tail[4]_i_90_n_0
    SLICE_X118Y78                                                     f  u_cpu/core_inst/rename/freelist/rob_tail[4]_i_136/I2
    SLICE_X118Y78        LUT6 (Prop_lut6_I2_O)        0.105    18.972 f  u_cpu/core_inst/rename/freelist/rob_tail[4]_i_136/O
                         net (fo=5, routed)           0.377    19.350    u_cpu/core_inst/rename/freelist/rob_tail[4]_i_136_n_0
    SLICE_X118Y78                                                     f  u_cpu/core_inst/rename/freelist/rob_tail[4]_i_96/I5
    SLICE_X118Y78        LUT6 (Prop_lut6_I5_O)        0.105    19.455 f  u_cpu/core_inst/rename/freelist/rob_tail[4]_i_96/O
                         net (fo=3, routed)           0.525    19.980    u_cpu/core_inst/rename/freelist/rob_tail[4]_i_96_n_0
    SLICE_X117Y78                                                     f  u_cpu/core_inst/rename/freelist/rob_tail[4]_i_75/I0
    SLICE_X117Y78        LUT6 (Prop_lut6_I0_O)        0.105    20.085 r  u_cpu/core_inst/rename/freelist/rob_tail[4]_i_75/O
                         net (fo=9, routed)           0.539    20.624    u_cpu/core_inst/rename/freelist/rob_tail[4]_i_75_n_0
    SLICE_X116Y79                                                     r  u_cpu/core_inst/rename/freelist/rob_tail[4]_i_128/I3
    SLICE_X116Y79        LUT5 (Prop_lut5_I3_O)        0.105    20.729 r  u_cpu/core_inst/rename/freelist/rob_tail[4]_i_128/O
                         net (fo=3, routed)           0.364    21.092    u_cpu/core_inst/rename/freelist/rob_tail[4]_i_128_n_0
    SLICE_X114Y79                                                     r  u_cpu/core_inst/rename/freelist/rob_tail[4]_i_95/I4
    SLICE_X114Y79        LUT5 (Prop_lut5_I4_O)        0.105    21.197 r  u_cpu/core_inst/rename/freelist/rob_tail[4]_i_95/O
                         net (fo=1, routed)           0.651    21.848    u_cpu/core_inst/rename/freelist/rob_tail[4]_i_95_n_0
    SLICE_X113Y79                                                     r  u_cpu/core_inst/rename/freelist/rob_tail[4]_i_73/I5
    SLICE_X113Y79        LUT6 (Prop_lut6_I5_O)        0.105    21.953 f  u_cpu/core_inst/rename/freelist/rob_tail[4]_i_73/O
                         net (fo=2, routed)           0.385    22.338    u_cpu/core_inst/rename/freelist/rob_tail[4]_i_73_n_0
    SLICE_X108Y77                                                     f  u_cpu/core_inst/rename/freelist/rob_tail[4]_i_40/I0
    SLICE_X108Y77        LUT4 (Prop_lut4_I0_O)        0.105    22.443 r  u_cpu/core_inst/rename/freelist/rob_tail[4]_i_40/O
                         net (fo=2, routed)           0.343    22.787    u_cpu/core_inst/rename/freelist/rob_tail[4]_i_40_n_0
    SLICE_X108Y76                                                     r  u_cpu/core_inst/rename/freelist/rob_tail[4]_i_49/I0
    SLICE_X108Y76        LUT5 (Prop_lut5_I0_O)        0.105    22.892 r  u_cpu/core_inst/rename/freelist/rob_tail[4]_i_49/O
                         net (fo=2, routed)           0.367    23.259    u_cpu/core_inst/rename/freelist/rob_tail[4]_i_49_n_0
    SLICE_X107Y77                                                     r  u_cpu/core_inst/rename/freelist/rob_tail[4]_i_50/I3
    SLICE_X107Y77        LUT6 (Prop_lut6_I3_O)        0.105    23.364 r  u_cpu/core_inst/rename/freelist/rob_tail[4]_i_50/O
                         net (fo=9, routed)           0.469    23.833    u_cpu/core_inst/rename/freelist/rob_tail[4]_i_50_n_0
    SLICE_X107Y75                                                     r  u_cpu/core_inst/rename/freelist/rob_tail[4]_i_46/I3
    SLICE_X107Y75        LUT6 (Prop_lut6_I3_O)        0.105    23.938 r  u_cpu/core_inst/rename/freelist/rob_tail[4]_i_46/O
                         net (fo=2, routed)           0.663    24.602    u_cpu/core_inst/rename/freelist/rob_tail[4]_i_46_n_0
    SLICE_X105Y75                                                     r  u_cpu/core_inst/rename/freelist/rob_tail[4]_i_29/I1
    SLICE_X105Y75        LUT6 (Prop_lut6_I1_O)        0.105    24.707 f  u_cpu/core_inst/rename/freelist/rob_tail[4]_i_29/O
                         net (fo=2, routed)           0.464    25.170    u_cpu/core_inst/rename/freelist/rob_tail[4]_i_29_n_0
    SLICE_X105Y76                                                     f  u_cpu/core_inst/rename/freelist/rob_tail[4]_i_17/I1
    SLICE_X105Y76        LUT6 (Prop_lut6_I1_O)        0.105    25.275 f  u_cpu/core_inst/rename/freelist/rob_tail[4]_i_17/O
                         net (fo=1, routed)           0.403    25.679    u_cpu/core_inst/rename/freelist/rob_tail[4]_i_17_n_0
    SLICE_X103Y76                                                     f  u_cpu/core_inst/rename/freelist/rob_tail[4]_i_10/I3
    SLICE_X103Y76        LUT6 (Prop_lut6_I3_O)        0.105    25.784 r  u_cpu/core_inst/rename/freelist/rob_tail[4]_i_10/O
                         net (fo=1, routed)           0.243    26.027    u_cpu/core_inst/rename/freelist/rob_tail[4]_i_10_n_0
    SLICE_X101Y76                                                     r  u_cpu/core_inst/rename/freelist/rob_tail[4]_i_7/I2
    SLICE_X101Y76        LUT6 (Prop_lut6_I2_O)        0.105    26.132 f  u_cpu/core_inst/rename/freelist/rob_tail[4]_i_7/O
                         net (fo=4, routed)           0.498    26.629    u_cpu/core_inst/rename/freelist/dispatch_enable
    SLICE_X94Y76                                                      f  u_cpu/core_inst/rename/freelist/br_alloc_q[0][7]_i_6/I2
    SLICE_X94Y76         LUT6 (Prop_lut6_I2_O)        0.105    26.734 f  u_cpu/core_inst/rename/freelist/br_alloc_q[0][7]_i_6/O
                         net (fo=57, routed)          0.434    27.168    u_cpu/core_inst/rename/freelist/fl_alloc_en[0]
    SLICE_X97Y75                                                      f  u_cpu/core_inst/rename/freelist/free_vec[55]_i_4/I3
    SLICE_X97Y75         LUT4 (Prop_lut4_I3_O)        0.105    27.273 r  u_cpu/core_inst/rename/freelist/free_vec[55]_i_4/O
                         net (fo=37, routed)          0.584    27.858    u_cpu/core_inst/rename/freelist/free_vec[55]_i_4_n_0
    SLICE_X100Y74                                                     r  u_cpu/core_inst/rename/freelist/slot_uop[15][pdst][5]_i_38/I3
    SLICE_X100Y74        LUT5 (Prop_lut5_I3_O)        0.105    27.963 r  u_cpu/core_inst/rename/freelist/slot_uop[15][pdst][5]_i_38/O
                         net (fo=3, routed)           0.392    28.354    u_cpu/core_inst/rename/freelist/slot_uop[15][pdst][5]_i_38_n_0
    SLICE_X97Y73                                                      r  u_cpu/core_inst/rename/freelist/slot_uop[15][pdst][5]_i_20/I5
    SLICE_X97Y73         LUT6 (Prop_lut6_I5_O)        0.105    28.459 r  u_cpu/core_inst/rename/freelist/slot_uop[15][pdst][5]_i_20/O
                         net (fo=3, routed)           0.551    29.011    u_cpu/core_inst/rename/freelist/slot_uop[15][pdst][5]_i_20_n_0
    SLICE_X96Y73                                                      r  u_cpu/core_inst/rename/freelist/slot_uop[15][pdst][5]_i_7/I0
    SLICE_X96Y73         LUT2 (Prop_lut2_I0_O)        0.127    29.138 r  u_cpu/core_inst/rename/freelist/slot_uop[15][pdst][5]_i_7/O
                         net (fo=5, routed)           0.940    30.077    u_cpu/core_inst/rename/freelist/slot_uop[15][pdst][5]_i_7_n_0
    SLICE_X91Y70                                                      r  u_cpu/core_inst/rename/freelist/slot_uop[15][pdst][5]_i_3/I3
    SLICE_X91Y70         LUT6 (Prop_lut6_I3_O)        0.286    30.363 r  u_cpu/core_inst/rename/freelist/slot_uop[15][pdst][5]_i_3/O
                         net (fo=89, routed)          0.638    31.001    u_cpu/core_inst/rename/freelist/mt_write_preg[5]
    SLICE_X85Y72                                                      r  u_cpu/core_inst/rename/freelist/slot_uop[6][psrc2_busy]_i_89/I2
    SLICE_X85Y72         LUT4 (Prop_lut4_I2_O)        0.105    31.106 r  u_cpu/core_inst/rename/freelist/slot_uop[6][psrc2_busy]_i_89/O
                         net (fo=1, routed)           0.456    31.563    u_cpu/core_inst/rename/freelist/slot_uop[6][psrc2_busy]_i_89_n_0
    SLICE_X86Y72                                                      r  u_cpu/core_inst/rename/freelist/slot_uop[6][psrc2_busy]_i_56/I0
    SLICE_X86Y72         LUT5 (Prop_lut5_I0_O)        0.105    31.668 r  u_cpu/core_inst/rename/freelist/slot_uop[6][psrc2_busy]_i_56/O
                         net (fo=1, routed)           0.227    31.894    u_cpu/core_inst/rename/freelist/slot_uop[6][psrc2_busy]_i_56_n_0
    SLICE_X85Y72                                                      r  u_cpu/core_inst/rename/freelist/slot_uop[6][psrc2_busy]_i_31/I0
    SLICE_X85Y72         LUT6 (Prop_lut6_I0_O)        0.105    31.999 r  u_cpu/core_inst/rename/freelist/slot_uop[6][psrc2_busy]_i_31/O
                         net (fo=1, routed)           0.643    32.642    u_cpu/core_inst/rename/freelist/slot_uop[6][psrc2_busy]_i_31_n_0
    SLICE_X84Y74                                                      r  u_cpu/core_inst/rename/freelist/slot_uop[6][psrc2_busy]_i_13__1/I4
    SLICE_X84Y74         LUT6 (Prop_lut6_I4_O)        0.105    32.747 r  u_cpu/core_inst/rename/freelist/slot_uop[6][psrc2_busy]_i_13__1/O
                         net (fo=8, routed)           0.663    33.410    u_cpu/core_inst/rename/freelist/rn2_mask_q_reg[1]_0
    SLICE_X83Y72                                                      r  u_cpu/core_inst/rename/freelist/slot_uop[15][psrc2_busy]_i_11__0/I3
    SLICE_X83Y72         LUT4 (Prop_lut4_I3_O)        0.105    33.515 r  u_cpu/core_inst/rename/freelist/slot_uop[15][psrc2_busy]_i_11__0/O
                         net (fo=6, routed)           0.690    34.205    u_cpu/core_inst/gen_alu[0].alu_inst/iq_alu_dis_uop[0][psrc2_busy]
    SLICE_X85Y77                                                      r  u_cpu/core_inst/gen_alu[0].alu_inst/slot_uop[12][psrc2_busy]_i_6/I1
    SLICE_X85Y77         LUT2 (Prop_lut2_I1_O)        0.105    34.310 f  u_cpu/core_inst/gen_alu[0].alu_inst/slot_uop[12][psrc2_busy]_i_6/O
                         net (fo=3, routed)           0.216    34.527    u_cpu/core_inst/rename/freelist/slot_uop_reg[0][psrc2_busy]
    SLICE_X85Y77                                                      f  u_cpu/core_inst/rename/freelist/slot_uop[0][psrc2_busy]_i_2/I1
    SLICE_X85Y77         LUT2 (Prop_lut2_I1_O)        0.110    34.637 r  u_cpu/core_inst/rename/freelist/slot_uop[0][psrc2_busy]_i_2/O
                         net (fo=7, routed)           0.678    35.314    u_cpu/core_inst/alu_iq/slot_uop_reg[0][psrc2_busy]_0
    SLICE_X83Y84                                                      r  u_cpu/core_inst/alu_iq/slot_uop[10][psrc2_busy]_i_2/I5
    SLICE_X83Y84         LUT6 (Prop_lut6_I5_O)        0.268    35.582 r  u_cpu/core_inst/alu_iq/slot_uop[10][psrc2_busy]_i_2/O
                         net (fo=1, routed)           0.396    35.978    u_cpu/core_inst/alu_iq/slot_uop[10][psrc2_busy]_i_2_n_0
    SLICE_X81Y84                                                      r  u_cpu/core_inst/alu_iq/slot_uop[10][psrc2_busy]_i_1/I0
    SLICE_X81Y84         LUT6 (Prop_lut6_I0_O)        0.105    36.083 r  u_cpu/core_inst/alu_iq/slot_uop[10][psrc2_busy]_i_1/O
                         net (fo=1, routed)           0.000    36.083    u_cpu/core_inst/alu_iq/slot_uop[10][psrc2_busy]_i_1_n_0
    SLICE_X81Y84         FDRE                                         r  u_cpu/core_inst/alu_iq/slot_uop_reg[10][psrc2_busy]/D
  -------------------------------------------------------------------    -------------------

                         (clock cpu_clk rise edge)   30.556    30.556 r  
    AC19                                              0.000    30.556 r  clk (IN)
                         net (fo=0)                   0.000    30.556    clk
    AC19                                                              r  clk_IBUF_inst/I
    AC19                 IBUF (Prop_ibuf_I_O)         1.350    31.906 r  clk_IBUF_inst/O
                         net (fo=1, routed)           2.471    34.376    clk_IBUF
    BUFGCTRL_X0Y0                                                     r  clk_IBUF_BUFG_inst/I
    BUFGCTRL_X0Y0        BUFG (Prop_bufg_I_O)         0.077    34.453 r  clk_IBUF_BUFG_inst/O
                         net (fo=2000, routed)        1.434    35.887    fpga_pll.u_clk_pll/inst/clk_in1
    PLLE2_ADV_X0Y2                                                    r  fpga_pll.u_clk_pll/inst/plle2_adv_inst/CLKIN1
    PLLE2_ADV_X0Y2       PLLE2_ADV (Prop_plle2_adv_CLKIN1_CLKOUT0)
                                                     -2.995    32.892 r  fpga_pll.u_clk_pll/inst/plle2_adv_inst/CLKOUT0
                         net (fo=1, routed)           1.484    34.376    fpga_pll.u_clk_pll/inst/cpu_clk_clk_pll
    BUFGCTRL_X0Y2                                                     r  fpga_pll.u_clk_pll/inst/clkout1_buf/I
    BUFGCTRL_X0Y2        BUFG (Prop_bufg_I_O)         0.077    34.453 r  fpga_pll.u_clk_pll/inst/clkout1_buf/O
                         net (fo=59802, routed)       1.407    35.860    u_cpu/core_inst/alu_iq/cpu_clk
    SLICE_X81Y84         FDRE                                         r  u_cpu/core_inst/alu_iq/slot_uop_reg[10][psrc2_busy]/C
                         clock pessimism              0.214    36.074    
                         clock uncertainty           -0.060    36.014    
    SLICE_X81Y84         FDRE (Setup_fdre_C_D)        0.030    36.044    u_cpu/core_inst/alu_iq/slot_uop_reg[10][psrc2_busy]
  -------------------------------------------------------------------
                         required time                         36.044    
                         arrival time                         -36.083    
  -------------------------------------------------------------------
                         slack                                 -0.039    

Slack (VIOLATED) :        -0.039ns  (required time - arrival time)
  Source:                 u_cpu/core_inst/rename/freelist/free_vec_reg[5]/C
                            (rising edge-triggered cell FDCE clocked by cpu_clk  {rise@0.000ns fall@15.278ns period=30.556ns})
  Destination:            u_cpu/core_inst/alu_iq/slot_uop_reg[10][psrc2_busy]/D
                            (rising edge-triggered cell FDRE clocked by cpu_clk  {rise@0.000ns fall@15.278ns period=30.556ns})
  Path Group:             cpu_clk
  Path Type:              Setup (Max at Slow Process Corner)
  Requirement:            30.556ns  (cpu_clk rise@30.556ns - cpu_clk rise@0.000ns)
  Data Path Delay:        30.428ns  (logic 5.790ns (19.028%)  route 24.638ns (80.972%))
  Logic Levels:           48  (LUT2=4 LUT3=1 LUT4=6 LUT5=8 LUT6=29)
  Clock Path Skew:        -0.136ns (DCD - SCD + CPR)
    Destination Clock Delay (DCD):    5.305ns = ( 35.860 - 30.556 ) 
    Source Clock Delay      (SCD):    5.655ns
    Clock Pessimism Removal (CPR):    0.214ns
  Clock Uncertainty:      0.060ns  ((TSJ^2 + DJ^2)^1/2) / 2 + PE
    Total System Jitter     (TSJ):    0.071ns
    Discrete Jitter          (DJ):    0.097ns
    Phase Error              (PE):    0.000ns

    Location             Delay type                Incr(ns)  Path(ns)    Netlist Resource(s)
  -------------------------------------------------------------------    -------------------
                         (clock cpu_clk rise edge)    0.000     0.000 r  
    AC19                                              0.000     0.000 r  clk (IN)
                         net (fo=0)                   0.000     0.000    clk
    AC19                                                              r  clk_IBUF_inst/I
    AC19                 IBUF (Prop_ibuf_I_O)         1.416     1.416 r  clk_IBUF_inst/O
                         net (fo=1, routed)           2.602     4.018    clk_IBUF
    BUFGCTRL_X0Y0                                                     r  clk_IBUF_BUFG_inst/I
    BUFGCTRL_X0Y0        BUFG (Prop_bufg_I_O)         0.081     4.099 r  clk_IBUF_BUFG_inst/O
                         net (fo=2000, routed)        1.536     5.635    fpga_pll.u_clk_pll/inst/clk_in1
    PLLE2_ADV_X0Y2                                                    r  fpga_pll.u_clk_pll/inst/plle2_adv_inst/CLKIN1
    PLLE2_ADV_X0Y2       PLLE2_ADV (Prop_plle2_adv_CLKIN1_CLKOUT0)
                                                     -3.173     2.461 r  fpga_pll.u_clk_pll/inst/plle2_adv_inst/CLKOUT0
                         net (fo=1, routed)           1.557     4.018    fpga_pll.u_clk_pll/inst/cpu_clk_clk_pll
    BUFGCTRL_X0Y2                                                     r  fpga_pll.u_clk_pll/inst/clkout1_buf/I
    BUFGCTRL_X0Y2        BUFG (Prop_bufg_I_O)         0.081     4.099 r  fpga_pll.u_clk_pll/inst/clkout1_buf/O
                         net (fo=59802, routed)       1.556     5.655    u_cpu/core_inst/rename/freelist/cpu_clk
    SLICE_X118Y71        FDCE                                         r  u_cpu/core_inst/rename/freelist/free_vec_reg[5]/C
  -------------------------------------------------------------------    -------------------
    SLICE_X118Y71        FDCE (Prop_fdce_C_Q)         0.379     6.034 r  u_cpu/core_inst/rename/freelist/free_vec_reg[5]/Q
                         net (fo=17, routed)          0.762     6.796    u_cpu/core_inst/rename/freelist/p_45_in
    SLICE_X121Y71                                                     r  u_cpu/core_inst/rename/freelist/rob_tail[4]_i_227/I2
    SLICE_X121Y71        LUT6 (Prop_lut6_I2_O)        0.105     6.901 r  u_cpu/core_inst/rename/freelist/rob_tail[4]_i_227/O
                         net (fo=7, routed)           0.518     7.419    u_cpu/core_inst/rename/freelist/rob_tail[4]_i_227_n_0
    SLICE_X119Y71                                                     r  u_cpu/core_inst/rename/freelist/rob_tail[4]_i_231/I5
    SLICE_X119Y71        LUT6 (Prop_lut6_I5_O)        0.105     7.524 r  u_cpu/core_inst/rename/freelist/rob_tail[4]_i_231/O
                         net (fo=4, routed)           0.472     7.996    u_cpu/core_inst/rename/freelist/rob_tail[4]_i_231_n_0
    SLICE_X120Y70                                                     r  u_cpu/core_inst/rename/freelist/rob_tail[4]_i_213/I0
    SLICE_X120Y70        LUT3 (Prop_lut3_I0_O)        0.105     8.101 r  u_cpu/core_inst/rename/freelist/rob_tail[4]_i_213/O
                         net (fo=1, routed)           0.671     8.771    u_cpu/core_inst/rename/freelist/rob_tail[4]_i_213_n_0
    SLICE_X119Y70                                                     r  u_cpu/core_inst/rename/freelist/rob_tail[4]_i_184/I5
    SLICE_X119Y70        LUT6 (Prop_lut6_I5_O)        0.105     8.876 r  u_cpu/core_inst/rename/freelist/rob_tail[4]_i_184/O
                         net (fo=2, routed)           0.477     9.353    u_cpu/core_inst/rename/freelist/rob_tail[4]_i_184_n_0
    SLICE_X119Y72                                                     r  u_cpu/core_inst/rename/freelist/rob_tail[4]_i_182/I3
    SLICE_X119Y72        LUT6 (Prop_lut6_I3_O)        0.105     9.458 f  u_cpu/core_inst/rename/freelist/rob_tail[4]_i_182/O
                         net (fo=3, routed)           0.332     9.790    u_cpu/core_inst/rename/freelist/rob_tail[4]_i_182_n_0
    SLICE_X119Y72                                                     f  u_cpu/core_inst/rename/freelist/rob_tail[4]_i_204/I3
    SLICE_X119Y72        LUT5 (Prop_lut5_I3_O)        0.105     9.895 f  u_cpu/core_inst/rename/freelist/rob_tail[4]_i_204/O
                         net (fo=4, routed)           0.528    10.423    u_cpu/core_inst/rename/freelist/rob_tail[4]_i_204_n_0
    SLICE_X117Y72                                                     f  u_cpu/core_inst/rename/freelist/rob_tail[4]_i_176/I3
    SLICE_X117Y72        LUT6 (Prop_lut6_I3_O)        0.105    10.528 f  u_cpu/core_inst/rename/freelist/rob_tail[4]_i_176/O
                         net (fo=13, routed)          0.397    10.925    u_cpu/core_inst/rename/freelist/rob_tail[4]_i_176_n_0
    SLICE_X122Y72                                                     f  u_cpu/core_inst/rename/freelist/rob_tail[4]_i_216/I2
    SLICE_X122Y72        LUT5 (Prop_lut5_I2_O)        0.105    11.030 f  u_cpu/core_inst/rename/freelist/rob_tail[4]_i_216/O
                         net (fo=4, routed)           0.569    11.599    u_cpu/core_inst/rename/freelist/rob_tail[4]_i_216_n_0
    SLICE_X124Y72                                                     f  u_cpu/core_inst/rename/freelist/rob_tail[4]_i_194/I0
    SLICE_X124Y72        LUT4 (Prop_lut4_I0_O)        0.105    11.704 r  u_cpu/core_inst/rename/freelist/rob_tail[4]_i_194/O
                         net (fo=3, routed)           0.536    12.240    u_cpu/core_inst/rename/freelist/rob_tail[4]_i_194_n_0
    SLICE_X124Y71                                                     r  u_cpu/core_inst/rename/freelist/rob_tail[4]_i_175/I1
    SLICE_X124Y71        LUT6 (Prop_lut6_I1_O)        0.105    12.345 r  u_cpu/core_inst/rename/freelist/rob_tail[4]_i_175/O
                         net (fo=3, routed)           0.648    12.993    u_cpu/core_inst/rename/freelist/rob_tail[4]_i_175_n_0
    SLICE_X122Y70                                                     r  u_cpu/core_inst/rename/freelist/rob_tail[4]_i_153/I4
    SLICE_X122Y70        LUT5 (Prop_lut5_I4_O)        0.105    13.098 f  u_cpu/core_inst/rename/freelist/rob_tail[4]_i_153/O
                         net (fo=3, routed)           0.547    13.646    u_cpu/core_inst/rename/freelist/rob_tail[4]_i_153_n_0
    SLICE_X122Y75                                                     f  u_cpu/core_inst/rename/freelist/rob_tail[4]_i_122/I1
    SLICE_X122Y75        LUT4 (Prop_lut4_I1_O)        0.105    13.751 f  u_cpu/core_inst/rename/freelist/rob_tail[4]_i_122/O
                         net (fo=4, routed)           0.538    14.289    u_cpu/core_inst/rename/freelist/rob_tail[4]_i_122_n_0
    SLICE_X120Y75                                                     f  u_cpu/core_inst/rename/freelist/rob_tail[4]_i_145/I4
    SLICE_X120Y75        LUT6 (Prop_lut6_I4_O)        0.105    14.394 f  u_cpu/core_inst/rename/freelist/rob_tail[4]_i_145/O
                         net (fo=2, routed)           0.697    15.091    u_cpu/core_inst/rename/freelist/rob_tail[4]_i_145_n_0
    SLICE_X121Y74                                                     f  u_cpu/core_inst/rename/freelist/rob_tail[4]_i_106/I4
    SLICE_X121Y74        LUT6 (Prop_lut6_I4_O)        0.105    15.196 f  u_cpu/core_inst/rename/freelist/rob_tail[4]_i_106/O
                         net (fo=11, routed)          0.422    15.619    u_cpu/core_inst/rename/freelist/rob_tail[4]_i_106_n_0
    SLICE_X120Y75                                                     f  u_cpu/core_inst/rename/freelist/rob_tail[4]_i_158/I1
    SLICE_X120Y75        LUT2 (Prop_lut2_I1_O)        0.105    15.724 f  u_cpu/core_inst/rename/freelist/rob_tail[4]_i_158/O
                         net (fo=5, routed)           0.726    16.449    u_cpu/core_inst/rename/freelist/rob_tail[4]_i_158_n_0
    SLICE_X123Y74                                                     f  u_cpu/core_inst/rename/freelist/rob_tail[4]_i_111/I5
    SLICE_X123Y74        LUT6 (Prop_lut6_I5_O)        0.105    16.554 r  u_cpu/core_inst/rename/freelist/rob_tail[4]_i_111/O
                         net (fo=9, routed)           0.648    17.203    u_cpu/core_inst/rename/freelist/rob_tail[4]_i_111_n_0
    SLICE_X120Y76                                                     r  u_cpu/core_inst/rename/freelist/rob_tail[4]_i_102/I2
    SLICE_X120Y76        LUT6 (Prop_lut6_I2_O)        0.105    17.308 f  u_cpu/core_inst/rename/freelist/rob_tail[4]_i_102/O
                         net (fo=3, routed)           0.501    17.809    u_cpu/core_inst/rename/freelist/rob_tail[4]_i_102_n_0
    SLICE_X118Y76                                                     f  u_cpu/core_inst/rename/freelist/rob_tail[4]_i_124/I3
    SLICE_X118Y76        LUT6 (Prop_lut6_I3_O)        0.105    17.914 r  u_cpu/core_inst/rename/freelist/rob_tail[4]_i_124/O
                         net (fo=3, routed)           0.397    18.311    u_cpu/core_inst/rename/freelist/rob_tail[4]_i_124_n_0
    SLICE_X119Y78                                                     r  u_cpu/core_inst/rename/freelist/rob_tail[4]_i_90/I5
    SLICE_X119Y78        LUT6 (Prop_lut6_I5_O)        0.105    18.416 f  u_cpu/core_inst/rename/freelist/rob_tail[4]_i_90/O
                         net (fo=8, routed)           0.451    18.867    u_cpu/core_inst/rename/freelist/rob_tail[4]_i_90_n_0
    SLICE_X118Y78                                                     f  u_cpu/core_inst/rename/freelist/rob_tail[4]_i_136/I2
    SLICE_X118Y78        LUT6 (Prop_lut6_I2_O)        0.105    18.972 f  u_cpu/core_inst/rename/freelist/rob_tail[4]_i_136/O
                         net (fo=5, routed)           0.377    19.350    u_cpu/core_inst/rename/freelist/rob_tail[4]_i_136_n_0
    SLICE_X118Y78                                                     f  u_cpu/core_inst/rename/freelist/rob_tail[4]_i_96/I5
    SLICE_X118Y78        LUT6 (Prop_lut6_I5_O)        0.105    19.455 f  u_cpu/core_inst/rename/freelist/rob_tail[4]_i_96/O
                         net (fo=3, routed)           0.525    19.980    u_cpu/core_inst/rename/freelist/rob_tail[4]_i_96_n_0
    SLICE_X117Y78                                                     f  u_cpu/core_inst/rename/freelist/rob_tail[4]_i_75/I0
    SLICE_X117Y78        LUT6 (Prop_lut6_I0_O)        0.105    20.085 r  u_cpu/core_inst/rename/freelist/rob_tail[4]_i_75/O
                         net (fo=9, routed)           0.539    20.624    u_cpu/core_inst/rename/freelist/rob_tail[4]_i_75_n_0
    SLICE_X116Y79                                                     r  u_cpu/core_inst/rename/freelist/rob_tail[4]_i_128/I3
    SLICE_X116Y79        LUT5 (Prop_lut5_I3_O)        0.105    20.729 r  u_cpu/core_inst/rename/freelist/rob_tail[4]_i_128/O
                         net (fo=3, routed)           0.364    21.092    u_cpu/core_inst/rename/freelist/rob_tail[4]_i_128_n_0
    SLICE_X114Y79                                                     r  u_cpu/core_inst/rename/freelist/rob_tail[4]_i_95/I4
    SLICE_X114Y79        LUT5 (Prop_lut5_I4_O)        0.105    21.197 r  u_cpu/core_inst/rename/freelist/rob_tail[4]_i_95/O
                         net (fo=1, routed)           0.651    21.848    u_cpu/core_inst/rename/freelist/rob_tail[4]_i_95_n_0
    SLICE_X113Y79                                                     r  u_cpu/core_inst/rename/freelist/rob_tail[4]_i_73/I5
    SLICE_X113Y79        LUT6 (Prop_lut6_I5_O)        0.105    21.953 f  u_cpu/core_inst/rename/freelist/rob_tail[4]_i_73/O
                         net (fo=2, routed)           0.385    22.338    u_cpu/core_inst/rename/freelist/rob_tail[4]_i_73_n_0
    SLICE_X108Y77                                                     f  u_cpu/core_inst/rename/freelist/rob_tail[4]_i_40/I0
    SLICE_X108Y77        LUT4 (Prop_lut4_I0_O)        0.105    22.443 r  u_cpu/core_inst/rename/freelist/rob_tail[4]_i_40/O
                         net (fo=2, routed)           0.343    22.787    u_cpu/core_inst/rename/freelist/rob_tail[4]_i_40_n_0
    SLICE_X108Y76                                                     r  u_cpu/core_inst/rename/freelist/rob_tail[4]_i_49/I0
    SLICE_X108Y76        LUT5 (Prop_lut5_I0_O)        0.105    22.892 r  u_cpu/core_inst/rename/freelist/rob_tail[4]_i_49/O
                         net (fo=2, routed)           0.367    23.259    u_cpu/core_inst/rename/freelist/rob_tail[4]_i_49_n_0
    SLICE_X107Y77                                                     r  u_cpu/core_inst/rename/freelist/rob_tail[4]_i_50/I3
    SLICE_X107Y77        LUT6 (Prop_lut6_I3_O)        0.105    23.364 r  u_cpu/core_inst/rename/freelist/rob_tail[4]_i_50/O
                         net (fo=9, routed)           0.469    23.833    u_cpu/core_inst/rename/freelist/rob_tail[4]_i_50_n_0
    SLICE_X107Y75                                                     r  u_cpu/core_inst/rename/freelist/rob_tail[4]_i_46/I3
    SLICE_X107Y75        LUT6 (Prop_lut6_I3_O)        0.105    23.938 r  u_cpu/core_inst/rename/freelist/rob_tail[4]_i_46/O
                         net (fo=2, routed)           0.663    24.602    u_cpu/core_inst/rename/freelist/rob_tail[4]_i_46_n_0
    SLICE_X105Y75                                                     r  u_cpu/core_inst/rename/freelist/rob_tail[4]_i_29/I1
    SLICE_X105Y75        LUT6 (Prop_lut6_I1_O)        0.105    24.707 f  u_cpu/core_inst/rename/freelist/rob_tail[4]_i_29/O
                         net (fo=2, routed)           0.464    25.170    u_cpu/core_inst/rename/freelist/rob_tail[4]_i_29_n_0
    SLICE_X105Y76                                                     f  u_cpu/core_inst/rename/freelist/rob_tail[4]_i_17/I1
    SLICE_X105Y76        LUT6 (Prop_lut6_I1_O)        0.105    25.275 f  u_cpu/core_inst/rename/freelist/rob_tail[4]_i_17/O
                         net (fo=1, routed)           0.403    25.679    u_cpu/core_inst/rename/freelist/rob_tail[4]_i_17_n_0
    SLICE_X103Y76                                                     f  u_cpu/core_inst/rename/freelist/rob_tail[4]_i_10/I3
    SLICE_X103Y76        LUT6 (Prop_lut6_I3_O)        0.105    25.784 r  u_cpu/core_inst/rename/freelist/rob_tail[4]_i_10/O
                         net (fo=1, routed)           0.243    26.027    u_cpu/core_inst/rename/freelist/rob_tail[4]_i_10_n_0
    SLICE_X101Y76                                                     r  u_cpu/core_inst/rename/freelist/rob_tail[4]_i_7/I2
    SLICE_X101Y76        LUT6 (Prop_lut6_I2_O)        0.105    26.132 f  u_cpu/core_inst/rename/freelist/rob_tail[4]_i_7/O
                         net (fo=4, routed)           0.498    26.629    u_cpu/core_inst/rename/freelist/dispatch_enable
    SLICE_X94Y76                                                      f  u_cpu/core_inst/rename/freelist/br_alloc_q[0][7]_i_6/I2
    SLICE_X94Y76         LUT6 (Prop_lut6_I2_O)        0.105    26.734 f  u_cpu/core_inst/rename/freelist/br_alloc_q[0][7]_i_6/O
                         net (fo=57, routed)          0.434    27.168    u_cpu/core_inst/rename/freelist/fl_alloc_en[0]
    SLICE_X97Y75                                                      f  u_cpu/core_inst/rename/freelist/free_vec[55]_i_4/I3
    SLICE_X97Y75         LUT4 (Prop_lut4_I3_O)        0.105    27.273 r  u_cpu/core_inst/rename/freelist/free_vec[55]_i_4/O
                         net (fo=37, routed)          0.584    27.858    u_cpu/core_inst/rename/freelist/free_vec[55]_i_4_n_0
    SLICE_X100Y74                                                     r  u_cpu/core_inst/rename/freelist/slot_uop[15][pdst][5]_i_38/I3
    SLICE_X100Y74        LUT5 (Prop_lut5_I3_O)        0.105    27.963 r  u_cpu/core_inst/rename/freelist/slot_uop[15][pdst][5]_i_38/O
                         net (fo=3, routed)           0.392    28.354    u_cpu/core_inst/rename/freelist/slot_uop[15][pdst][5]_i_38_n_0
    SLICE_X97Y73                                                      r  u_cpu/core_inst/rename/freelist/slot_uop[15][pdst][5]_i_20/I5
    SLICE_X97Y73         LUT6 (Prop_lut6_I5_O)        0.105    28.459 r  u_cpu/core_inst/rename/freelist/slot_uop[15][pdst][5]_i_20/O
                         net (fo=3, routed)           0.551    29.011    u_cpu/core_inst/rename/freelist/slot_uop[15][pdst][5]_i_20_n_0
    SLICE_X96Y73                                                      r  u_cpu/core_inst/rename/freelist/slot_uop[15][pdst][5]_i_7/I0
    SLICE_X96Y73         LUT2 (Prop_lut2_I0_O)        0.127    29.138 r  u_cpu/core_inst/rename/freelist/slot_uop[15][pdst][5]_i_7/O
                         net (fo=5, routed)           0.940    30.077    u_cpu/core_inst/rename/freelist/slot_uop[15][pdst][5]_i_7_n_0
    SLICE_X91Y70                                                      r  u_cpu/core_inst/rename/freelist/slot_uop[15][pdst][5]_i_3/I3
    SLICE_X91Y70         LUT6 (Prop_lut6_I3_O)        0.286    30.363 r  u_cpu/core_inst/rename/freelist/slot_uop[15][pdst][5]_i_3/O
                         net (fo=89, routed)          0.638    31.001    u_cpu/core_inst/rename/freelist/mt_write_preg[5]
    SLICE_X85Y72                                                      r  u_cpu/core_inst/rename/freelist/slot_uop[6][psrc2_busy]_i_89/I2
    SLICE_X85Y72         LUT4 (Prop_lut4_I2_O)        0.105    31.106 r  u_cpu/core_inst/rename/freelist/slot_uop[6][psrc2_busy]_i_89/O
                         net (fo=1, routed)           0.456    31.563    u_cpu/core_inst/rename/freelist/slot_uop[6][psrc2_busy]_i_89_n_0
    SLICE_X86Y72                                                      r  u_cpu/core_inst/rename/freelist/slot_uop[6][psrc2_busy]_i_56/I0
    SLICE_X86Y72         LUT5 (Prop_lut5_I0_O)        0.105    31.668 r  u_cpu/core_inst/rename/freelist/slot_uop[6][psrc2_busy]_i_56/O
                         net (fo=1, routed)           0.227    31.894    u_cpu/core_inst/rename/freelist/slot_uop[6][psrc2_busy]_i_56_n_0
    SLICE_X85Y72                                                      r  u_cpu/core_inst/rename/freelist/slot_uop[6][psrc2_busy]_i_31/I0
    SLICE_X85Y72         LUT6 (Prop_lut6_I0_O)        0.105    31.999 r  u_cpu/core_inst/rename/freelist/slot_uop[6][psrc2_busy]_i_31/O
                         net (fo=1, routed)           0.643    32.642    u_cpu/core_inst/rename/freelist/slot_uop[6][psrc2_busy]_i_31_n_0
    SLICE_X84Y74                                                      r  u_cpu/core_inst/rename/freelist/slot_uop[6][psrc2_busy]_i_13__1/I4
    SLICE_X84Y74         LUT6 (Prop_lut6_I4_O)        0.105    32.747 r  u_cpu/core_inst/rename/freelist/slot_uop[6][psrc2_busy]_i_13__1/O
                         net (fo=8, routed)           0.663    33.410    u_cpu/core_inst/rename/freelist/rn2_mask_q_reg[1]_0
    SLICE_X83Y72                                                      r  u_cpu/core_inst/rename/freelist/slot_uop[15][psrc2_busy]_i_11__0/I3
    SLICE_X83Y72         LUT4 (Prop_lut4_I3_O)        0.105    33.515 r  u_cpu/core_inst/rename/freelist/slot_uop[15][psrc2_busy]_i_11__0/O
                         net (fo=6, routed)           0.690    34.205    u_cpu/core_inst/gen_alu[0].alu_inst/iq_alu_dis_uop[0][psrc2_busy]
    SLICE_X85Y77                                                      r  u_cpu/core_inst/gen_alu[0].alu_inst/slot_uop[12][psrc2_busy]_i_6/I1
    SLICE_X85Y77         LUT2 (Prop_lut2_I1_O)        0.105    34.310 f  u_cpu/core_inst/gen_alu[0].alu_inst/slot_uop[12][psrc2_busy]_i_6/O
                         net (fo=3, routed)           0.216    34.527    u_cpu/core_inst/rename/freelist/slot_uop_reg[0][psrc2_busy]
    SLICE_X85Y77                                                      f  u_cpu/core_inst/rename/freelist/slot_uop[0][psrc2_busy]_i_2/I1
    SLICE_X85Y77         LUT2 (Prop_lut2_I1_O)        0.110    34.637 r  u_cpu/core_inst/rename/freelist/slot_uop[0][psrc2_busy]_i_2/O
                         net (fo=7, routed)           0.678    35.314    u_cpu/core_inst/alu_iq/slot_uop_reg[0][psrc2_busy]_0
    SLICE_X83Y84                                                      r  u_cpu/core_inst/alu_iq/slot_uop[10][psrc2_busy]_i_2/I5
    SLICE_X83Y84         LUT6 (Prop_lut6_I5_O)        0.268    35.582 r  u_cpu/core_inst/alu_iq/slot_uop[10][psrc2_busy]_i_2/O
                         net (fo=1, routed)           0.396    35.978    u_cpu/core_inst/alu_iq/slot_uop[10][psrc2_busy]_i_2_n_0
    SLICE_X81Y84                                                      r  u_cpu/core_inst/alu_iq/slot_uop[10][psrc2_busy]_i_1/I0
    SLICE_X81Y84         LUT6 (Prop_lut6_I0_O)        0.105    36.083 r  u_cpu/core_inst/alu_iq/slot_uop[10][psrc2_busy]_i_1/O
                         net (fo=1, routed)           0.000    36.083    u_cpu/core_inst/alu_iq/slot_uop[10][psrc2_busy]_i_1_n_0
    SLICE_X81Y84         FDRE                                         r  u_cpu/core_inst/alu_iq/slot_uop_reg[10][psrc2_busy]/D
  -------------------------------------------------------------------    -------------------

                         (clock cpu_clk rise edge)   30.556    30.556 r  
    AC19                                              0.000    30.556 r  clk (IN)
                         net (fo=0)                   0.000    30.556    clk
    AC19                                                              r  clk_IBUF_inst/I
    AC19                 IBUF (Prop_ibuf_I_O)         1.350    31.906 r  clk_IBUF_inst/O
                         net (fo=1, routed)           2.471    34.376    clk_IBUF
    BUFGCTRL_X0Y0                                                     r  clk_IBUF_BUFG_inst/I
    BUFGCTRL_X0Y0        BUFG (Prop_bufg_I_O)         0.077    34.453 r  clk_IBUF_BUFG_inst/O
                         net (fo=2000, routed)        1.434    35.887    fpga_pll.u_clk_pll/inst/clk_in1
    PLLE2_ADV_X0Y2                                                    r  fpga_pll.u_clk_pll/inst/plle2_adv_inst/CLKIN1
    PLLE2_ADV_X0Y2       PLLE2_ADV (Prop_plle2_adv_CLKIN1_CLKOUT0)
                                                     -2.995    32.892 r  fpga_pll.u_clk_pll/inst/plle2_adv_inst/CLKOUT0
                         net (fo=1, routed)           1.484    34.376    fpga_pll.u_clk_pll/inst/cpu_clk_clk_pll
    BUFGCTRL_X0Y2                                                     r  fpga_pll.u_clk_pll/inst/clkout1_buf/I
    BUFGCTRL_X0Y2        BUFG (Prop_bufg_I_O)         0.077    34.453 r  fpga_pll.u_clk_pll/inst/clkout1_buf/O
                         net (fo=59802, routed)       1.407    35.860    u_cpu/core_inst/alu_iq/cpu_clk
    SLICE_X81Y84         FDRE                                         r  u_cpu/core_inst/alu_iq/slot_uop_reg[10][psrc2_busy]/C
                         clock pessimism              0.214    36.074    
                         clock uncertainty           -0.060    36.014    
    SLICE_X81Y84         FDRE (Setup_fdre_C_D)        0.030    36.044    u_cpu/core_inst/alu_iq/slot_uop_reg[10][psrc2_busy]
  -------------------------------------------------------------------
                         required time                         36.044    
                         arrival time                         -36.083    
  -------------------------------------------------------------------
                         slack                                 -0.039    

Slack (VIOLATED) :        -0.039ns  (required time - arrival time)
  Source:                 u_cpu/core_inst/rename/freelist/free_vec_reg[5]/C
                            (rising edge-triggered cell FDCE clocked by cpu_clk  {rise@0.000ns fall@15.278ns period=30.556ns})
  Destination:            u_cpu/core_inst/alu_iq/slot_uop_reg[10][psrc2_busy]/D
                            (rising edge-triggered cell FDRE clocked by cpu_clk  {rise@0.000ns fall@15.278ns period=30.556ns})
  Path Group:             cpu_clk
  Path Type:              Setup (Max at Slow Process Corner)
  Requirement:            30.556ns  (cpu_clk rise@30.556ns - cpu_clk rise@0.000ns)
  Data Path Delay:        30.428ns  (logic 5.790ns (19.028%)  route 24.638ns (80.972%))
  Logic Levels:           48  (LUT2=4 LUT3=1 LUT4=6 LUT5=8 LUT6=29)
  Clock Path Skew:        -0.136ns (DCD - SCD + CPR)
    Destination Clock Delay (DCD):    5.305ns = ( 35.860 - 30.556 ) 
    Source Clock Delay      (SCD):    5.655ns
    Clock Pessimism Removal (CPR):    0.214ns
  Clock Uncertainty:      0.060ns  ((TSJ^2 + DJ^2)^1/2) / 2 + PE
    Total System Jitter     (TSJ):    0.071ns
    Discrete Jitter          (DJ):    0.097ns
    Phase Error              (PE):    0.000ns

    Location             Delay type                Incr(ns)  Path(ns)    Netlist Resource(s)
  -------------------------------------------------------------------    -------------------
                         (clock cpu_clk rise edge)    0.000     0.000 r  
    AC19                                              0.000     0.000 r  clk (IN)
                         net (fo=0)                   0.000     0.000    clk
    AC19                                                              r  clk_IBUF_inst/I
    AC19                 IBUF (Prop_ibuf_I_O)         1.416     1.416 r  clk_IBUF_inst/O
                         net (fo=1, routed)           2.602     4.018    clk_IBUF
    BUFGCTRL_X0Y0                                                     r  clk_IBUF_BUFG_inst/I
    BUFGCTRL_X0Y0        BUFG (Prop_bufg_I_O)         0.081     4.099 r  clk_IBUF_BUFG_inst/O
                         net (fo=2000, routed)        1.536     5.635    fpga_pll.u_clk_pll/inst/clk_in1
    PLLE2_ADV_X0Y2                                                    r  fpga_pll.u_clk_pll/inst/plle2_adv_inst/CLKIN1
    PLLE2_ADV_X0Y2       PLLE2_ADV (Prop_plle2_adv_CLKIN1_CLKOUT0)
                                                     -3.173     2.461 r  fpga_pll.u_clk_pll/inst/plle2_adv_inst/CLKOUT0
                         net (fo=1, routed)           1.557     4.018    fpga_pll.u_clk_pll/inst/cpu_clk_clk_pll
    BUFGCTRL_X0Y2                                                     r  fpga_pll.u_clk_pll/inst/clkout1_buf/I
    BUFGCTRL_X0Y2        BUFG (Prop_bufg_I_O)         0.081     4.099 r  fpga_pll.u_clk_pll/inst/clkout1_buf/O
                         net (fo=59802, routed)       1.556     5.655    u_cpu/core_inst/rename/freelist/cpu_clk
    SLICE_X118Y71        FDCE                                         r  u_cpu/core_inst/rename/freelist/free_vec_reg[5]/C
  -------------------------------------------------------------------    -------------------
    SLICE_X118Y71        FDCE (Prop_fdce_C_Q)         0.379     6.034 r  u_cpu/core_inst/rename/freelist/free_vec_reg[5]/Q
                         net (fo=17, routed)          0.762     6.796    u_cpu/core_inst/rename/freelist/p_45_in
    SLICE_X121Y71                                                     r  u_cpu/core_inst/rename/freelist/rob_tail[4]_i_227/I2
    SLICE_X121Y71        LUT6 (Prop_lut6_I2_O)        0.105     6.901 r  u_cpu/core_inst/rename/freelist/rob_tail[4]_i_227/O
                         net (fo=7, routed)           0.518     7.419    u_cpu/core_inst/rename/freelist/rob_tail[4]_i_227_n_0
    SLICE_X119Y71                                                     r  u_cpu/core_inst/rename/freelist/rob_tail[4]_i_231/I5
    SLICE_X119Y71        LUT6 (Prop_lut6_I5_O)        0.105     7.524 r  u_cpu/core_inst/rename/freelist/rob_tail[4]_i_231/O
                         net (fo=4, routed)           0.472     7.996    u_cpu/core_inst/rename/freelist/rob_tail[4]_i_231_n_0
    SLICE_X120Y70                                                     r  u_cpu/core_inst/rename/freelist/rob_tail[4]_i_213/I0
    SLICE_X120Y70        LUT3 (Prop_lut3_I0_O)        0.105     8.101 r  u_cpu/core_inst/rename/freelist/rob_tail[4]_i_213/O
                         net (fo=1, routed)           0.671     8.771    u_cpu/core_inst/rename/freelist/rob_tail[4]_i_213_n_0
    SLICE_X119Y70                                                     r  u_cpu/core_inst/rename/freelist/rob_tail[4]_i_184/I5
    SLICE_X119Y70        LUT6 (Prop_lut6_I5_O)        0.105     8.876 f  u_cpu/core_inst/rename/freelist/rob_tail[4]_i_184/O
                         net (fo=2, routed)           0.477     9.353    u_cpu/core_inst/rename/freelist/rob_tail[4]_i_184_n_0
    SLICE_X119Y72                                                     f  u_cpu/core_inst/rename/freelist/rob_tail[4]_i_182/I3
    SLICE_X119Y72        LUT6 (Prop_lut6_I3_O)        0.105     9.458 r  u_cpu/core_inst/rename/freelist/rob_tail[4]_i_182/O
                         net (fo=3, routed)           0.332     9.790    u_cpu/core_inst/rename/freelist/rob_tail[4]_i_182_n_0
    SLICE_X119Y72                                                     r  u_cpu/core_inst/rename/freelist/rob_tail[4]_i_204/I3
    SLICE_X119Y72        LUT5 (Prop_lut5_I3_O)        0.105     9.895 r  u_cpu/core_inst/rename/freelist/rob_tail[4]_i_204/O
                         net (fo=4, routed)           0.528    10.423    u_cpu/core_inst/rename/freelist/rob_tail[4]_i_204_n_0
    SLICE_X117Y72                                                     r  u_cpu/core_inst/rename/freelist/rob_tail[4]_i_176/I3
    SLICE_X117Y72        LUT6 (Prop_lut6_I3_O)        0.105    10.528 r  u_cpu/core_inst/rename/freelist/rob_tail[4]_i_176/O
                         net (fo=13, routed)          0.397    10.925    u_cpu/core_inst/rename/freelist/rob_tail[4]_i_176_n_0
    SLICE_X122Y72                                                     r  u_cpu/core_inst/rename/freelist/rob_tail[4]_i_216/I2
    SLICE_X122Y72        LUT5 (Prop_lut5_I2_O)        0.105    11.030 r  u_cpu/core_inst/rename/freelist/rob_tail[4]_i_216/O
                         net (fo=4, routed)           0.569    11.599    u_cpu/core_inst/rename/freelist/rob_tail[4]_i_216_n_0
    SLICE_X124Y72                                                     r  u_cpu/core_inst/rename/freelist/rob_tail[4]_i_194/I0
    SLICE_X124Y72        LUT4 (Prop_lut4_I0_O)        0.105    11.704 f  u_cpu/core_inst/rename/freelist/rob_tail[4]_i_194/O
                         net (fo=3, routed)           0.536    12.240    u_cpu/core_inst/rename/freelist/rob_tail[4]_i_194_n_0
    SLICE_X124Y71                                                     f  u_cpu/core_inst/rename/freelist/rob_tail[4]_i_175/I1
    SLICE_X124Y71        LUT6 (Prop_lut6_I1_O)        0.105    12.345 r  u_cpu/core_inst/rename/freelist/rob_tail[4]_i_175/O
                         net (fo=3, routed)           0.648    12.993    u_cpu/core_inst/rename/freelist/rob_tail[4]_i_175_n_0
    SLICE_X122Y70                                                     r  u_cpu/core_inst/rename/freelist/rob_tail[4]_i_153/I4
    SLICE_X122Y70        LUT5 (Prop_lut5_I4_O)        0.105    13.098 f  u_cpu/core_inst/rename/freelist/rob_tail[4]_i_153/O
                         net (fo=3, routed)           0.547    13.646    u_cpu/core_inst/rename/freelist/rob_tail[4]_i_153_n_0
    SLICE_X122Y75                                                     f  u_cpu/core_inst/rename/freelist/rob_tail[4]_i_122/I1
    SLICE_X122Y75        LUT4 (Prop_lut4_I1_O)        0.105    13.751 f  u_cpu/core_inst/rename/freelist/rob_tail[4]_i_122/O
                         net (fo=4, routed)           0.538    14.289    u_cpu/core_inst/rename/freelist/rob_tail[4]_i_122_n_0
    SLICE_X120Y75                                                     f  u_cpu/core_inst/rename/freelist/rob_tail[4]_i_145/I4
    SLICE_X120Y75        LUT6 (Prop_lut6_I4_O)        0.105    14.394 f  u_cpu/core_inst/rename/freelist/rob_tail[4]_i_145/O
                         net (fo=2, routed)           0.697    15.091    u_cpu/core_inst/rename/freelist/rob_tail[4]_i_145_n_0
    SLICE_X121Y74                                                     f  u_cpu/core_inst/rename/freelist/rob_tail[4]_i_106/I4
    SLICE_X121Y74        LUT6 (Prop_lut6_I4_O)        0.105    15.196 f  u_cpu/core_inst/rename/freelist/rob_tail[4]_i_106/O
                         net (fo=11, routed)          0.422    15.619    u_cpu/core_inst/rename/freelist/rob_tail[4]_i_106_n_0
    SLICE_X120Y75                                                     f  u_cpu/core_inst/rename/freelist/rob_tail[4]_i_158/I1
    SLICE_X120Y75        LUT2 (Prop_lut2_I1_O)        0.105    15.724 f  u_cpu/core_inst/rename/freelist/rob_tail[4]_i_158/O
                         net (fo=5, routed)           0.726    16.449    u_cpu/core_inst/rename/freelist/rob_tail[4]_i_158_n_0
    SLICE_X123Y74                                                     f  u_cpu/core_inst/rename/freelist/rob_tail[4]_i_111/I5
    SLICE_X123Y74        LUT6 (Prop_lut6_I5_O)        0.105    16.554 r  u_cpu/core_inst/rename/freelist/rob_tail[4]_i_111/O
                         net (fo=9, routed)           0.648    17.203    u_cpu/core_inst/rename/freelist/rob_tail[4]_i_111_n_0
    SLICE_X120Y76                                                     r  u_cpu/core_inst/rename/freelist/rob_tail[4]_i_102/I2
    SLICE_X120Y76        LUT6 (Prop_lut6_I2_O)        0.105    17.308 f  u_cpu/core_inst/rename/freelist/rob_tail[4]_i_102/O
                         net (fo=3, routed)           0.501    17.809    u_cpu/core_inst/rename/freelist/rob_tail[4]_i_102_n_0
    SLICE_X118Y76                                                     f  u_cpu/core_inst/rename/freelist/rob_tail[4]_i_124/I3
    SLICE_X118Y76        LUT6 (Prop_lut6_I3_O)        0.105    17.914 r  u_cpu/core_inst/rename/freelist/rob_tail[4]_i_124/O
                         net (fo=3, routed)           0.397    18.311    u_cpu/core_inst/rename/freelist/rob_tail[4]_i_124_n_0
    SLICE_X119Y78                                                     r  u_cpu/core_inst/rename/freelist/rob_tail[4]_i_90/I5
    SLICE_X119Y78        LUT6 (Prop_lut6_I5_O)        0.105    18.416 f  u_cpu/core_inst/rename/freelist/rob_tail[4]_i_90/O
                         net (fo=8, routed)           0.451    18.867    u_cpu/core_inst/rename/freelist/rob_tail[4]_i_90_n_0
    SLICE_X118Y78                                                     f  u_cpu/core_inst/rename/freelist/rob_tail[4]_i_136/I2
    SLICE_X118Y78        LUT6 (Prop_lut6_I2_O)        0.105    18.972 f  u_cpu/core_inst/rename/freelist/rob_tail[4]_i_136/O
                         net (fo=5, routed)           0.377    19.350    u_cpu/core_inst/rename/freelist/rob_tail[4]_i_136_n_0
    SLICE_X118Y78                                                     f  u_cpu/core_inst/rename/freelist/rob_tail[4]_i_96/I5
    SLICE_X118Y78        LUT6 (Prop_lut6_I5_O)        0.105    19.455 f  u_cpu/core_inst/rename/freelist/rob_tail[4]_i_96/O
                         net (fo=3, routed)           0.525    19.980    u_cpu/core_inst/rename/freelist/rob_tail[4]_i_96_n_0
    SLICE_X117Y78                                                     f  u_cpu/core_inst/rename/freelist/rob_tail[4]_i_75/I0
    SLICE_X117Y78        LUT6 (Prop_lut6_I0_O)        0.105    20.085 r  u_cpu/core_inst/rename/freelist/rob_tail[4]_i_75/O
                         net (fo=9, routed)           0.539    20.624    u_cpu/core_inst/rename/freelist/rob_tail[4]_i_75_n_0
    SLICE_X116Y79                                                     r  u_cpu/core_inst/rename/freelist/rob_tail[4]_i_128/I3
    SLICE_X116Y79        LUT5 (Prop_lut5_I3_O)        0.105    20.729 r  u_cpu/core_inst/rename/freelist/rob_tail[4]_i_128/O
                         net (fo=3, routed)           0.364    21.092    u_cpu/core_inst/rename/freelist/rob_tail[4]_i_128_n_0
    SLICE_X114Y79                                                     r  u_cpu/core_inst/rename/freelist/rob_tail[4]_i_95/I4
    SLICE_X114Y79        LUT5 (Prop_lut5_I4_O)        0.105    21.197 r  u_cpu/core_inst/rename/freelist/rob_tail[4]_i_95/O
                         net (fo=1, routed)           0.651    21.848    u_cpu/core_inst/rename/freelist/rob_tail[4]_i_95_n_0
    SLICE_X113Y79                                                     r  u_cpu/core_inst/rename/freelist/rob_tail[4]_i_73/I5
    SLICE_X113Y79        LUT6 (Prop_lut6_I5_O)        0.105    21.953 f  u_cpu/core_inst/rename/freelist/rob_tail[4]_i_73/O
                         net (fo=2, routed)           0.385    22.338    u_cpu/core_inst/rename/freelist/rob_tail[4]_i_73_n_0
    SLICE_X108Y77                                                     f  u_cpu/core_inst/rename/freelist/rob_tail[4]_i_40/I0
    SLICE_X108Y77        LUT4 (Prop_lut4_I0_O)        0.105    22.443 r  u_cpu/core_inst/rename/freelist/rob_tail[4]_i_40/O
                         net (fo=2, routed)           0.343    22.787    u_cpu/core_inst/rename/freelist/rob_tail[4]_i_40_n_0
    SLICE_X108Y76                                                     r  u_cpu/core_inst/rename/freelist/rob_tail[4]_i_49/I0
    SLICE_X108Y76        LUT5 (Prop_lut5_I0_O)        0.105    22.892 r  u_cpu/core_inst/rename/freelist/rob_tail[4]_i_49/O
                         net (fo=2, routed)           0.367    23.259    u_cpu/core_inst/rename/freelist/rob_tail[4]_i_49_n_0
    SLICE_X107Y77                                                     r  u_cpu/core_inst/rename/freelist/rob_tail[4]_i_50/I3
    SLICE_X107Y77        LUT6 (Prop_lut6_I3_O)        0.105    23.364 r  u_cpu/core_inst/rename/freelist/rob_tail[4]_i_50/O
                         net (fo=9, routed)           0.469    23.833    u_cpu/core_inst/rename/freelist/rob_tail[4]_i_50_n_0
    SLICE_X107Y75                                                     r  u_cpu/core_inst/rename/freelist/rob_tail[4]_i_46/I3
    SLICE_X107Y75        LUT6 (Prop_lut6_I3_O)        0.105    23.938 r  u_cpu/core_inst/rename/freelist/rob_tail[4]_i_46/O
                         net (fo=2, routed)           0.663    24.602    u_cpu/core_inst/rename/freelist/rob_tail[4]_i_46_n_0
    SLICE_X105Y75                                                     r  u_cpu/core_inst/rename/freelist/rob_tail[4]_i_29/I1
    SLICE_X105Y75        LUT6 (Prop_lut6_I1_O)        0.105    24.707 f  u_cpu/core_inst/rename/freelist/rob_tail[4]_i_29/O
                         net (fo=2, routed)           0.464    25.170    u_cpu/core_inst/rename/freelist/rob_tail[4]_i_29_n_0
    SLICE_X105Y76                                                     f  u_cpu/core_inst/rename/freelist/rob_tail[4]_i_17/I1
    SLICE_X105Y76        LUT6 (Prop_lut6_I1_O)        0.105    25.275 f  u_cpu/core_inst/rename/freelist/rob_tail[4]_i_17/O
                         net (fo=1, routed)           0.403    25.679    u_cpu/core_inst/rename/freelist/rob_tail[4]_i_17_n_0
    SLICE_X103Y76                                                     f  u_cpu/core_inst/rename/freelist/rob_tail[4]_i_10/I3
    SLICE_X103Y76        LUT6 (Prop_lut6_I3_O)        0.105    25.784 r  u_cpu/core_inst/rename/freelist/rob_tail[4]_i_10/O
                         net (fo=1, routed)           0.243    26.027    u_cpu/core_inst/rename/freelist/rob_tail[4]_i_10_n_0
    SLICE_X101Y76                                                     r  u_cpu/core_inst/rename/freelist/rob_tail[4]_i_7/I2
    SLICE_X101Y76        LUT6 (Prop_lut6_I2_O)        0.105    26.132 f  u_cpu/core_inst/rename/freelist/rob_tail[4]_i_7/O
                         net (fo=4, routed)           0.498    26.629    u_cpu/core_inst/rename/freelist/dispatch_enable
    SLICE_X94Y76                                                      f  u_cpu/core_inst/rename/freelist/br_alloc_q[0][7]_i_6/I2
    SLICE_X94Y76         LUT6 (Prop_lut6_I2_O)        0.105    26.734 f  u_cpu/core_inst/rename/freelist/br_alloc_q[0][7]_i_6/O
                         net (fo=57, routed)          0.434    27.168    u_cpu/core_inst/rename/freelist/fl_alloc_en[0]
    SLICE_X97Y75                                                      f  u_cpu/core_inst/rename/freelist/free_vec[55]_i_4/I3
    SLICE_X97Y75         LUT4 (Prop_lut4_I3_O)        0.105    27.273 r  u_cpu/core_inst/rename/freelist/free_vec[55]_i_4/O
                         net (fo=37, routed)          0.584    27.858    u_cpu/core_inst/rename/freelist/free_vec[55]_i_4_n_0
    SLICE_X100Y74                                                     r  u_cpu/core_inst/rename/freelist/slot_uop[15][pdst][5]_i_38/I3
    SLICE_X100Y74        LUT5 (Prop_lut5_I3_O)        0.105    27.963 r  u_cpu/core_inst/rename/freelist/slot_uop[15][pdst][5]_i_38/O
                         net (fo=3, routed)           0.392    28.354    u_cpu/core_inst/rename/freelist/slot_uop[15][pdst][5]_i_38_n_0
    SLICE_X97Y73                                                      r  u_cpu/core_inst/rename/freelist/slot_uop[15][pdst][5]_i_20/I5
    SLICE_X97Y73         LUT6 (Prop_lut6_I5_O)        0.105    28.459 r  u_cpu/core_inst/rename/freelist/slot_uop[15][pdst][5]_i_20/O
                         net (fo=3, routed)           0.551    29.011    u_cpu/core_inst/rename/freelist/slot_uop[15][pdst][5]_i_20_n_0
    SLICE_X96Y73                                                      r  u_cpu/core_inst/rename/freelist/slot_uop[15][pdst][5]_i_7/I0
    SLICE_X96Y73         LUT2 (Prop_lut2_I0_O)        0.127    29.138 r  u_cpu/core_inst/rename/freelist/slot_uop[15][pdst][5]_i_7/O
                         net (fo=5, routed)           0.940    30.077    u_cpu/core_inst/rename/freelist/slot_uop[15][pdst][5]_i_7_n_0
    SLICE_X91Y70                                                      r  u_cpu/core_inst/rename/freelist/slot_uop[15][pdst][5]_i_3/I3
    SLICE_X91Y70         LUT6 (Prop_lut6_I3_O)        0.286    30.363 r  u_cpu/core_inst/rename/freelist/slot_uop[15][pdst][5]_i_3/O
                         net (fo=89, routed)          0.638    31.001    u_cpu/core_inst/rename/freelist/mt_write_preg[5]
    SLICE_X85Y72                                                      r  u_cpu/core_inst/rename/freelist/slot_uop[6][psrc2_busy]_i_89/I2
    SLICE_X85Y72         LUT4 (Prop_lut4_I2_O)        0.105    31.106 r  u_cpu/core_inst/rename/freelist/slot_uop[6][psrc2_busy]_i_89/O
                         net (fo=1, routed)           0.456    31.563    u_cpu/core_inst/rename/freelist/slot_uop[6][psrc2_busy]_i_89_n_0
    SLICE_X86Y72                                                      r  u_cpu/core_inst/rename/freelist/slot_uop[6][psrc2_busy]_i_56/I0
    SLICE_X86Y72         LUT5 (Prop_lut5_I0_O)        0.105    31.668 r  u_cpu/core_inst/rename/freelist/slot_uop[6][psrc2_busy]_i_56/O
                         net (fo=1, routed)           0.227    31.894    u_cpu/core_inst/rename/freelist/slot_uop[6][psrc2_busy]_i_56_n_0
    SLICE_X85Y72                                                      r  u_cpu/core_inst/rename/freelist/slot_uop[6][psrc2_busy]_i_31/I0
    SLICE_X85Y72         LUT6 (Prop_lut6_I0_O)        0.105    31.999 r  u_cpu/core_inst/rename/freelist/slot_uop[6][psrc2_busy]_i_31/O
                         net (fo=1, routed)           0.643    32.642    u_cpu/core_inst/rename/freelist/slot_uop[6][psrc2_busy]_i_31_n_0
    SLICE_X84Y74                                                      r  u_cpu/core_inst/rename/freelist/slot_uop[6][psrc2_busy]_i_13__1/I4
    SLICE_X84Y74         LUT6 (Prop_lut6_I4_O)        0.105    32.747 r  u_cpu/core_inst/rename/freelist/slot_uop[6][psrc2_busy]_i_13__1/O
                         net (fo=8, routed)           0.663    33.410    u_cpu/core_inst/rename/freelist/rn2_mask_q_reg[1]_0
    SLICE_X83Y72                                                      r  u_cpu/core_inst/rename/freelist/slot_uop[15][psrc2_busy]_i_11__0/I3
    SLICE_X83Y72         LUT4 (Prop_lut4_I3_O)        0.105    33.515 r  u_cpu/core_inst/rename/freelist/slot_uop[15][psrc2_busy]_i_11__0/O
                         net (fo=6, routed)           0.690    34.205    u_cpu/core_inst/gen_alu[0].alu_inst/iq_alu_dis_uop[0][psrc2_busy]
    SLICE_X85Y77                                                      r  u_cpu/core_inst/gen_alu[0].alu_inst/slot_uop[12][psrc2_busy]_i_6/I1
    SLICE_X85Y77         LUT2 (Prop_lut2_I1_O)        0.105    34.310 f  u_cpu/core_inst/gen_alu[0].alu_inst/slot_uop[12][psrc2_busy]_i_6/O
                         net (fo=3, routed)           0.216    34.527    u_cpu/core_inst/rename/freelist/slot_uop_reg[0][psrc2_busy]
    SLICE_X85Y77                                                      f  u_cpu/core_inst/rename/freelist/slot_uop[0][psrc2_busy]_i_2/I1
    SLICE_X85Y77         LUT2 (Prop_lut2_I1_O)        0.110    34.637 r  u_cpu/core_inst/rename/freelist/slot_uop[0][psrc2_busy]_i_2/O
                         net (fo=7, routed)           0.678    35.314    u_cpu/core_inst/alu_iq/slot_uop_reg[0][psrc2_busy]_0
    SLICE_X83Y84                                                      r  u_cpu/core_inst/alu_iq/slot_uop[10][psrc2_busy]_i_2/I5
    SLICE_X83Y84         LUT6 (Prop_lut6_I5_O)        0.268    35.582 r  u_cpu/core_inst/alu_iq/slot_uop[10][psrc2_busy]_i_2/O
                         net (fo=1, routed)           0.396    35.978    u_cpu/core_inst/alu_iq/slot_uop[10][psrc2_busy]_i_2_n_0
    SLICE_X81Y84                                                      r  u_cpu/core_inst/alu_iq/slot_uop[10][psrc2_busy]_i_1/I0
    SLICE_X81Y84         LUT6 (Prop_lut6_I0_O)        0.105    36.083 r  u_cpu/core_inst/alu_iq/slot_uop[10][psrc2_busy]_i_1/O
                         net (fo=1, routed)           0.000    36.083    u_cpu/core_inst/alu_iq/slot_uop[10][psrc2_busy]_i_1_n_0
    SLICE_X81Y84         FDRE                                         r  u_cpu/core_inst/alu_iq/slot_uop_reg[10][psrc2_busy]/D
  -------------------------------------------------------------------    -------------------

                         (clock cpu_clk rise edge)   30.556    30.556 r  
    AC19                                              0.000    30.556 r  clk (IN)
                         net (fo=0)                   0.000    30.556    clk
    AC19                                                              r  clk_IBUF_inst/I
    AC19                 IBUF (Prop_ibuf_I_O)         1.350    31.906 r  clk_IBUF_inst/O
                         net (fo=1, routed)           2.471    34.376    clk_IBUF
    BUFGCTRL_X0Y0                                                     r  clk_IBUF_BUFG_inst/I
    BUFGCTRL_X0Y0        BUFG (Prop_bufg_I_O)         0.077    34.453 r  clk_IBUF_BUFG_inst/O
                         net (fo=2000, routed)        1.434    35.887    fpga_pll.u_clk_pll/inst/clk_in1
    PLLE2_ADV_X0Y2                                                    r  fpga_pll.u_clk_pll/inst/plle2_adv_inst/CLKIN1
    PLLE2_ADV_X0Y2       PLLE2_ADV (Prop_plle2_adv_CLKIN1_CLKOUT0)
                                                     -2.995    32.892 r  fpga_pll.u_clk_pll/inst/plle2_adv_inst/CLKOUT0
                         net (fo=1, routed)           1.484    34.376    fpga_pll.u_clk_pll/inst/cpu_clk_clk_pll
    BUFGCTRL_X0Y2                                                     r  fpga_pll.u_clk_pll/inst/clkout1_buf/I
    BUFGCTRL_X0Y2        BUFG (Prop_bufg_I_O)         0.077    34.453 r  fpga_pll.u_clk_pll/inst/clkout1_buf/O
                         net (fo=59802, routed)       1.407    35.860    u_cpu/core_inst/alu_iq/cpu_clk
    SLICE_X81Y84         FDRE                                         r  u_cpu/core_inst/alu_iq/slot_uop_reg[10][psrc2_busy]/C
                         clock pessimism              0.214    36.074    
                         clock uncertainty           -0.060    36.014    
    SLICE_X81Y84         FDRE (Setup_fdre_C_D)        0.030    36.044    u_cpu/core_inst/alu_iq/slot_uop_reg[10][psrc2_busy]
  -------------------------------------------------------------------
                         required time                         36.044    
                         arrival time                         -36.083    
  -------------------------------------------------------------------
                         slack                                 -0.039    

Slack (VIOLATED) :        -0.039ns  (required time - arrival time)
  Source:                 u_cpu/core_inst/rename/freelist/free_vec_reg[5]/C
                            (rising edge-triggered cell FDCE clocked by cpu_clk  {rise@0.000ns fall@15.278ns period=30.556ns})
  Destination:            u_cpu/core_inst/alu_iq/slot_uop_reg[10][psrc2_busy]/D
                            (rising edge-triggered cell FDRE clocked by cpu_clk  {rise@0.000ns fall@15.278ns period=30.556ns})
  Path Group:             cpu_clk
  Path Type:              Setup (Max at Slow Process Corner)
  Requirement:            30.556ns  (cpu_clk rise@30.556ns - cpu_clk rise@0.000ns)
  Data Path Delay:        30.428ns  (logic 5.790ns (19.028%)  route 24.638ns (80.972%))
  Logic Levels:           48  (LUT2=4 LUT3=1 LUT4=6 LUT5=8 LUT6=29)
  Clock Path Skew:        -0.136ns (DCD - SCD + CPR)
    Destination Clock Delay (DCD):    5.305ns = ( 35.860 - 30.556 ) 
    Source Clock Delay      (SCD):    5.655ns
    Clock Pessimism Removal (CPR):    0.214ns
  Clock Uncertainty:      0.060ns  ((TSJ^2 + DJ^2)^1/2) / 2 + PE
    Total System Jitter     (TSJ):    0.071ns
    Discrete Jitter          (DJ):    0.097ns
    Phase Error              (PE):    0.000ns

    Location             Delay type                Incr(ns)  Path(ns)    Netlist Resource(s)
  -------------------------------------------------------------------    -------------------
                         (clock cpu_clk rise edge)    0.000     0.000 r  
    AC19                                              0.000     0.000 r  clk (IN)
                         net (fo=0)                   0.000     0.000    clk
    AC19                                                              r  clk_IBUF_inst/I
    AC19                 IBUF (Prop_ibuf_I_O)         1.416     1.416 r  clk_IBUF_inst/O
                         net (fo=1, routed)           2.602     4.018    clk_IBUF
    BUFGCTRL_X0Y0                                                     r  clk_IBUF_BUFG_inst/I
    BUFGCTRL_X0Y0        BUFG (Prop_bufg_I_O)         0.081     4.099 r  clk_IBUF_BUFG_inst/O
                         net (fo=2000, routed)        1.536     5.635    fpga_pll.u_clk_pll/inst/clk_in1
    PLLE2_ADV_X0Y2                                                    r  fpga_pll.u_clk_pll/inst/plle2_adv_inst/CLKIN1
    PLLE2_ADV_X0Y2       PLLE2_ADV (Prop_plle2_adv_CLKIN1_CLKOUT0)
                                                     -3.173     2.461 r  fpga_pll.u_clk_pll/inst/plle2_adv_inst/CLKOUT0
                         net (fo=1, routed)           1.557     4.018    fpga_pll.u_clk_pll/inst/cpu_clk_clk_pll
    BUFGCTRL_X0Y2                                                     r  fpga_pll.u_clk_pll/inst/clkout1_buf/I
    BUFGCTRL_X0Y2        BUFG (Prop_bufg_I_O)         0.081     4.099 r  fpga_pll.u_clk_pll/inst/clkout1_buf/O
                         net (fo=59802, routed)       1.556     5.655    u_cpu/core_inst/rename/freelist/cpu_clk
    SLICE_X118Y71        FDCE                                         r  u_cpu/core_inst/rename/freelist/free_vec_reg[5]/C
  -------------------------------------------------------------------    -------------------
    SLICE_X118Y71        FDCE (Prop_fdce_C_Q)         0.379     6.034 f  u_cpu/core_inst/rename/freelist/free_vec_reg[5]/Q
                         net (fo=17, routed)          0.762     6.796    u_cpu/core_inst/rename/freelist/p_45_in
    SLICE_X121Y71                                                     f  u_cpu/core_inst/rename/freelist/rob_tail[4]_i_227/I2
    SLICE_X121Y71        LUT6 (Prop_lut6_I2_O)        0.105     6.901 f  u_cpu/core_inst/rename/freelist/rob_tail[4]_i_227/O
                         net (fo=7, routed)           0.518     7.419    u_cpu/core_inst/rename/freelist/rob_tail[4]_i_227_n_0
    SLICE_X119Y71                                                     f  u_cpu/core_inst/rename/freelist/rob_tail[4]_i_231/I5
    SLICE_X119Y71        LUT6 (Prop_lut6_I5_O)        0.105     7.524 f  u_cpu/core_inst/rename/freelist/rob_tail[4]_i_231/O
                         net (fo=4, routed)           0.472     7.996    u_cpu/core_inst/rename/freelist/rob_tail[4]_i_231_n_0
    SLICE_X120Y70                                                     f  u_cpu/core_inst/rename/freelist/rob_tail[4]_i_213/I0
    SLICE_X120Y70        LUT3 (Prop_lut3_I0_O)        0.105     8.101 f  u_cpu/core_inst/rename/freelist/rob_tail[4]_i_213/O
                         net (fo=1, routed)           0.671     8.771    u_cpu/core_inst/rename/freelist/rob_tail[4]_i_213_n_0
    SLICE_X119Y70                                                     f  u_cpu/core_inst/rename/freelist/rob_tail[4]_i_184/I5
    SLICE_X119Y70        LUT6 (Prop_lut6_I5_O)        0.105     8.876 f  u_cpu/core_inst/rename/freelist/rob_tail[4]_i_184/O
                         net (fo=2, routed)           0.477     9.353    u_cpu/core_inst/rename/freelist/rob_tail[4]_i_184_n_0
    SLICE_X119Y72                                                     f  u_cpu/core_inst/rename/freelist/rob_tail[4]_i_182/I3
    SLICE_X119Y72        LUT6 (Prop_lut6_I3_O)        0.105     9.458 r  u_cpu/core_inst/rename/freelist/rob_tail[4]_i_182/O
                         net (fo=3, routed)           0.332     9.790    u_cpu/core_inst/rename/freelist/rob_tail[4]_i_182_n_0
    SLICE_X119Y72                                                     r  u_cpu/core_inst/rename/freelist/rob_tail[4]_i_204/I3
    SLICE_X119Y72        LUT5 (Prop_lut5_I3_O)        0.105     9.895 r  u_cpu/core_inst/rename/freelist/rob_tail[4]_i_204/O
                         net (fo=4, routed)           0.528    10.423    u_cpu/core_inst/rename/freelist/rob_tail[4]_i_204_n_0
    SLICE_X117Y72                                                     r  u_cpu/core_inst/rename/freelist/rob_tail[4]_i_176/I3
    SLICE_X117Y72        LUT6 (Prop_lut6_I3_O)        0.105    10.528 r  u_cpu/core_inst/rename/freelist/rob_tail[4]_i_176/O
                         net (fo=13, routed)          0.397    10.925    u_cpu/core_inst/rename/freelist/rob_tail[4]_i_176_n_0
    SLICE_X122Y72                                                     r  u_cpu/core_inst/rename/freelist/rob_tail[4]_i_216/I2
    SLICE_X122Y72        LUT5 (Prop_lut5_I2_O)        0.105    11.030 r  u_cpu/core_inst/rename/freelist/rob_tail[4]_i_216/O
                         net (fo=4, routed)           0.569    11.599    u_cpu/core_inst/rename/freelist/rob_tail[4]_i_216_n_0
    SLICE_X124Y72                                                     r  u_cpu/core_inst/rename/freelist/rob_tail[4]_i_194/I0
    SLICE_X124Y72        LUT4 (Prop_lut4_I0_O)        0.105    11.704 f  u_cpu/core_inst/rename/freelist/rob_tail[4]_i_194/O
                         net (fo=3, routed)           0.536    12.240    u_cpu/core_inst/rename/freelist/rob_tail[4]_i_194_n_0
    SLICE_X124Y71                                                     f  u_cpu/core_inst/rename/freelist/rob_tail[4]_i_175/I1
    SLICE_X124Y71        LUT6 (Prop_lut6_I1_O)        0.105    12.345 r  u_cpu/core_inst/rename/freelist/rob_tail[4]_i_175/O
                         net (fo=3, routed)           0.648    12.993    u_cpu/core_inst/rename/freelist/rob_tail[4]_i_175_n_0
    SLICE_X122Y70                                                     r  u_cpu/core_inst/rename/freelist/rob_tail[4]_i_153/I4
    SLICE_X122Y70        LUT5 (Prop_lut5_I4_O)        0.105    13.098 f  u_cpu/core_inst/rename/freelist/rob_tail[4]_i_153/O
                         net (fo=3, routed)           0.547    13.646    u_cpu/core_inst/rename/freelist/rob_tail[4]_i_153_n_0
    SLICE_X122Y75                                                     f  u_cpu/core_inst/rename/freelist/rob_tail[4]_i_122/I1
    SLICE_X122Y75        LUT4 (Prop_lut4_I1_O)        0.105    13.751 f  u_cpu/core_inst/rename/freelist/rob_tail[4]_i_122/O
                         net (fo=4, routed)           0.538    14.289    u_cpu/core_inst/rename/freelist/rob_tail[4]_i_122_n_0
    SLICE_X120Y75                                                     f  u_cpu/core_inst/rename/freelist/rob_tail[4]_i_145/I4
    SLICE_X120Y75        LUT6 (Prop_lut6_I4_O)        0.105    14.394 f  u_cpu/core_inst/rename/freelist/rob_tail[4]_i_145/O
                         net (fo=2, routed)           0.697    15.091    u_cpu/core_inst/rename/freelist/rob_tail[4]_i_145_n_0
    SLICE_X121Y74                                                     f  u_cpu/core_inst/rename/freelist/rob_tail[4]_i_106/I4
    SLICE_X121Y74        LUT6 (Prop_lut6_I4_O)        0.105    15.196 f  u_cpu/core_inst/rename/freelist/rob_tail[4]_i_106/O
                         net (fo=11, routed)          0.422    15.619    u_cpu/core_inst/rename/freelist/rob_tail[4]_i_106_n_0
    SLICE_X120Y75                                                     f  u_cpu/core_inst/rename/freelist/rob_tail[4]_i_158/I1
    SLICE_X120Y75        LUT2 (Prop_lut2_I1_O)        0.105    15.724 f  u_cpu/core_inst/rename/freelist/rob_tail[4]_i_158/O
                         net (fo=5, routed)           0.726    16.449    u_cpu/core_inst/rename/freelist/rob_tail[4]_i_158_n_0
    SLICE_X123Y74                                                     f  u_cpu/core_inst/rename/freelist/rob_tail[4]_i_111/I5
    SLICE_X123Y74        LUT6 (Prop_lut6_I5_O)        0.105    16.554 r  u_cpu/core_inst/rename/freelist/rob_tail[4]_i_111/O
                         net (fo=9, routed)           0.648    17.203    u_cpu/core_inst/rename/freelist/rob_tail[4]_i_111_n_0
    SLICE_X120Y76                                                     r  u_cpu/core_inst/rename/freelist/rob_tail[4]_i_102/I2
    SLICE_X120Y76        LUT6 (Prop_lut6_I2_O)        0.105    17.308 f  u_cpu/core_inst/rename/freelist/rob_tail[4]_i_102/O
                         net (fo=3, routed)           0.501    17.809    u_cpu/core_inst/rename/freelist/rob_tail[4]_i_102_n_0
    SLICE_X118Y76                                                     f  u_cpu/core_inst/rename/freelist/rob_tail[4]_i_124/I3
    SLICE_X118Y76        LUT6 (Prop_lut6_I3_O)        0.105    17.914 r  u_cpu/core_inst/rename/freelist/rob_tail[4]_i_124/O
                         net (fo=3, routed)           0.397    18.311    u_cpu/core_inst/rename/freelist/rob_tail[4]_i_124_n_0
    SLICE_X119Y78                                                     r  u_cpu/core_inst/rename/freelist/rob_tail[4]_i_90/I5
    SLICE_X119Y78        LUT6 (Prop_lut6_I5_O)        0.105    18.416 f  u_cpu/core_inst/rename/freelist/rob_tail[4]_i_90/O
                         net (fo=8, routed)           0.451    18.867    u_cpu/core_inst/rename/freelist/rob_tail[4]_i_90_n_0
    SLICE_X118Y78                                                     f  u_cpu/core_inst/rename/freelist/rob_tail[4]_i_136/I2
    SLICE_X118Y78        LUT6 (Prop_lut6_I2_O)        0.105    18.972 f  u_cpu/core_inst/rename/freelist/rob_tail[4]_i_136/O
                         net (fo=5, routed)           0.377    19.350    u_cpu/core_inst/rename/freelist/rob_tail[4]_i_136_n_0
    SLICE_X118Y78                                                     f  u_cpu/core_inst/rename/freelist/rob_tail[4]_i_96/I5
    SLICE_X118Y78        LUT6 (Prop_lut6_I5_O)        0.105    19.455 f  u_cpu/core_inst/rename/freelist/rob_tail[4]_i_96/O
                         net (fo=3, routed)           0.525    19.980    u_cpu/core_inst/rename/freelist/rob_tail[4]_i_96_n_0
    SLICE_X117Y78                                                     f  u_cpu/core_inst/rename/freelist/rob_tail[4]_i_75/I0
    SLICE_X117Y78        LUT6 (Prop_lut6_I0_O)        0.105    20.085 r  u_cpu/core_inst/rename/freelist/rob_tail[4]_i_75/O
                         net (fo=9, routed)           0.539    20.624    u_cpu/core_inst/rename/freelist/rob_tail[4]_i_75_n_0
    SLICE_X116Y79                                                     r  u_cpu/core_inst/rename/freelist/rob_tail[4]_i_128/I3
    SLICE_X116Y79        LUT5 (Prop_lut5_I3_O)        0.105    20.729 r  u_cpu/core_inst/rename/freelist/rob_tail[4]_i_128/O
                         net (fo=3, routed)           0.364    21.092    u_cpu/core_inst/rename/freelist/rob_tail[4]_i_128_n_0
    SLICE_X114Y79                                                     r  u_cpu/core_inst/rename/freelist/rob_tail[4]_i_95/I4
    SLICE_X114Y79        LUT5 (Prop_lut5_I4_O)        0.105    21.197 r  u_cpu/core_inst/rename/freelist/rob_tail[4]_i_95/O
                         net (fo=1, routed)           0.651    21.848    u_cpu/core_inst/rename/freelist/rob_tail[4]_i_95_n_0
    SLICE_X113Y79                                                     r  u_cpu/core_inst/rename/freelist/rob_tail[4]_i_73/I5
    SLICE_X113Y79        LUT6 (Prop_lut6_I5_O)        0.105    21.953 f  u_cpu/core_inst/rename/freelist/rob_tail[4]_i_73/O
                         net (fo=2, routed)           0.385    22.338    u_cpu/core_inst/rename/freelist/rob_tail[4]_i_73_n_0
    SLICE_X108Y77                                                     f  u_cpu/core_inst/rename/freelist/rob_tail[4]_i_40/I0
    SLICE_X108Y77        LUT4 (Prop_lut4_I0_O)        0.105    22.443 r  u_cpu/core_inst/rename/freelist/rob_tail[4]_i_40/O
                         net (fo=2, routed)           0.343    22.787    u_cpu/core_inst/rename/freelist/rob_tail[4]_i_40_n_0
    SLICE_X108Y76                                                     r  u_cpu/core_inst/rename/freelist/rob_tail[4]_i_49/I0
    SLICE_X108Y76        LUT5 (Prop_lut5_I0_O)        0.105    22.892 r  u_cpu/core_inst/rename/freelist/rob_tail[4]_i_49/O
                         net (fo=2, routed)           0.367    23.259    u_cpu/core_inst/rename/freelist/rob_tail[4]_i_49_n_0
    SLICE_X107Y77                                                     r  u_cpu/core_inst/rename/freelist/rob_tail[4]_i_50/I3
    SLICE_X107Y77        LUT6 (Prop_lut6_I3_O)        0.105    23.364 r  u_cpu/core_inst/rename/freelist/rob_tail[4]_i_50/O
                         net (fo=9, routed)           0.469    23.833    u_cpu/core_inst/rename/freelist/rob_tail[4]_i_50_n_0
    SLICE_X107Y75                                                     r  u_cpu/core_inst/rename/freelist/rob_tail[4]_i_46/I3
    SLICE_X107Y75        LUT6 (Prop_lut6_I3_O)        0.105    23.938 r  u_cpu/core_inst/rename/freelist/rob_tail[4]_i_46/O
                         net (fo=2, routed)           0.663    24.602    u_cpu/core_inst/rename/freelist/rob_tail[4]_i_46_n_0
    SLICE_X105Y75                                                     r  u_cpu/core_inst/rename/freelist/rob_tail[4]_i_29/I1
    SLICE_X105Y75        LUT6 (Prop_lut6_I1_O)        0.105    24.707 f  u_cpu/core_inst/rename/freelist/rob_tail[4]_i_29/O
                         net (fo=2, routed)           0.464    25.170    u_cpu/core_inst/rename/freelist/rob_tail[4]_i_29_n_0
    SLICE_X105Y76                                                     f  u_cpu/core_inst/rename/freelist/rob_tail[4]_i_17/I1
    SLICE_X105Y76        LUT6 (Prop_lut6_I1_O)        0.105    25.275 f  u_cpu/core_inst/rename/freelist/rob_tail[4]_i_17/O
                         net (fo=1, routed)           0.403    25.679    u_cpu/core_inst/rename/freelist/rob_tail[4]_i_17_n_0
    SLICE_X103Y76                                                     f  u_cpu/core_inst/rename/freelist/rob_tail[4]_i_10/I3
    SLICE_X103Y76        LUT6 (Prop_lut6_I3_O)        0.105    25.784 r  u_cpu/core_inst/rename/freelist/rob_tail[4]_i_10/O
                         net (fo=1, routed)           0.243    26.027    u_cpu/core_inst/rename/freelist/rob_tail[4]_i_10_n_0
    SLICE_X101Y76                                                     r  u_cpu/core_inst/rename/freelist/rob_tail[4]_i_7/I2
    SLICE_X101Y76        LUT6 (Prop_lut6_I2_O)        0.105    26.132 f  u_cpu/core_inst/rename/freelist/rob_tail[4]_i_7/O
                         net (fo=4, routed)           0.498    26.629    u_cpu/core_inst/rename/freelist/dispatch_enable
    SLICE_X94Y76                                                      f  u_cpu/core_inst/rename/freelist/br_alloc_q[0][7]_i_6/I2
    SLICE_X94Y76         LUT6 (Prop_lut6_I2_O)        0.105    26.734 f  u_cpu/core_inst/rename/freelist/br_alloc_q[0][7]_i_6/O
                         net (fo=57, routed)          0.434    27.168    u_cpu/core_inst/rename/freelist/fl_alloc_en[0]
    SLICE_X97Y75                                                      f  u_cpu/core_inst/rename/freelist/free_vec[55]_i_4/I3
    SLICE_X97Y75         LUT4 (Prop_lut4_I3_O)        0.105    27.273 r  u_cpu/core_inst/rename/freelist/free_vec[55]_i_4/O
                         net (fo=37, routed)          0.584    27.858    u_cpu/core_inst/rename/freelist/free_vec[55]_i_4_n_0
    SLICE_X100Y74                                                     r  u_cpu/core_inst/rename/freelist/slot_uop[15][pdst][5]_i_38/I3
    SLICE_X100Y74        LUT5 (Prop_lut5_I3_O)        0.105    27.963 r  u_cpu/core_inst/rename/freelist/slot_uop[15][pdst][5]_i_38/O
                         net (fo=3, routed)           0.392    28.354    u_cpu/core_inst/rename/freelist/slot_uop[15][pdst][5]_i_38_n_0
    SLICE_X97Y73                                                      r  u_cpu/core_inst/rename/freelist/slot_uop[15][pdst][5]_i_20/I5
    SLICE_X97Y73         LUT6 (Prop_lut6_I5_O)        0.105    28.459 r  u_cpu/core_inst/rename/freelist/slot_uop[15][pdst][5]_i_20/O
                         net (fo=3, routed)           0.551    29.011    u_cpu/core_inst/rename/freelist/slot_uop[15][pdst][5]_i_20_n_0
    SLICE_X96Y73                                                      r  u_cpu/core_inst/rename/freelist/slot_uop[15][pdst][5]_i_7/I0
    SLICE_X96Y73         LUT2 (Prop_lut2_I0_O)        0.127    29.138 r  u_cpu/core_inst/rename/freelist/slot_uop[15][pdst][5]_i_7/O
                         net (fo=5, routed)           0.940    30.077    u_cpu/core_inst/rename/freelist/slot_uop[15][pdst][5]_i_7_n_0
    SLICE_X91Y70                                                      r  u_cpu/core_inst/rename/freelist/slot_uop[15][pdst][5]_i_3/I3
    SLICE_X91Y70         LUT6 (Prop_lut6_I3_O)        0.286    30.363 r  u_cpu/core_inst/rename/freelist/slot_uop[15][pdst][5]_i_3/O
                         net (fo=89, routed)          0.638    31.001    u_cpu/core_inst/rename/freelist/mt_write_preg[5]
    SLICE_X85Y72                                                      r  u_cpu/core_inst/rename/freelist/slot_uop[6][psrc2_busy]_i_89/I2
    SLICE_X85Y72         LUT4 (Prop_lut4_I2_O)        0.105    31.106 r  u_cpu/core_inst/rename/freelist/slot_uop[6][psrc2_busy]_i_89/O
                         net (fo=1, routed)           0.456    31.563    u_cpu/core_inst/rename/freelist/slot_uop[6][psrc2_busy]_i_89_n_0
    SLICE_X86Y72                                                      r  u_cpu/core_inst/rename/freelist/slot_uop[6][psrc2_busy]_i_56/I0
    SLICE_X86Y72         LUT5 (Prop_lut5_I0_O)        0.105    31.668 r  u_cpu/core_inst/rename/freelist/slot_uop[6][psrc2_busy]_i_56/O
                         net (fo=1, routed)           0.227    31.894    u_cpu/core_inst/rename/freelist/slot_uop[6][psrc2_busy]_i_56_n_0
    SLICE_X85Y72                                                      r  u_cpu/core_inst/rename/freelist/slot_uop[6][psrc2_busy]_i_31/I0
    SLICE_X85Y72         LUT6 (Prop_lut6_I0_O)        0.105    31.999 r  u_cpu/core_inst/rename/freelist/slot_uop[6][psrc2_busy]_i_31/O
                         net (fo=1, routed)           0.643    32.642    u_cpu/core_inst/rename/freelist/slot_uop[6][psrc2_busy]_i_31_n_0
    SLICE_X84Y74                                                      r  u_cpu/core_inst/rename/freelist/slot_uop[6][psrc2_busy]_i_13__1/I4
    SLICE_X84Y74         LUT6 (Prop_lut6_I4_O)        0.105    32.747 r  u_cpu/core_inst/rename/freelist/slot_uop[6][psrc2_busy]_i_13__1/O
                         net (fo=8, routed)           0.663    33.410    u_cpu/core_inst/rename/freelist/rn2_mask_q_reg[1]_0
    SLICE_X83Y72                                                      r  u_cpu/core_inst/rename/freelist/slot_uop[15][psrc2_busy]_i_11__0/I3
    SLICE_X83Y72         LUT4 (Prop_lut4_I3_O)        0.105    33.515 r  u_cpu/core_inst/rename/freelist/slot_uop[15][psrc2_busy]_i_11__0/O
                         net (fo=6, routed)           0.690    34.205    u_cpu/core_inst/gen_alu[0].alu_inst/iq_alu_dis_uop[0][psrc2_busy]
    SLICE_X85Y77                                                      r  u_cpu/core_inst/gen_alu[0].alu_inst/slot_uop[12][psrc2_busy]_i_6/I1
    SLICE_X85Y77         LUT2 (Prop_lut2_I1_O)        0.105    34.310 f  u_cpu/core_inst/gen_alu[0].alu_inst/slot_uop[12][psrc2_busy]_i_6/O
                         net (fo=3, routed)           0.216    34.527    u_cpu/core_inst/rename/freelist/slot_uop_reg[0][psrc2_busy]
    SLICE_X85Y77                                                      f  u_cpu/core_inst/rename/freelist/slot_uop[0][psrc2_busy]_i_2/I1
    SLICE_X85Y77         LUT2 (Prop_lut2_I1_O)        0.110    34.637 r  u_cpu/core_inst/rename/freelist/slot_uop[0][psrc2_busy]_i_2/O
                         net (fo=7, routed)           0.678    35.314    u_cpu/core_inst/alu_iq/slot_uop_reg[0][psrc2_busy]_0
    SLICE_X83Y84                                                      r  u_cpu/core_inst/alu_iq/slot_uop[10][psrc2_busy]_i_2/I5
    SLICE_X83Y84         LUT6 (Prop_lut6_I5_O)        0.268    35.582 r  u_cpu/core_inst/alu_iq/slot_uop[10][psrc2_busy]_i_2/O
                         net (fo=1, routed)           0.396    35.978    u_cpu/core_inst/alu_iq/slot_uop[10][psrc2_busy]_i_2_n_0
    SLICE_X81Y84                                                      r  u_cpu/core_inst/alu_iq/slot_uop[10][psrc2_busy]_i_1/I0
    SLICE_X81Y84         LUT6 (Prop_lut6_I0_O)        0.105    36.083 r  u_cpu/core_inst/alu_iq/slot_uop[10][psrc2_busy]_i_1/O
                         net (fo=1, routed)           0.000    36.083    u_cpu/core_inst/alu_iq/slot_uop[10][psrc2_busy]_i_1_n_0
    SLICE_X81Y84         FDRE                                         r  u_cpu/core_inst/alu_iq/slot_uop_reg[10][psrc2_busy]/D
  -------------------------------------------------------------------    -------------------

                         (clock cpu_clk rise edge)   30.556    30.556 r  
    AC19                                              0.000    30.556 r  clk (IN)
                         net (fo=0)                   0.000    30.556    clk
    AC19                                                              r  clk_IBUF_inst/I
    AC19                 IBUF (Prop_ibuf_I_O)         1.350    31.906 r  clk_IBUF_inst/O
                         net (fo=1, routed)           2.471    34.376    clk_IBUF
    BUFGCTRL_X0Y0                                                     r  clk_IBUF_BUFG_inst/I
    BUFGCTRL_X0Y0        BUFG (Prop_bufg_I_O)         0.077    34.453 r  clk_IBUF_BUFG_inst/O
                         net (fo=2000, routed)        1.434    35.887    fpga_pll.u_clk_pll/inst/clk_in1
    PLLE2_ADV_X0Y2                                                    r  fpga_pll.u_clk_pll/inst/plle2_adv_inst/CLKIN1
    PLLE2_ADV_X0Y2       PLLE2_ADV (Prop_plle2_adv_CLKIN1_CLKOUT0)
                                                     -2.995    32.892 r  fpga_pll.u_clk_pll/inst/plle2_adv_inst/CLKOUT0
                         net (fo=1, routed)           1.484    34.376    fpga_pll.u_clk_pll/inst/cpu_clk_clk_pll
    BUFGCTRL_X0Y2                                                     r  fpga_pll.u_clk_pll/inst/clkout1_buf/I
    BUFGCTRL_X0Y2        BUFG (Prop_bufg_I_O)         0.077    34.453 r  fpga_pll.u_clk_pll/inst/clkout1_buf/O
                         net (fo=59802, routed)       1.407    35.860    u_cpu/core_inst/alu_iq/cpu_clk
    SLICE_X81Y84         FDRE                                         r  u_cpu/core_inst/alu_iq/slot_uop_reg[10][psrc2_busy]/C
                         clock pessimism              0.214    36.074    
                         clock uncertainty           -0.060    36.014    
    SLICE_X81Y84         FDRE (Setup_fdre_C_D)        0.030    36.044    u_cpu/core_inst/alu_iq/slot_uop_reg[10][psrc2_busy]
  -------------------------------------------------------------------
                         required time                         36.044    
                         arrival time                         -36.083    
  -------------------------------------------------------------------
                         slack                                 -0.039    

Slack (VIOLATED) :        -0.039ns  (required time - arrival time)
  Source:                 u_cpu/core_inst/rename/freelist/free_vec_reg[5]/C
                            (rising edge-triggered cell FDCE clocked by cpu_clk  {rise@0.000ns fall@15.278ns period=30.556ns})
  Destination:            u_cpu/core_inst/alu_iq/slot_uop_reg[10][psrc2_busy]/D
                            (rising edge-triggered cell FDRE clocked by cpu_clk  {rise@0.000ns fall@15.278ns period=30.556ns})
  Path Group:             cpu_clk
  Path Type:              Setup (Max at Slow Process Corner)
  Requirement:            30.556ns  (cpu_clk rise@30.556ns - cpu_clk rise@0.000ns)
  Data Path Delay:        30.428ns  (logic 5.790ns (19.028%)  route 24.638ns (80.972%))
  Logic Levels:           48  (LUT2=4 LUT3=1 LUT4=6 LUT5=8 LUT6=29)
  Clock Path Skew:        -0.136ns (DCD - SCD + CPR)
    Destination Clock Delay (DCD):    5.305ns = ( 35.860 - 30.556 ) 
    Source Clock Delay      (SCD):    5.655ns
    Clock Pessimism Removal (CPR):    0.214ns
  Clock Uncertainty:      0.060ns  ((TSJ^2 + DJ^2)^1/2) / 2 + PE
    Total System Jitter     (TSJ):    0.071ns
    Discrete Jitter          (DJ):    0.097ns
    Phase Error              (PE):    0.000ns

    Location             Delay type                Incr(ns)  Path(ns)    Netlist Resource(s)
  -------------------------------------------------------------------    -------------------
                         (clock cpu_clk rise edge)    0.000     0.000 r  
    AC19                                              0.000     0.000 r  clk (IN)
                         net (fo=0)                   0.000     0.000    clk
    AC19                                                              r  clk_IBUF_inst/I
    AC19                 IBUF (Prop_ibuf_I_O)         1.416     1.416 r  clk_IBUF_inst/O
                         net (fo=1, routed)           2.602     4.018    clk_IBUF
    BUFGCTRL_X0Y0                                                     r  clk_IBUF_BUFG_inst/I
    BUFGCTRL_X0Y0        BUFG (Prop_bufg_I_O)         0.081     4.099 r  clk_IBUF_BUFG_inst/O
                         net (fo=2000, routed)        1.536     5.635    fpga_pll.u_clk_pll/inst/clk_in1
    PLLE2_ADV_X0Y2                                                    r  fpga_pll.u_clk_pll/inst/plle2_adv_inst/CLKIN1
    PLLE2_ADV_X0Y2       PLLE2_ADV (Prop_plle2_adv_CLKIN1_CLKOUT0)
                                                     -3.173     2.461 r  fpga_pll.u_clk_pll/inst/plle2_adv_inst/CLKOUT0
                         net (fo=1, routed)           1.557     4.018    fpga_pll.u_clk_pll/inst/cpu_clk_clk_pll
    BUFGCTRL_X0Y2                                                     r  fpga_pll.u_clk_pll/inst/clkout1_buf/I
    BUFGCTRL_X0Y2        BUFG (Prop_bufg_I_O)         0.081     4.099 r  fpga_pll.u_clk_pll/inst/clkout1_buf/O
                         net (fo=59802, routed)       1.556     5.655    u_cpu/core_inst/rename/freelist/cpu_clk
    SLICE_X118Y71        FDCE                                         r  u_cpu/core_inst/rename/freelist/free_vec_reg[5]/C
  -------------------------------------------------------------------    -------------------
    SLICE_X118Y71        FDCE (Prop_fdce_C_Q)         0.379     6.034 r  u_cpu/core_inst/rename/freelist/free_vec_reg[5]/Q
                         net (fo=17, routed)          0.762     6.796    u_cpu/core_inst/rename/freelist/p_45_in
    SLICE_X121Y71                                                     r  u_cpu/core_inst/rename/freelist/rob_tail[4]_i_227/I2
    SLICE_X121Y71        LUT6 (Prop_lut6_I2_O)        0.105     6.901 r  u_cpu/core_inst/rename/freelist/rob_tail[4]_i_227/O
                         net (fo=7, routed)           0.518     7.419    u_cpu/core_inst/rename/freelist/rob_tail[4]_i_227_n_0
    SLICE_X119Y71                                                     r  u_cpu/core_inst/rename/freelist/rob_tail[4]_i_231/I5
    SLICE_X119Y71        LUT6 (Prop_lut6_I5_O)        0.105     7.524 r  u_cpu/core_inst/rename/freelist/rob_tail[4]_i_231/O
                         net (fo=4, routed)           0.472     7.996    u_cpu/core_inst/rename/freelist/rob_tail[4]_i_231_n_0
    SLICE_X120Y70                                                     r  u_cpu/core_inst/rename/freelist/rob_tail[4]_i_213/I0
    SLICE_X120Y70        LUT3 (Prop_lut3_I0_O)        0.105     8.101 r  u_cpu/core_inst/rename/freelist/rob_tail[4]_i_213/O
                         net (fo=1, routed)           0.671     8.771    u_cpu/core_inst/rename/freelist/rob_tail[4]_i_213_n_0
    SLICE_X119Y70                                                     r  u_cpu/core_inst/rename/freelist/rob_tail[4]_i_184/I5
    SLICE_X119Y70        LUT6 (Prop_lut6_I5_O)        0.105     8.876 r  u_cpu/core_inst/rename/freelist/rob_tail[4]_i_184/O
                         net (fo=2, routed)           0.477     9.353    u_cpu/core_inst/rename/freelist/rob_tail[4]_i_184_n_0
    SLICE_X119Y72                                                     r  u_cpu/core_inst/rename/freelist/rob_tail[4]_i_182/I3
    SLICE_X119Y72        LUT6 (Prop_lut6_I3_O)        0.105     9.458 f  u_cpu/core_inst/rename/freelist/rob_tail[4]_i_182/O
                         net (fo=3, routed)           0.332     9.790    u_cpu/core_inst/rename/freelist/rob_tail[4]_i_182_n_0
    SLICE_X119Y72                                                     f  u_cpu/core_inst/rename/freelist/rob_tail[4]_i_204/I3
    SLICE_X119Y72        LUT5 (Prop_lut5_I3_O)        0.105     9.895 f  u_cpu/core_inst/rename/freelist/rob_tail[4]_i_204/O
                         net (fo=4, routed)           0.528    10.423    u_cpu/core_inst/rename/freelist/rob_tail[4]_i_204_n_0
    SLICE_X117Y72                                                     f  u_cpu/core_inst/rename/freelist/rob_tail[4]_i_176/I3
    SLICE_X117Y72        LUT6 (Prop_lut6_I3_O)        0.105    10.528 f  u_cpu/core_inst/rename/freelist/rob_tail[4]_i_176/O
                         net (fo=13, routed)          0.397    10.925    u_cpu/core_inst/rename/freelist/rob_tail[4]_i_176_n_0
    SLICE_X122Y72                                                     f  u_cpu/core_inst/rename/freelist/rob_tail[4]_i_216/I2
    SLICE_X122Y72        LUT5 (Prop_lut5_I2_O)        0.105    11.030 f  u_cpu/core_inst/rename/freelist/rob_tail[4]_i_216/O
                         net (fo=4, routed)           0.569    11.599    u_cpu/core_inst/rename/freelist/rob_tail[4]_i_216_n_0
    SLICE_X124Y72                                                     f  u_cpu/core_inst/rename/freelist/rob_tail[4]_i_194/I0
    SLICE_X124Y72        LUT4 (Prop_lut4_I0_O)        0.105    11.704 r  u_cpu/core_inst/rename/freelist/rob_tail[4]_i_194/O
                         net (fo=3, routed)           0.536    12.240    u_cpu/core_inst/rename/freelist/rob_tail[4]_i_194_n_0
    SLICE_X124Y71                                                     r  u_cpu/core_inst/rename/freelist/rob_tail[4]_i_175/I1
    SLICE_X124Y71        LUT6 (Prop_lut6_I1_O)        0.105    12.345 f  u_cpu/core_inst/rename/freelist/rob_tail[4]_i_175/O
                         net (fo=3, routed)           0.648    12.993    u_cpu/core_inst/rename/freelist/rob_tail[4]_i_175_n_0
    SLICE_X122Y70                                                     f  u_cpu/core_inst/rename/freelist/rob_tail[4]_i_153/I4
    SLICE_X122Y70        LUT5 (Prop_lut5_I4_O)        0.105    13.098 r  u_cpu/core_inst/rename/freelist/rob_tail[4]_i_153/O
                         net (fo=3, routed)           0.547    13.646    u_cpu/core_inst/rename/freelist/rob_tail[4]_i_153_n_0
    SLICE_X122Y75                                                     r  u_cpu/core_inst/rename/freelist/rob_tail[4]_i_122/I1
    SLICE_X122Y75        LUT4 (Prop_lut4_I1_O)        0.105    13.751 r  u_cpu/core_inst/rename/freelist/rob_tail[4]_i_122/O
                         net (fo=4, routed)           0.538    14.289    u_cpu/core_inst/rename/freelist/rob_tail[4]_i_122_n_0
    SLICE_X120Y75                                                     r  u_cpu/core_inst/rename/freelist/rob_tail[4]_i_145/I4
    SLICE_X120Y75        LUT6 (Prop_lut6_I4_O)        0.105    14.394 r  u_cpu/core_inst/rename/freelist/rob_tail[4]_i_145/O
                         net (fo=2, routed)           0.697    15.091    u_cpu/core_inst/rename/freelist/rob_tail[4]_i_145_n_0
    SLICE_X121Y74                                                     r  u_cpu/core_inst/rename/freelist/rob_tail[4]_i_106/I4
    SLICE_X121Y74        LUT6 (Prop_lut6_I4_O)        0.105    15.196 r  u_cpu/core_inst/rename/freelist/rob_tail[4]_i_106/O
                         net (fo=11, routed)          0.422    15.619    u_cpu/core_inst/rename/freelist/rob_tail[4]_i_106_n_0
    SLICE_X120Y75                                                     r  u_cpu/core_inst/rename/freelist/rob_tail[4]_i_158/I1
    SLICE_X120Y75        LUT2 (Prop_lut2_I1_O)        0.105    15.724 r  u_cpu/core_inst/rename/freelist/rob_tail[4]_i_158/O
                         net (fo=5, routed)           0.726    16.449    u_cpu/core_inst/rename/freelist/rob_tail[4]_i_158_n_0
    SLICE_X123Y74                                                     r  u_cpu/core_inst/rename/freelist/rob_tail[4]_i_111/I5
    SLICE_X123Y74        LUT6 (Prop_lut6_I5_O)        0.105    16.554 f  u_cpu/core_inst/rename/freelist/rob_tail[4]_i_111/O
                         net (fo=9, routed)           0.648    17.203    u_cpu/core_inst/rename/freelist/rob_tail[4]_i_111_n_0
    SLICE_X120Y76                                                     f  u_cpu/core_inst/rename/freelist/rob_tail[4]_i_102/I2
    SLICE_X120Y76        LUT6 (Prop_lut6_I2_O)        0.105    17.308 f  u_cpu/core_inst/rename/freelist/rob_tail[4]_i_102/O
                         net (fo=3, routed)           0.501    17.809    u_cpu/core_inst/rename/freelist/rob_tail[4]_i_102_n_0
    SLICE_X118Y76                                                     f  u_cpu/core_inst/rename/freelist/rob_tail[4]_i_124/I3
    SLICE_X118Y76        LUT6 (Prop_lut6_I3_O)        0.105    17.914 r  u_cpu/core_inst/rename/freelist/rob_tail[4]_i_124/O
                         net (fo=3, routed)           0.397    18.311    u_cpu/core_inst/rename/freelist/rob_tail[4]_i_124_n_0
    SLICE_X119Y78                                                     r  u_cpu/core_inst/rename/freelist/rob_tail[4]_i_90/I5
    SLICE_X119Y78        LUT6 (Prop_lut6_I5_O)        0.105    18.416 f  u_cpu/core_inst/rename/freelist/rob_tail[4]_i_90/O
                         net (fo=8, routed)           0.451    18.867    u_cpu/core_inst/rename/freelist/rob_tail[4]_i_90_n_0
    SLICE_X118Y78                                                     f  u_cpu/core_inst/rename/freelist/rob_tail[4]_i_136/I2
    SLICE_X118Y78        LUT6 (Prop_lut6_I2_O)        0.105    18.972 f  u_cpu/core_inst/rename/freelist/rob_tail[4]_i_136/O
                         net (fo=5, routed)           0.377    19.350    u_cpu/core_inst/rename/freelist/rob_tail[4]_i_136_n_0
    SLICE_X118Y78                                                     f  u_cpu/core_inst/rename/freelist/rob_tail[4]_i_96/I5
    SLICE_X118Y78        LUT6 (Prop_lut6_I5_O)        0.105    19.455 f  u_cpu/core_inst/rename/freelist/rob_tail[4]_i_96/O
                         net (fo=3, routed)           0.525    19.980    u_cpu/core_inst/rename/freelist/rob_tail[4]_i_96_n_0
    SLICE_X117Y78                                                     f  u_cpu/core_inst/rename/freelist/rob_tail[4]_i_75/I0
    SLICE_X117Y78        LUT6 (Prop_lut6_I0_O)        0.105    20.085 r  u_cpu/core_inst/rename/freelist/rob_tail[4]_i_75/O
                         net (fo=9, routed)           0.539    20.624    u_cpu/core_inst/rename/freelist/rob_tail[4]_i_75_n_0
    SLICE_X116Y79                                                     r  u_cpu/core_inst/rename/freelist/rob_tail[4]_i_128/I3
    SLICE_X116Y79        LUT5 (Prop_lut5_I3_O)        0.105    20.729 r  u_cpu/core_inst/rename/freelist/rob_tail[4]_i_128/O
                         net (fo=3, routed)           0.364    21.092    u_cpu/core_inst/rename/freelist/rob_tail[4]_i_128_n_0
    SLICE_X114Y79                                                     r  u_cpu/core_inst/rename/freelist/rob_tail[4]_i_95/I4
    SLICE_X114Y79        LUT5 (Prop_lut5_I4_O)        0.105    21.197 r  u_cpu/core_inst/rename/freelist/rob_tail[4]_i_95/O
                         net (fo=1, routed)           0.651    21.848    u_cpu/core_inst/rename/freelist/rob_tail[4]_i_95_n_0
    SLICE_X113Y79                                                     r  u_cpu/core_inst/rename/freelist/rob_tail[4]_i_73/I5
    SLICE_X113Y79        LUT6 (Prop_lut6_I5_O)        0.105    21.953 f  u_cpu/core_inst/rename/freelist/rob_tail[4]_i_73/O
                         net (fo=2, routed)           0.385    22.338    u_cpu/core_inst/rename/freelist/rob_tail[4]_i_73_n_0
    SLICE_X108Y77                                                     f  u_cpu/core_inst/rename/freelist/rob_tail[4]_i_40/I0
    SLICE_X108Y77        LUT4 (Prop_lut4_I0_O)        0.105    22.443 r  u_cpu/core_inst/rename/freelist/rob_tail[4]_i_40/O
                         net (fo=2, routed)           0.343    22.787    u_cpu/core_inst/rename/freelist/rob_tail[4]_i_40_n_0
    SLICE_X108Y76                                                     r  u_cpu/core_inst/rename/freelist/rob_tail[4]_i_49/I0
    SLICE_X108Y76        LUT5 (Prop_lut5_I0_O)        0.105    22.892 r  u_cpu/core_inst/rename/freelist/rob_tail[4]_i_49/O
                         net (fo=2, routed)           0.367    23.259    u_cpu/core_inst/rename/freelist/rob_tail[4]_i_49_n_0
    SLICE_X107Y77                                                     r  u_cpu/core_inst/rename/freelist/rob_tail[4]_i_50/I3
    SLICE_X107Y77        LUT6 (Prop_lut6_I3_O)        0.105    23.364 r  u_cpu/core_inst/rename/freelist/rob_tail[4]_i_50/O
                         net (fo=9, routed)           0.469    23.833    u_cpu/core_inst/rename/freelist/rob_tail[4]_i_50_n_0
    SLICE_X107Y75                                                     r  u_cpu/core_inst/rename/freelist/rob_tail[4]_i_46/I3
    SLICE_X107Y75        LUT6 (Prop_lut6_I3_O)        0.105    23.938 r  u_cpu/core_inst/rename/freelist/rob_tail[4]_i_46/O
                         net (fo=2, routed)           0.663    24.602    u_cpu/core_inst/rename/freelist/rob_tail[4]_i_46_n_0
    SLICE_X105Y75                                                     r  u_cpu/core_inst/rename/freelist/rob_tail[4]_i_29/I1
    SLICE_X105Y75        LUT6 (Prop_lut6_I1_O)        0.105    24.707 f  u_cpu/core_inst/rename/freelist/rob_tail[4]_i_29/O
                         net (fo=2, routed)           0.464    25.170    u_cpu/core_inst/rename/freelist/rob_tail[4]_i_29_n_0
    SLICE_X105Y76                                                     f  u_cpu/core_inst/rename/freelist/rob_tail[4]_i_17/I1
    SLICE_X105Y76        LUT6 (Prop_lut6_I1_O)        0.105    25.275 f  u_cpu/core_inst/rename/freelist/rob_tail[4]_i_17/O
                         net (fo=1, routed)           0.403    25.679    u_cpu/core_inst/rename/freelist/rob_tail[4]_i_17_n_0
    SLICE_X103Y76                                                     f  u_cpu/core_inst/rename/freelist/rob_tail[4]_i_10/I3
    SLICE_X103Y76        LUT6 (Prop_lut6_I3_O)        0.105    25.784 r  u_cpu/core_inst/rename/freelist/rob_tail[4]_i_10/O
                         net (fo=1, routed)           0.243    26.027    u_cpu/core_inst/rename/freelist/rob_tail[4]_i_10_n_0
    SLICE_X101Y76                                                     r  u_cpu/core_inst/rename/freelist/rob_tail[4]_i_7/I2
    SLICE_X101Y76        LUT6 (Prop_lut6_I2_O)        0.105    26.132 f  u_cpu/core_inst/rename/freelist/rob_tail[4]_i_7/O
                         net (fo=4, routed)           0.498    26.629    u_cpu/core_inst/rename/freelist/dispatch_enable
    SLICE_X94Y76                                                      f  u_cpu/core_inst/rename/freelist/br_alloc_q[0][7]_i_6/I2
    SLICE_X94Y76         LUT6 (Prop_lut6_I2_O)        0.105    26.734 f  u_cpu/core_inst/rename/freelist/br_alloc_q[0][7]_i_6/O
                         net (fo=57, routed)          0.434    27.168    u_cpu/core_inst/rename/freelist/fl_alloc_en[0]
    SLICE_X97Y75                                                      f  u_cpu/core_inst/rename/freelist/free_vec[55]_i_4/I3
    SLICE_X97Y75         LUT4 (Prop_lut4_I3_O)        0.105    27.273 r  u_cpu/core_inst/rename/freelist/free_vec[55]_i_4/O
                         net (fo=37, routed)          0.584    27.858    u_cpu/core_inst/rename/freelist/free_vec[55]_i_4_n_0
    SLICE_X100Y74                                                     r  u_cpu/core_inst/rename/freelist/slot_uop[15][pdst][5]_i_38/I3
    SLICE_X100Y74        LUT5 (Prop_lut5_I3_O)        0.105    27.963 r  u_cpu/core_inst/rename/freelist/slot_uop[15][pdst][5]_i_38/O
                         net (fo=3, routed)           0.392    28.354    u_cpu/core_inst/rename/freelist/slot_uop[15][pdst][5]_i_38_n_0
    SLICE_X97Y73                                                      r  u_cpu/core_inst/rename/freelist/slot_uop[15][pdst][5]_i_20/I5
    SLICE_X97Y73         LUT6 (Prop_lut6_I5_O)        0.105    28.459 r  u_cpu/core_inst/rename/freelist/slot_uop[15][pdst][5]_i_20/O
                         net (fo=3, routed)           0.551    29.011    u_cpu/core_inst/rename/freelist/slot_uop[15][pdst][5]_i_20_n_0
    SLICE_X96Y73                                                      r  u_cpu/core_inst/rename/freelist/slot_uop[15][pdst][5]_i_7/I0
    SLICE_X96Y73         LUT2 (Prop_lut2_I0_O)        0.127    29.138 r  u_cpu/core_inst/rename/freelist/slot_uop[15][pdst][5]_i_7/O
                         net (fo=5, routed)           0.940    30.077    u_cpu/core_inst/rename/freelist/slot_uop[15][pdst][5]_i_7_n_0
    SLICE_X91Y70                                                      r  u_cpu/core_inst/rename/freelist/slot_uop[15][pdst][5]_i_3/I3
    SLICE_X91Y70         LUT6 (Prop_lut6_I3_O)        0.286    30.363 r  u_cpu/core_inst/rename/freelist/slot_uop[15][pdst][5]_i_3/O
                         net (fo=89, routed)          0.638    31.001    u_cpu/core_inst/rename/freelist/mt_write_preg[5]
    SLICE_X85Y72                                                      r  u_cpu/core_inst/rename/freelist/slot_uop[6][psrc2_busy]_i_89/I2
    SLICE_X85Y72         LUT4 (Prop_lut4_I2_O)        0.105    31.106 r  u_cpu/core_inst/rename/freelist/slot_uop[6][psrc2_busy]_i_89/O
                         net (fo=1, routed)           0.456    31.563    u_cpu/core_inst/rename/freelist/slot_uop[6][psrc2_busy]_i_89_n_0
    SLICE_X86Y72                                                      r  u_cpu/core_inst/rename/freelist/slot_uop[6][psrc2_busy]_i_56/I0
    SLICE_X86Y72         LUT5 (Prop_lut5_I0_O)        0.105    31.668 r  u_cpu/core_inst/rename/freelist/slot_uop[6][psrc2_busy]_i_56/O
                         net (fo=1, routed)           0.227    31.894    u_cpu/core_inst/rename/freelist/slot_uop[6][psrc2_busy]_i_56_n_0
    SLICE_X85Y72                                                      r  u_cpu/core_inst/rename/freelist/slot_uop[6][psrc2_busy]_i_31/I0
    SLICE_X85Y72         LUT6 (Prop_lut6_I0_O)        0.105    31.999 r  u_cpu/core_inst/rename/freelist/slot_uop[6][psrc2_busy]_i_31/O
                         net (fo=1, routed)           0.643    32.642    u_cpu/core_inst/rename/freelist/slot_uop[6][psrc2_busy]_i_31_n_0
    SLICE_X84Y74                                                      r  u_cpu/core_inst/rename/freelist/slot_uop[6][psrc2_busy]_i_13__1/I4
    SLICE_X84Y74         LUT6 (Prop_lut6_I4_O)        0.105    32.747 r  u_cpu/core_inst/rename/freelist/slot_uop[6][psrc2_busy]_i_13__1/O
                         net (fo=8, routed)           0.663    33.410    u_cpu/core_inst/rename/freelist/rn2_mask_q_reg[1]_0
    SLICE_X83Y72                                                      r  u_cpu/core_inst/rename/freelist/slot_uop[15][psrc2_busy]_i_11__0/I3
    SLICE_X83Y72         LUT4 (Prop_lut4_I3_O)        0.105    33.515 r  u_cpu/core_inst/rename/freelist/slot_uop[15][psrc2_busy]_i_11__0/O
                         net (fo=6, routed)           0.690    34.205    u_cpu/core_inst/gen_alu[0].alu_inst/iq_alu_dis_uop[0][psrc2_busy]
    SLICE_X85Y77                                                      r  u_cpu/core_inst/gen_alu[0].alu_inst/slot_uop[12][psrc2_busy]_i_6/I1
    SLICE_X85Y77         LUT2 (Prop_lut2_I1_O)        0.105    34.310 f  u_cpu/core_inst/gen_alu[0].alu_inst/slot_uop[12][psrc2_busy]_i_6/O
                         net (fo=3, routed)           0.216    34.527    u_cpu/core_inst/rename/freelist/slot_uop_reg[0][psrc2_busy]
    SLICE_X85Y77                                                      f  u_cpu/core_inst/rename/freelist/slot_uop[0][psrc2_busy]_i_2/I1
    SLICE_X85Y77         LUT2 (Prop_lut2_I1_O)        0.110    34.637 r  u_cpu/core_inst/rename/freelist/slot_uop[0][psrc2_busy]_i_2/O
                         net (fo=7, routed)           0.678    35.314    u_cpu/core_inst/alu_iq/slot_uop_reg[0][psrc2_busy]_0
    SLICE_X83Y84                                                      r  u_cpu/core_inst/alu_iq/slot_uop[10][psrc2_busy]_i_2/I5
    SLICE_X83Y84         LUT6 (Prop_lut6_I5_O)        0.268    35.582 r  u_cpu/core_inst/alu_iq/slot_uop[10][psrc2_busy]_i_2/O
                         net (fo=1, routed)           0.396    35.978    u_cpu/core_inst/alu_iq/slot_uop[10][psrc2_busy]_i_2_n_0
    SLICE_X81Y84                                                      r  u_cpu/core_inst/alu_iq/slot_uop[10][psrc2_busy]_i_1/I0
    SLICE_X81Y84         LUT6 (Prop_lut6_I0_O)        0.105    36.083 r  u_cpu/core_inst/alu_iq/slot_uop[10][psrc2_busy]_i_1/O
                         net (fo=1, routed)           0.000    36.083    u_cpu/core_inst/alu_iq/slot_uop[10][psrc2_busy]_i_1_n_0
    SLICE_X81Y84         FDRE                                         r  u_cpu/core_inst/alu_iq/slot_uop_reg[10][psrc2_busy]/D
  -------------------------------------------------------------------    -------------------

                         (clock cpu_clk rise edge)   30.556    30.556 r  
    AC19                                              0.000    30.556 r  clk (IN)
                         net (fo=0)                   0.000    30.556    clk
    AC19                                                              r  clk_IBUF_inst/I
    AC19                 IBUF (Prop_ibuf_I_O)         1.350    31.906 r  clk_IBUF_inst/O
                         net (fo=1, routed)           2.471    34.376    clk_IBUF
    BUFGCTRL_X0Y0                                                     r  clk_IBUF_BUFG_inst/I
    BUFGCTRL_X0Y0        BUFG (Prop_bufg_I_O)         0.077    34.453 r  clk_IBUF_BUFG_inst/O
                         net (fo=2000, routed)        1.434    35.887    fpga_pll.u_clk_pll/inst/clk_in1
    PLLE2_ADV_X0Y2                                                    r  fpga_pll.u_clk_pll/inst/plle2_adv_inst/CLKIN1
    PLLE2_ADV_X0Y2       PLLE2_ADV (Prop_plle2_adv_CLKIN1_CLKOUT0)
                                                     -2.995    32.892 r  fpga_pll.u_clk_pll/inst/plle2_adv_inst/CLKOUT0
                         net (fo=1, routed)           1.484    34.376    fpga_pll.u_clk_pll/inst/cpu_clk_clk_pll
    BUFGCTRL_X0Y2                                                     r  fpga_pll.u_clk_pll/inst/clkout1_buf/I
    BUFGCTRL_X0Y2        BUFG (Prop_bufg_I_O)         0.077    34.453 r  fpga_pll.u_clk_pll/inst/clkout1_buf/O
                         net (fo=59802, routed)       1.407    35.860    u_cpu/core_inst/alu_iq/cpu_clk
    SLICE_X81Y84         FDRE                                         r  u_cpu/core_inst/alu_iq/slot_uop_reg[10][psrc2_busy]/C
                         clock pessimism              0.214    36.074    
                         clock uncertainty           -0.060    36.014    
    SLICE_X81Y84         FDRE (Setup_fdre_C_D)        0.030    36.044    u_cpu/core_inst/alu_iq/slot_uop_reg[10][psrc2_busy]
  -------------------------------------------------------------------
                         required time                         36.044    
                         arrival time                         -36.083    
  -------------------------------------------------------------------
                         slack                                 -0.039    

Slack (VIOLATED) :        -0.039ns  (required time - arrival time)
  Source:                 u_cpu/core_inst/rename/freelist/free_vec_reg[5]/C
                            (rising edge-triggered cell FDCE clocked by cpu_clk  {rise@0.000ns fall@15.278ns period=30.556ns})
  Destination:            u_cpu/core_inst/alu_iq/slot_uop_reg[10][psrc2_busy]/D
                            (rising edge-triggered cell FDRE clocked by cpu_clk  {rise@0.000ns fall@15.278ns period=30.556ns})
  Path Group:             cpu_clk
  Path Type:              Setup (Max at Slow Process Corner)
  Requirement:            30.556ns  (cpu_clk rise@30.556ns - cpu_clk rise@0.000ns)
  Data Path Delay:        30.428ns  (logic 5.790ns (19.028%)  route 24.638ns (80.972%))
  Logic Levels:           48  (LUT2=4 LUT3=1 LUT4=6 LUT5=8 LUT6=29)
  Clock Path Skew:        -0.136ns (DCD - SCD + CPR)
    Destination Clock Delay (DCD):    5.305ns = ( 35.860 - 30.556 ) 
    Source Clock Delay      (SCD):    5.655ns
    Clock Pessimism Removal (CPR):    0.214ns
  Clock Uncertainty:      0.060ns  ((TSJ^2 + DJ^2)^1/2) / 2 + PE
    Total System Jitter     (TSJ):    0.071ns
    Discrete Jitter          (DJ):    0.097ns
    Phase Error              (PE):    0.000ns

    Location             Delay type                Incr(ns)  Path(ns)    Netlist Resource(s)
  -------------------------------------------------------------------    -------------------
                         (clock cpu_clk rise edge)    0.000     0.000 r  
    AC19                                              0.000     0.000 r  clk (IN)
                         net (fo=0)                   0.000     0.000    clk
    AC19                                                              r  clk_IBUF_inst/I
    AC19                 IBUF (Prop_ibuf_I_O)         1.416     1.416 r  clk_IBUF_inst/O
                         net (fo=1, routed)           2.602     4.018    clk_IBUF
    BUFGCTRL_X0Y0                                                     r  clk_IBUF_BUFG_inst/I
    BUFGCTRL_X0Y0        BUFG (Prop_bufg_I_O)         0.081     4.099 r  clk_IBUF_BUFG_inst/O
                         net (fo=2000, routed)        1.536     5.635    fpga_pll.u_clk_pll/inst/clk_in1
    PLLE2_ADV_X0Y2                                                    r  fpga_pll.u_clk_pll/inst/plle2_adv_inst/CLKIN1
    PLLE2_ADV_X0Y2       PLLE2_ADV (Prop_plle2_adv_CLKIN1_CLKOUT0)
                                                     -3.173     2.461 r  fpga_pll.u_clk_pll/inst/plle2_adv_inst/CLKOUT0
                         net (fo=1, routed)           1.557     4.018    fpga_pll.u_clk_pll/inst/cpu_clk_clk_pll
    BUFGCTRL_X0Y2                                                     r  fpga_pll.u_clk_pll/inst/clkout1_buf/I
    BUFGCTRL_X0Y2        BUFG (Prop_bufg_I_O)         0.081     4.099 r  fpga_pll.u_clk_pll/inst/clkout1_buf/O
                         net (fo=59802, routed)       1.556     5.655    u_cpu/core_inst/rename/freelist/cpu_clk
    SLICE_X118Y71        FDCE                                         r  u_cpu/core_inst/rename/freelist/free_vec_reg[5]/C
  -------------------------------------------------------------------    -------------------
    SLICE_X118Y71        FDCE (Prop_fdce_C_Q)         0.379     6.034 r  u_cpu/core_inst/rename/freelist/free_vec_reg[5]/Q
                         net (fo=17, routed)          0.762     6.796    u_cpu/core_inst/rename/freelist/p_45_in
    SLICE_X121Y71                                                     r  u_cpu/core_inst/rename/freelist/rob_tail[4]_i_227/I2
    SLICE_X121Y71        LUT6 (Prop_lut6_I2_O)        0.105     6.901 r  u_cpu/core_inst/rename/freelist/rob_tail[4]_i_227/O
                         net (fo=7, routed)           0.518     7.419    u_cpu/core_inst/rename/freelist/rob_tail[4]_i_227_n_0
    SLICE_X119Y71                                                     r  u_cpu/core_inst/rename/freelist/rob_tail[4]_i_231/I5
    SLICE_X119Y71        LUT6 (Prop_lut6_I5_O)        0.105     7.524 r  u_cpu/core_inst/rename/freelist/rob_tail[4]_i_231/O
                         net (fo=4, routed)           0.472     7.996    u_cpu/core_inst/rename/freelist/rob_tail[4]_i_231_n_0
    SLICE_X120Y70                                                     r  u_cpu/core_inst/rename/freelist/rob_tail[4]_i_213/I0
    SLICE_X120Y70        LUT3 (Prop_lut3_I0_O)        0.105     8.101 r  u_cpu/core_inst/rename/freelist/rob_tail[4]_i_213/O
                         net (fo=1, routed)           0.671     8.771    u_cpu/core_inst/rename/freelist/rob_tail[4]_i_213_n_0
    SLICE_X119Y70                                                     r  u_cpu/core_inst/rename/freelist/rob_tail[4]_i_184/I5
    SLICE_X119Y70        LUT6 (Prop_lut6_I5_O)        0.105     8.876 f  u_cpu/core_inst/rename/freelist/rob_tail[4]_i_184/O
                         net (fo=2, routed)           0.477     9.353    u_cpu/core_inst/rename/freelist/rob_tail[4]_i_184_n_0
    SLICE_X119Y72                                                     f  u_cpu/core_inst/rename/freelist/rob_tail[4]_i_182/I3
    SLICE_X119Y72        LUT6 (Prop_lut6_I3_O)        0.105     9.458 r  u_cpu/core_inst/rename/freelist/rob_tail[4]_i_182/O
                         net (fo=3, routed)           0.332     9.790    u_cpu/core_inst/rename/freelist/rob_tail[4]_i_182_n_0
    SLICE_X119Y72                                                     r  u_cpu/core_inst/rename/freelist/rob_tail[4]_i_204/I3
    SLICE_X119Y72        LUT5 (Prop_lut5_I3_O)        0.105     9.895 r  u_cpu/core_inst/rename/freelist/rob_tail[4]_i_204/O
                         net (fo=4, routed)           0.528    10.423    u_cpu/core_inst/rename/freelist/rob_tail[4]_i_204_n_0
    SLICE_X117Y72                                                     r  u_cpu/core_inst/rename/freelist/rob_tail[4]_i_176/I3
    SLICE_X117Y72        LUT6 (Prop_lut6_I3_O)        0.105    10.528 r  u_cpu/core_inst/rename/freelist/rob_tail[4]_i_176/O
                         net (fo=13, routed)          0.397    10.925    u_cpu/core_inst/rename/freelist/rob_tail[4]_i_176_n_0
    SLICE_X122Y72                                                     r  u_cpu/core_inst/rename/freelist/rob_tail[4]_i_216/I2
    SLICE_X122Y72        LUT5 (Prop_lut5_I2_O)        0.105    11.030 r  u_cpu/core_inst/rename/freelist/rob_tail[4]_i_216/O
                         net (fo=4, routed)           0.569    11.599    u_cpu/core_inst/rename/freelist/rob_tail[4]_i_216_n_0
    SLICE_X124Y72                                                     r  u_cpu/core_inst/rename/freelist/rob_tail[4]_i_194/I0
    SLICE_X124Y72        LUT4 (Prop_lut4_I0_O)        0.105    11.704 f  u_cpu/core_inst/rename/freelist/rob_tail[4]_i_194/O
                         net (fo=3, routed)           0.536    12.240    u_cpu/core_inst/rename/freelist/rob_tail[4]_i_194_n_0
    SLICE_X124Y71                                                     f  u_cpu/core_inst/rename/freelist/rob_tail[4]_i_175/I1
    SLICE_X124Y71        LUT6 (Prop_lut6_I1_O)        0.105    12.345 f  u_cpu/core_inst/rename/freelist/rob_tail[4]_i_175/O
                         net (fo=3, routed)           0.648    12.993    u_cpu/core_inst/rename/freelist/rob_tail[4]_i_175_n_0
    SLICE_X122Y70                                                     f  u_cpu/core_inst/rename/freelist/rob_tail[4]_i_153/I4
    SLICE_X122Y70        LUT5 (Prop_lut5_I4_O)        0.105    13.098 r  u_cpu/core_inst/rename/freelist/rob_tail[4]_i_153/O
                         net (fo=3, routed)           0.547    13.646    u_cpu/core_inst/rename/freelist/rob_tail[4]_i_153_n_0
    SLICE_X122Y75                                                     r  u_cpu/core_inst/rename/freelist/rob_tail[4]_i_122/I1
    SLICE_X122Y75        LUT4 (Prop_lut4_I1_O)        0.105    13.751 r  u_cpu/core_inst/rename/freelist/rob_tail[4]_i_122/O
                         net (fo=4, routed)           0.538    14.289    u_cpu/core_inst/rename/freelist/rob_tail[4]_i_122_n_0
    SLICE_X120Y75                                                     r  u_cpu/core_inst/rename/freelist/rob_tail[4]_i_145/I4
    SLICE_X120Y75        LUT6 (Prop_lut6_I4_O)        0.105    14.394 r  u_cpu/core_inst/rename/freelist/rob_tail[4]_i_145/O
                         net (fo=2, routed)           0.697    15.091    u_cpu/core_inst/rename/freelist/rob_tail[4]_i_145_n_0
    SLICE_X121Y74                                                     r  u_cpu/core_inst/rename/freelist/rob_tail[4]_i_106/I4
    SLICE_X121Y74        LUT6 (Prop_lut6_I4_O)        0.105    15.196 r  u_cpu/core_inst/rename/freelist/rob_tail[4]_i_106/O
                         net (fo=11, routed)          0.422    15.619    u_cpu/core_inst/rename/freelist/rob_tail[4]_i_106_n_0
    SLICE_X120Y75                                                     r  u_cpu/core_inst/rename/freelist/rob_tail[4]_i_158/I1
    SLICE_X120Y75        LUT2 (Prop_lut2_I1_O)        0.105    15.724 r  u_cpu/core_inst/rename/freelist/rob_tail[4]_i_158/O
                         net (fo=5, routed)           0.726    16.449    u_cpu/core_inst/rename/freelist/rob_tail[4]_i_158_n_0
    SLICE_X123Y74                                                     r  u_cpu/core_inst/rename/freelist/rob_tail[4]_i_111/I5
    SLICE_X123Y74        LUT6 (Prop_lut6_I5_O)        0.105    16.554 f  u_cpu/core_inst/rename/freelist/rob_tail[4]_i_111/O
                         net (fo=9, routed)           0.648    17.203    u_cpu/core_inst/rename/freelist/rob_tail[4]_i_111_n_0
    SLICE_X120Y76                                                     f  u_cpu/core_inst/rename/freelist/rob_tail[4]_i_102/I2
    SLICE_X120Y76        LUT6 (Prop_lut6_I2_O)        0.105    17.308 f  u_cpu/core_inst/rename/freelist/rob_tail[4]_i_102/O
                         net (fo=3, routed)           0.501    17.809    u_cpu/core_inst/rename/freelist/rob_tail[4]_i_102_n_0
    SLICE_X118Y76                                                     f  u_cpu/core_inst/rename/freelist/rob_tail[4]_i_124/I3
    SLICE_X118Y76        LUT6 (Prop_lut6_I3_O)        0.105    17.914 r  u_cpu/core_inst/rename/freelist/rob_tail[4]_i_124/O
                         net (fo=3, routed)           0.397    18.311    u_cpu/core_inst/rename/freelist/rob_tail[4]_i_124_n_0
    SLICE_X119Y78                                                     r  u_cpu/core_inst/rename/freelist/rob_tail[4]_i_90/I5
    SLICE_X119Y78        LUT6 (Prop_lut6_I5_O)        0.105    18.416 f  u_cpu/core_inst/rename/freelist/rob_tail[4]_i_90/O
                         net (fo=8, routed)           0.451    18.867    u_cpu/core_inst/rename/freelist/rob_tail[4]_i_90_n_0
    SLICE_X118Y78                                                     f  u_cpu/core_inst/rename/freelist/rob_tail[4]_i_136/I2
    SLICE_X118Y78        LUT6 (Prop_lut6_I2_O)        0.105    18.972 f  u_cpu/core_inst/rename/freelist/rob_tail[4]_i_136/O
                         net (fo=5, routed)           0.377    19.350    u_cpu/core_inst/rename/freelist/rob_tail[4]_i_136_n_0
    SLICE_X118Y78                                                     f  u_cpu/core_inst/rename/freelist/rob_tail[4]_i_96/I5
    SLICE_X118Y78        LUT6 (Prop_lut6_I5_O)        0.105    19.455 f  u_cpu/core_inst/rename/freelist/rob_tail[4]_i_96/O
                         net (fo=3, routed)           0.525    19.980    u_cpu/core_inst/rename/freelist/rob_tail[4]_i_96_n_0
    SLICE_X117Y78                                                     f  u_cpu/core_inst/rename/freelist/rob_tail[4]_i_75/I0
    SLICE_X117Y78        LUT6 (Prop_lut6_I0_O)        0.105    20.085 r  u_cpu/core_inst/rename/freelist/rob_tail[4]_i_75/O
                         net (fo=9, routed)           0.539    20.624    u_cpu/core_inst/rename/freelist/rob_tail[4]_i_75_n_0
    SLICE_X116Y79                                                     r  u_cpu/core_inst/rename/freelist/rob_tail[4]_i_128/I3
    SLICE_X116Y79        LUT5 (Prop_lut5_I3_O)        0.105    20.729 r  u_cpu/core_inst/rename/freelist/rob_tail[4]_i_128/O
                         net (fo=3, routed)           0.364    21.092    u_cpu/core_inst/rename/freelist/rob_tail[4]_i_128_n_0
    SLICE_X114Y79                                                     r  u_cpu/core_inst/rename/freelist/rob_tail[4]_i_95/I4
    SLICE_X114Y79        LUT5 (Prop_lut5_I4_O)        0.105    21.197 r  u_cpu/core_inst/rename/freelist/rob_tail[4]_i_95/O
                         net (fo=1, routed)           0.651    21.848    u_cpu/core_inst/rename/freelist/rob_tail[4]_i_95_n_0
    SLICE_X113Y79                                                     r  u_cpu/core_inst/rename/freelist/rob_tail[4]_i_73/I5
    SLICE_X113Y79        LUT6 (Prop_lut6_I5_O)        0.105    21.953 f  u_cpu/core_inst/rename/freelist/rob_tail[4]_i_73/O
                         net (fo=2, routed)           0.385    22.338    u_cpu/core_inst/rename/freelist/rob_tail[4]_i_73_n_0
    SLICE_X108Y77                                                     f  u_cpu/core_inst/rename/freelist/rob_tail[4]_i_40/I0
    SLICE_X108Y77        LUT4 (Prop_lut4_I0_O)        0.105    22.443 r  u_cpu/core_inst/rename/freelist/rob_tail[4]_i_40/O
                         net (fo=2, routed)           0.343    22.787    u_cpu/core_inst/rename/freelist/rob_tail[4]_i_40_n_0
    SLICE_X108Y76                                                     r  u_cpu/core_inst/rename/freelist/rob_tail[4]_i_49/I0
    SLICE_X108Y76        LUT5 (Prop_lut5_I0_O)        0.105    22.892 r  u_cpu/core_inst/rename/freelist/rob_tail[4]_i_49/O
                         net (fo=2, routed)           0.367    23.259    u_cpu/core_inst/rename/freelist/rob_tail[4]_i_49_n_0
    SLICE_X107Y77                                                     r  u_cpu/core_inst/rename/freelist/rob_tail[4]_i_50/I3
    SLICE_X107Y77        LUT6 (Prop_lut6_I3_O)        0.105    23.364 r  u_cpu/core_inst/rename/freelist/rob_tail[4]_i_50/O
                         net (fo=9, routed)           0.469    23.833    u_cpu/core_inst/rename/freelist/rob_tail[4]_i_50_n_0
    SLICE_X107Y75                                                     r  u_cpu/core_inst/rename/freelist/rob_tail[4]_i_46/I3
    SLICE_X107Y75        LUT6 (Prop_lut6_I3_O)        0.105    23.938 r  u_cpu/core_inst/rename/freelist/rob_tail[4]_i_46/O
                         net (fo=2, routed)           0.663    24.602    u_cpu/core_inst/rename/freelist/rob_tail[4]_i_46_n_0
    SLICE_X105Y75                                                     r  u_cpu/core_inst/rename/freelist/rob_tail[4]_i_29/I1
    SLICE_X105Y75        LUT6 (Prop_lut6_I1_O)        0.105    24.707 f  u_cpu/core_inst/rename/freelist/rob_tail[4]_i_29/O
                         net (fo=2, routed)           0.464    25.170    u_cpu/core_inst/rename/freelist/rob_tail[4]_i_29_n_0
    SLICE_X105Y76                                                     f  u_cpu/core_inst/rename/freelist/rob_tail[4]_i_17/I1
    SLICE_X105Y76        LUT6 (Prop_lut6_I1_O)        0.105    25.275 f  u_cpu/core_inst/rename/freelist/rob_tail[4]_i_17/O
                         net (fo=1, routed)           0.403    25.679    u_cpu/core_inst/rename/freelist/rob_tail[4]_i_17_n_0
    SLICE_X103Y76                                                     f  u_cpu/core_inst/rename/freelist/rob_tail[4]_i_10/I3
    SLICE_X103Y76        LUT6 (Prop_lut6_I3_O)        0.105    25.784 r  u_cpu/core_inst/rename/freelist/rob_tail[4]_i_10/O
                         net (fo=1, routed)           0.243    26.027    u_cpu/core_inst/rename/freelist/rob_tail[4]_i_10_n_0
    SLICE_X101Y76                                                     r  u_cpu/core_inst/rename/freelist/rob_tail[4]_i_7/I2
    SLICE_X101Y76        LUT6 (Prop_lut6_I2_O)        0.105    26.132 f  u_cpu/core_inst/rename/freelist/rob_tail[4]_i_7/O
                         net (fo=4, routed)           0.498    26.629    u_cpu/core_inst/rename/freelist/dispatch_enable
    SLICE_X94Y76                                                      f  u_cpu/core_inst/rename/freelist/br_alloc_q[0][7]_i_6/I2
    SLICE_X94Y76         LUT6 (Prop_lut6_I2_O)        0.105    26.734 f  u_cpu/core_inst/rename/freelist/br_alloc_q[0][7]_i_6/O
                         net (fo=57, routed)          0.434    27.168    u_cpu/core_inst/rename/freelist/fl_alloc_en[0]
    SLICE_X97Y75                                                      f  u_cpu/core_inst/rename/freelist/free_vec[55]_i_4/I3
    SLICE_X97Y75         LUT4 (Prop_lut4_I3_O)        0.105    27.273 r  u_cpu/core_inst/rename/freelist/free_vec[55]_i_4/O
                         net (fo=37, routed)          0.584    27.858    u_cpu/core_inst/rename/freelist/free_vec[55]_i_4_n_0
    SLICE_X100Y74                                                     r  u_cpu/core_inst/rename/freelist/slot_uop[15][pdst][5]_i_38/I3
    SLICE_X100Y74        LUT5 (Prop_lut5_I3_O)        0.105    27.963 r  u_cpu/core_inst/rename/freelist/slot_uop[15][pdst][5]_i_38/O
                         net (fo=3, routed)           0.392    28.354    u_cpu/core_inst/rename/freelist/slot_uop[15][pdst][5]_i_38_n_0
    SLICE_X97Y73                                                      r  u_cpu/core_inst/rename/freelist/slot_uop[15][pdst][5]_i_20/I5
    SLICE_X97Y73         LUT6 (Prop_lut6_I5_O)        0.105    28.459 r  u_cpu/core_inst/rename/freelist/slot_uop[15][pdst][5]_i_20/O
                         net (fo=3, routed)           0.551    29.011    u_cpu/core_inst/rename/freelist/slot_uop[15][pdst][5]_i_20_n_0
    SLICE_X96Y73                                                      r  u_cpu/core_inst/rename/freelist/slot_uop[15][pdst][5]_i_7/I0
    SLICE_X96Y73         LUT2 (Prop_lut2_I0_O)        0.127    29.138 r  u_cpu/core_inst/rename/freelist/slot_uop[15][pdst][5]_i_7/O
                         net (fo=5, routed)           0.940    30.077    u_cpu/core_inst/rename/freelist/slot_uop[15][pdst][5]_i_7_n_0
    SLICE_X91Y70                                                      r  u_cpu/core_inst/rename/freelist/slot_uop[15][pdst][5]_i_3/I3
    SLICE_X91Y70         LUT6 (Prop_lut6_I3_O)        0.286    30.363 r  u_cpu/core_inst/rename/freelist/slot_uop[15][pdst][5]_i_3/O
                         net (fo=89, routed)          0.638    31.001    u_cpu/core_inst/rename/freelist/mt_write_preg[5]
    SLICE_X85Y72                                                      r  u_cpu/core_inst/rename/freelist/slot_uop[6][psrc2_busy]_i_89/I2
    SLICE_X85Y72         LUT4 (Prop_lut4_I2_O)        0.105    31.106 r  u_cpu/core_inst/rename/freelist/slot_uop[6][psrc2_busy]_i_89/O
                         net (fo=1, routed)           0.456    31.563    u_cpu/core_inst/rename/freelist/slot_uop[6][psrc2_busy]_i_89_n_0
    SLICE_X86Y72                                                      r  u_cpu/core_inst/rename/freelist/slot_uop[6][psrc2_busy]_i_56/I0
    SLICE_X86Y72         LUT5 (Prop_lut5_I0_O)        0.105    31.668 r  u_cpu/core_inst/rename/freelist/slot_uop[6][psrc2_busy]_i_56/O
                         net (fo=1, routed)           0.227    31.894    u_cpu/core_inst/rename/freelist/slot_uop[6][psrc2_busy]_i_56_n_0
    SLICE_X85Y72                                                      r  u_cpu/core_inst/rename/freelist/slot_uop[6][psrc2_busy]_i_31/I0
    SLICE_X85Y72         LUT6 (Prop_lut6_I0_O)        0.105    31.999 r  u_cpu/core_inst/rename/freelist/slot_uop[6][psrc2_busy]_i_31/O
                         net (fo=1, routed)           0.643    32.642    u_cpu/core_inst/rename/freelist/slot_uop[6][psrc2_busy]_i_31_n_0
    SLICE_X84Y74                                                      r  u_cpu/core_inst/rename/freelist/slot_uop[6][psrc2_busy]_i_13__1/I4
    SLICE_X84Y74         LUT6 (Prop_lut6_I4_O)        0.105    32.747 r  u_cpu/core_inst/rename/freelist/slot_uop[6][psrc2_busy]_i_13__1/O
                         net (fo=8, routed)           0.663    33.410    u_cpu/core_inst/rename/freelist/rn2_mask_q_reg[1]_0
    SLICE_X83Y72                                                      r  u_cpu/core_inst/rename/freelist/slot_uop[15][psrc2_busy]_i_11__0/I3
    SLICE_X83Y72         LUT4 (Prop_lut4_I3_O)        0.105    33.515 r  u_cpu/core_inst/rename/freelist/slot_uop[15][psrc2_busy]_i_11__0/O
                         net (fo=6, routed)           0.690    34.205    u_cpu/core_inst/gen_alu[0].alu_inst/iq_alu_dis_uop[0][psrc2_busy]
    SLICE_X85Y77                                                      r  u_cpu/core_inst/gen_alu[0].alu_inst/slot_uop[12][psrc2_busy]_i_6/I1
    SLICE_X85Y77         LUT2 (Prop_lut2_I1_O)        0.105    34.310 f  u_cpu/core_inst/gen_alu[0].alu_inst/slot_uop[12][psrc2_busy]_i_6/O
                         net (fo=3, routed)           0.216    34.527    u_cpu/core_inst/rename/freelist/slot_uop_reg[0][psrc2_busy]
    SLICE_X85Y77                                                      f  u_cpu/core_inst/rename/freelist/slot_uop[0][psrc2_busy]_i_2/I1
    SLICE_X85Y77         LUT2 (Prop_lut2_I1_O)        0.110    34.637 r  u_cpu/core_inst/rename/freelist/slot_uop[0][psrc2_busy]_i_2/O
                         net (fo=7, routed)           0.678    35.314    u_cpu/core_inst/alu_iq/slot_uop_reg[0][psrc2_busy]_0
    SLICE_X83Y84                                                      r  u_cpu/core_inst/alu_iq/slot_uop[10][psrc2_busy]_i_2/I5
    SLICE_X83Y84         LUT6 (Prop_lut6_I5_O)        0.268    35.582 r  u_cpu/core_inst/alu_iq/slot_uop[10][psrc2_busy]_i_2/O
                         net (fo=1, routed)           0.396    35.978    u_cpu/core_inst/alu_iq/slot_uop[10][psrc2_busy]_i_2_n_0
    SLICE_X81Y84                                                      r  u_cpu/core_inst/alu_iq/slot_uop[10][psrc2_busy]_i_1/I0
    SLICE_X81Y84         LUT6 (Prop_lut6_I0_O)        0.105    36.083 r  u_cpu/core_inst/alu_iq/slot_uop[10][psrc2_busy]_i_1/O
                         net (fo=1, routed)           0.000    36.083    u_cpu/core_inst/alu_iq/slot_uop[10][psrc2_busy]_i_1_n_0
    SLICE_X81Y84         FDRE                                         r  u_cpu/core_inst/alu_iq/slot_uop_reg[10][psrc2_busy]/D
  -------------------------------------------------------------------    -------------------

                         (clock cpu_clk rise edge)   30.556    30.556 r  
    AC19                                              0.000    30.556 r  clk (IN)
                         net (fo=0)                   0.000    30.556    clk
    AC19                                                              r  clk_IBUF_inst/I
    AC19                 IBUF (Prop_ibuf_I_O)         1.350    31.906 r  clk_IBUF_inst/O
                         net (fo=1, routed)           2.471    34.376    clk_IBUF
    BUFGCTRL_X0Y0                                                     r  clk_IBUF_BUFG_inst/I
    BUFGCTRL_X0Y0        BUFG (Prop_bufg_I_O)         0.077    34.453 r  clk_IBUF_BUFG_inst/O
                         net (fo=2000, routed)        1.434    35.887    fpga_pll.u_clk_pll/inst/clk_in1
    PLLE2_ADV_X0Y2                                                    r  fpga_pll.u_clk_pll/inst/plle2_adv_inst/CLKIN1
    PLLE2_ADV_X0Y2       PLLE2_ADV (Prop_plle2_adv_CLKIN1_CLKOUT0)
                                                     -2.995    32.892 r  fpga_pll.u_clk_pll/inst/plle2_adv_inst/CLKOUT0
                         net (fo=1, routed)           1.484    34.376    fpga_pll.u_clk_pll/inst/cpu_clk_clk_pll
    BUFGCTRL_X0Y2                                                     r  fpga_pll.u_clk_pll/inst/clkout1_buf/I
    BUFGCTRL_X0Y2        BUFG (Prop_bufg_I_O)         0.077    34.453 r  fpga_pll.u_clk_pll/inst/clkout1_buf/O
                         net (fo=59802, routed)       1.407    35.860    u_cpu/core_inst/alu_iq/cpu_clk
    SLICE_X81Y84         FDRE                                         r  u_cpu/core_inst/alu_iq/slot_uop_reg[10][psrc2_busy]/C
                         clock pessimism              0.214    36.074    
                         clock uncertainty           -0.060    36.014    
    SLICE_X81Y84         FDRE (Setup_fdre_C_D)        0.030    36.044    u_cpu/core_inst/alu_iq/slot_uop_reg[10][psrc2_busy]
  -------------------------------------------------------------------
                         required time                         36.044    
                         arrival time                         -36.083    
  -------------------------------------------------------------------
                         slack                                 -0.039    

Slack (VIOLATED) :        -0.039ns  (required time - arrival time)
  Source:                 u_cpu/core_inst/rename/freelist/free_vec_reg[5]/C
                            (rising edge-triggered cell FDCE clocked by cpu_clk  {rise@0.000ns fall@15.278ns period=30.556ns})
  Destination:            u_cpu/core_inst/alu_iq/slot_uop_reg[10][psrc2_busy]/D
                            (rising edge-triggered cell FDRE clocked by cpu_clk  {rise@0.000ns fall@15.278ns period=30.556ns})
  Path Group:             cpu_clk
  Path Type:              Setup (Max at Slow Process Corner)
  Requirement:            30.556ns  (cpu_clk rise@30.556ns - cpu_clk rise@0.000ns)
  Data Path Delay:        30.428ns  (logic 5.790ns (19.028%)  route 24.638ns (80.972%))
  Logic Levels:           48  (LUT2=4 LUT3=1 LUT4=6 LUT5=8 LUT6=29)
  Clock Path Skew:        -0.136ns (DCD - SCD + CPR)
    Destination Clock Delay (DCD):    5.305ns = ( 35.860 - 30.556 ) 
    Source Clock Delay      (SCD):    5.655ns
    Clock Pessimism Removal (CPR):    0.214ns
  Clock Uncertainty:      0.060ns  ((TSJ^2 + DJ^2)^1/2) / 2 + PE
    Total System Jitter     (TSJ):    0.071ns
    Discrete Jitter          (DJ):    0.097ns
    Phase Error              (PE):    0.000ns

    Location             Delay type                Incr(ns)  Path(ns)    Netlist Resource(s)
  -------------------------------------------------------------------    -------------------
                         (clock cpu_clk rise edge)    0.000     0.000 r  
    AC19                                              0.000     0.000 r  clk (IN)
                         net (fo=0)                   0.000     0.000    clk
    AC19                                                              r  clk_IBUF_inst/I
    AC19                 IBUF (Prop_ibuf_I_O)         1.416     1.416 r  clk_IBUF_inst/O
                         net (fo=1, routed)           2.602     4.018    clk_IBUF
    BUFGCTRL_X0Y0                                                     r  clk_IBUF_BUFG_inst/I
    BUFGCTRL_X0Y0        BUFG (Prop_bufg_I_O)         0.081     4.099 r  clk_IBUF_BUFG_inst/O
                         net (fo=2000, routed)        1.536     5.635    fpga_pll.u_clk_pll/inst/clk_in1
    PLLE2_ADV_X0Y2                                                    r  fpga_pll.u_clk_pll/inst/plle2_adv_inst/CLKIN1
    PLLE2_ADV_X0Y2       PLLE2_ADV (Prop_plle2_adv_CLKIN1_CLKOUT0)
                                                     -3.173     2.461 r  fpga_pll.u_clk_pll/inst/plle2_adv_inst/CLKOUT0
                         net (fo=1, routed)           1.557     4.018    fpga_pll.u_clk_pll/inst/cpu_clk_clk_pll
    BUFGCTRL_X0Y2                                                     r  fpga_pll.u_clk_pll/inst/clkout1_buf/I
    BUFGCTRL_X0Y2        BUFG (Prop_bufg_I_O)         0.081     4.099 r  fpga_pll.u_clk_pll/inst/clkout1_buf/O
                         net (fo=59802, routed)       1.556     5.655    u_cpu/core_inst/rename/freelist/cpu_clk
    SLICE_X118Y71        FDCE                                         r  u_cpu/core_inst/rename/freelist/free_vec_reg[5]/C
  -------------------------------------------------------------------    -------------------
    SLICE_X118Y71        FDCE (Prop_fdce_C_Q)         0.379     6.034 r  u_cpu/core_inst/rename/freelist/free_vec_reg[5]/Q
                         net (fo=17, routed)          0.762     6.796    u_cpu/core_inst/rename/freelist/p_45_in
    SLICE_X121Y71                                                     r  u_cpu/core_inst/rename/freelist/rob_tail[4]_i_227/I2
    SLICE_X121Y71        LUT6 (Prop_lut6_I2_O)        0.105     6.901 r  u_cpu/core_inst/rename/freelist/rob_tail[4]_i_227/O
                         net (fo=7, routed)           0.518     7.419    u_cpu/core_inst/rename/freelist/rob_tail[4]_i_227_n_0
    SLICE_X119Y71                                                     r  u_cpu/core_inst/rename/freelist/rob_tail[4]_i_231/I5
    SLICE_X119Y71        LUT6 (Prop_lut6_I5_O)        0.105     7.524 r  u_cpu/core_inst/rename/freelist/rob_tail[4]_i_231/O
                         net (fo=4, routed)           0.472     7.996    u_cpu/core_inst/rename/freelist/rob_tail[4]_i_231_n_0
    SLICE_X120Y70                                                     r  u_cpu/core_inst/rename/freelist/rob_tail[4]_i_213/I0
    SLICE_X120Y70        LUT3 (Prop_lut3_I0_O)        0.105     8.101 r  u_cpu/core_inst/rename/freelist/rob_tail[4]_i_213/O
                         net (fo=1, routed)           0.671     8.771    u_cpu/core_inst/rename/freelist/rob_tail[4]_i_213_n_0
    SLICE_X119Y70                                                     r  u_cpu/core_inst/rename/freelist/rob_tail[4]_i_184/I5
    SLICE_X119Y70        LUT6 (Prop_lut6_I5_O)        0.105     8.876 r  u_cpu/core_inst/rename/freelist/rob_tail[4]_i_184/O
                         net (fo=2, routed)           0.477     9.353    u_cpu/core_inst/rename/freelist/rob_tail[4]_i_184_n_0
    SLICE_X119Y72                                                     r  u_cpu/core_inst/rename/freelist/rob_tail[4]_i_182/I3
    SLICE_X119Y72        LUT6 (Prop_lut6_I3_O)        0.105     9.458 f  u_cpu/core_inst/rename/freelist/rob_tail[4]_i_182/O
                         net (fo=3, routed)           0.332     9.790    u_cpu/core_inst/rename/freelist/rob_tail[4]_i_182_n_0
    SLICE_X119Y72                                                     f  u_cpu/core_inst/rename/freelist/rob_tail[4]_i_204/I3
    SLICE_X119Y72        LUT5 (Prop_lut5_I3_O)        0.105     9.895 f  u_cpu/core_inst/rename/freelist/rob_tail[4]_i_204/O
                         net (fo=4, routed)           0.528    10.423    u_cpu/core_inst/rename/freelist/rob_tail[4]_i_204_n_0
    SLICE_X117Y72                                                     f  u_cpu/core_inst/rename/freelist/rob_tail[4]_i_176/I3
    SLICE_X117Y72        LUT6 (Prop_lut6_I3_O)        0.105    10.528 f  u_cpu/core_inst/rename/freelist/rob_tail[4]_i_176/O
                         net (fo=13, routed)          0.397    10.925    u_cpu/core_inst/rename/freelist/rob_tail[4]_i_176_n_0
    SLICE_X122Y72                                                     f  u_cpu/core_inst/rename/freelist/rob_tail[4]_i_216/I2
    SLICE_X122Y72        LUT5 (Prop_lut5_I2_O)        0.105    11.030 f  u_cpu/core_inst/rename/freelist/rob_tail[4]_i_216/O
                         net (fo=4, routed)           0.569    11.599    u_cpu/core_inst/rename/freelist/rob_tail[4]_i_216_n_0
    SLICE_X124Y72                                                     f  u_cpu/core_inst/rename/freelist/rob_tail[4]_i_194/I0
    SLICE_X124Y72        LUT4 (Prop_lut4_I0_O)        0.105    11.704 r  u_cpu/core_inst/rename/freelist/rob_tail[4]_i_194/O
                         net (fo=3, routed)           0.536    12.240    u_cpu/core_inst/rename/freelist/rob_tail[4]_i_194_n_0
    SLICE_X124Y71                                                     r  u_cpu/core_inst/rename/freelist/rob_tail[4]_i_175/I1
    SLICE_X124Y71        LUT6 (Prop_lut6_I1_O)        0.105    12.345 r  u_cpu/core_inst/rename/freelist/rob_tail[4]_i_175/O
                         net (fo=3, routed)           0.648    12.993    u_cpu/core_inst/rename/freelist/rob_tail[4]_i_175_n_0
    SLICE_X122Y70                                                     r  u_cpu/core_inst/rename/freelist/rob_tail[4]_i_153/I4
    SLICE_X122Y70        LUT5 (Prop_lut5_I4_O)        0.105    13.098 f  u_cpu/core_inst/rename/freelist/rob_tail[4]_i_153/O
                         net (fo=3, routed)           0.547    13.646    u_cpu/core_inst/rename/freelist/rob_tail[4]_i_153_n_0
    SLICE_X122Y75                                                     f  u_cpu/core_inst/rename/freelist/rob_tail[4]_i_122/I1
    SLICE_X122Y75        LUT4 (Prop_lut4_I1_O)        0.105    13.751 f  u_cpu/core_inst/rename/freelist/rob_tail[4]_i_122/O
                         net (fo=4, routed)           0.538    14.289    u_cpu/core_inst/rename/freelist/rob_tail[4]_i_122_n_0
    SLICE_X120Y75                                                     f  u_cpu/core_inst/rename/freelist/rob_tail[4]_i_145/I4
    SLICE_X120Y75        LUT6 (Prop_lut6_I4_O)        0.105    14.394 f  u_cpu/core_inst/rename/freelist/rob_tail[4]_i_145/O
                         net (fo=2, routed)           0.697    15.091    u_cpu/core_inst/rename/freelist/rob_tail[4]_i_145_n_0
    SLICE_X121Y74                                                     f  u_cpu/core_inst/rename/freelist/rob_tail[4]_i_106/I4
    SLICE_X121Y74        LUT6 (Prop_lut6_I4_O)        0.105    15.196 r  u_cpu/core_inst/rename/freelist/rob_tail[4]_i_106/O
                         net (fo=11, routed)          0.422    15.619    u_cpu/core_inst/rename/freelist/rob_tail[4]_i_106_n_0
    SLICE_X120Y75                                                     r  u_cpu/core_inst/rename/freelist/rob_tail[4]_i_158/I1
    SLICE_X120Y75        LUT2 (Prop_lut2_I1_O)        0.105    15.724 r  u_cpu/core_inst/rename/freelist/rob_tail[4]_i_158/O
                         net (fo=5, routed)           0.726    16.449    u_cpu/core_inst/rename/freelist/rob_tail[4]_i_158_n_0
    SLICE_X123Y74                                                     r  u_cpu/core_inst/rename/freelist/rob_tail[4]_i_111/I5
    SLICE_X123Y74        LUT6 (Prop_lut6_I5_O)        0.105    16.554 f  u_cpu/core_inst/rename/freelist/rob_tail[4]_i_111/O
                         net (fo=9, routed)           0.648    17.203    u_cpu/core_inst/rename/freelist/rob_tail[4]_i_111_n_0
    SLICE_X120Y76                                                     f  u_cpu/core_inst/rename/freelist/rob_tail[4]_i_102/I2
    SLICE_X120Y76        LUT6 (Prop_lut6_I2_O)        0.105    17.308 f  u_cpu/core_inst/rename/freelist/rob_tail[4]_i_102/O
                         net (fo=3, routed)           0.501    17.809    u_cpu/core_inst/rename/freelist/rob_tail[4]_i_102_n_0
    SLICE_X118Y76                                                     f  u_cpu/core_inst/rename/freelist/rob_tail[4]_i_124/I3
    SLICE_X118Y76        LUT6 (Prop_lut6_I3_O)        0.105    17.914 r  u_cpu/core_inst/rename/freelist/rob_tail[4]_i_124/O
                         net (fo=3, routed)           0.397    18.311    u_cpu/core_inst/rename/freelist/rob_tail[4]_i_124_n_0
    SLICE_X119Y78                                                     r  u_cpu/core_inst/rename/freelist/rob_tail[4]_i_90/I5
    SLICE_X119Y78        LUT6 (Prop_lut6_I5_O)        0.105    18.416 f  u_cpu/core_inst/rename/freelist/rob_tail[4]_i_90/O
                         net (fo=8, routed)           0.451    18.867    u_cpu/core_inst/rename/freelist/rob_tail[4]_i_90_n_0
    SLICE_X118Y78                                                     f  u_cpu/core_inst/rename/freelist/rob_tail[4]_i_136/I2
    SLICE_X118Y78        LUT6 (Prop_lut6_I2_O)        0.105    18.972 f  u_cpu/core_inst/rename/freelist/rob_tail[4]_i_136/O
                         net (fo=5, routed)           0.377    19.350    u_cpu/core_inst/rename/freelist/rob_tail[4]_i_136_n_0
    SLICE_X118Y78                                                     f  u_cpu/core_inst/rename/freelist/rob_tail[4]_i_96/I5
    SLICE_X118Y78        LUT6 (Prop_lut6_I5_O)        0.105    19.455 f  u_cpu/core_inst/rename/freelist/rob_tail[4]_i_96/O
                         net (fo=3, routed)           0.525    19.980    u_cpu/core_inst/rename/freelist/rob_tail[4]_i_96_n_0
    SLICE_X117Y78                                                     f  u_cpu/core_inst/rename/freelist/rob_tail[4]_i_75/I0
    SLICE_X117Y78        LUT6 (Prop_lut6_I0_O)        0.105    20.085 r  u_cpu/core_inst/rename/freelist/rob_tail[4]_i_75/O
                         net (fo=9, routed)           0.539    20.624    u_cpu/core_inst/rename/freelist/rob_tail[4]_i_75_n_0
    SLICE_X116Y79                                                     r  u_cpu/core_inst/rename/freelist/rob_tail[4]_i_128/I3
    SLICE_X116Y79        LUT5 (Prop_lut5_I3_O)        0.105    20.729 r  u_cpu/core_inst/rename/freelist/rob_tail[4]_i_128/O
                         net (fo=3, routed)           0.364    21.092    u_cpu/core_inst/rename/freelist/rob_tail[4]_i_128_n_0
    SLICE_X114Y79                                                     r  u_cpu/core_inst/rename/freelist/rob_tail[4]_i_95/I4
    SLICE_X114Y79        LUT5 (Prop_lut5_I4_O)        0.105    21.197 r  u_cpu/core_inst/rename/freelist/rob_tail[4]_i_95/O
                         net (fo=1, routed)           0.651    21.848    u_cpu/core_inst/rename/freelist/rob_tail[4]_i_95_n_0
    SLICE_X113Y79                                                     r  u_cpu/core_inst/rename/freelist/rob_tail[4]_i_73/I5
    SLICE_X113Y79        LUT6 (Prop_lut6_I5_O)        0.105    21.953 f  u_cpu/core_inst/rename/freelist/rob_tail[4]_i_73/O
                         net (fo=2, routed)           0.385    22.338    u_cpu/core_inst/rename/freelist/rob_tail[4]_i_73_n_0
    SLICE_X108Y77                                                     f  u_cpu/core_inst/rename/freelist/rob_tail[4]_i_40/I0
    SLICE_X108Y77        LUT4 (Prop_lut4_I0_O)        0.105    22.443 r  u_cpu/core_inst/rename/freelist/rob_tail[4]_i_40/O
                         net (fo=2, routed)           0.343    22.787    u_cpu/core_inst/rename/freelist/rob_tail[4]_i_40_n_0
    SLICE_X108Y76                                                     r  u_cpu/core_inst/rename/freelist/rob_tail[4]_i_49/I0
    SLICE_X108Y76        LUT5 (Prop_lut5_I0_O)        0.105    22.892 r  u_cpu/core_inst/rename/freelist/rob_tail[4]_i_49/O
                         net (fo=2, routed)           0.367    23.259    u_cpu/core_inst/rename/freelist/rob_tail[4]_i_49_n_0
    SLICE_X107Y77                                                     r  u_cpu/core_inst/rename/freelist/rob_tail[4]_i_50/I3
    SLICE_X107Y77        LUT6 (Prop_lut6_I3_O)        0.105    23.364 r  u_cpu/core_inst/rename/freelist/rob_tail[4]_i_50/O
                         net (fo=9, routed)           0.469    23.833    u_cpu/core_inst/rename/freelist/rob_tail[4]_i_50_n_0
    SLICE_X107Y75                                                     r  u_cpu/core_inst/rename/freelist/rob_tail[4]_i_46/I3
    SLICE_X107Y75        LUT6 (Prop_lut6_I3_O)        0.105    23.938 r  u_cpu/core_inst/rename/freelist/rob_tail[4]_i_46/O
                         net (fo=2, routed)           0.663    24.602    u_cpu/core_inst/rename/freelist/rob_tail[4]_i_46_n_0
    SLICE_X105Y75                                                     r  u_cpu/core_inst/rename/freelist/rob_tail[4]_i_29/I1
    SLICE_X105Y75        LUT6 (Prop_lut6_I1_O)        0.105    24.707 f  u_cpu/core_inst/rename/freelist/rob_tail[4]_i_29/O
                         net (fo=2, routed)           0.464    25.170    u_cpu/core_inst/rename/freelist/rob_tail[4]_i_29_n_0
    SLICE_X105Y76                                                     f  u_cpu/core_inst/rename/freelist/rob_tail[4]_i_17/I1
    SLICE_X105Y76        LUT6 (Prop_lut6_I1_O)        0.105    25.275 f  u_cpu/core_inst/rename/freelist/rob_tail[4]_i_17/O
                         net (fo=1, routed)           0.403    25.679    u_cpu/core_inst/rename/freelist/rob_tail[4]_i_17_n_0
    SLICE_X103Y76                                                     f  u_cpu/core_inst/rename/freelist/rob_tail[4]_i_10/I3
    SLICE_X103Y76        LUT6 (Prop_lut6_I3_O)        0.105    25.784 r  u_cpu/core_inst/rename/freelist/rob_tail[4]_i_10/O
                         net (fo=1, routed)           0.243    26.027    u_cpu/core_inst/rename/freelist/rob_tail[4]_i_10_n_0
    SLICE_X101Y76                                                     r  u_cpu/core_inst/rename/freelist/rob_tail[4]_i_7/I2
    SLICE_X101Y76        LUT6 (Prop_lut6_I2_O)        0.105    26.132 f  u_cpu/core_inst/rename/freelist/rob_tail[4]_i_7/O
                         net (fo=4, routed)           0.498    26.629    u_cpu/core_inst/rename/freelist/dispatch_enable
    SLICE_X94Y76                                                      f  u_cpu/core_inst/rename/freelist/br_alloc_q[0][7]_i_6/I2
    SLICE_X94Y76         LUT6 (Prop_lut6_I2_O)        0.105    26.734 f  u_cpu/core_inst/rename/freelist/br_alloc_q[0][7]_i_6/O
                         net (fo=57, routed)          0.434    27.168    u_cpu/core_inst/rename/freelist/fl_alloc_en[0]
    SLICE_X97Y75                                                      f  u_cpu/core_inst/rename/freelist/free_vec[55]_i_4/I3
    SLICE_X97Y75         LUT4 (Prop_lut4_I3_O)        0.105    27.273 r  u_cpu/core_inst/rename/freelist/free_vec[55]_i_4/O
                         net (fo=37, routed)          0.584    27.858    u_cpu/core_inst/rename/freelist/free_vec[55]_i_4_n_0
    SLICE_X100Y74                                                     r  u_cpu/core_inst/rename/freelist/slot_uop[15][pdst][5]_i_38/I3
    SLICE_X100Y74        LUT5 (Prop_lut5_I3_O)        0.105    27.963 r  u_cpu/core_inst/rename/freelist/slot_uop[15][pdst][5]_i_38/O
                         net (fo=3, routed)           0.392    28.354    u_cpu/core_inst/rename/freelist/slot_uop[15][pdst][5]_i_38_n_0
    SLICE_X97Y73                                                      r  u_cpu/core_inst/rename/freelist/slot_uop[15][pdst][5]_i_20/I5
    SLICE_X97Y73         LUT6 (Prop_lut6_I5_O)        0.105    28.459 r  u_cpu/core_inst/rename/freelist/slot_uop[15][pdst][5]_i_20/O
                         net (fo=3, routed)           0.551    29.011    u_cpu/core_inst/rename/freelist/slot_uop[15][pdst][5]_i_20_n_0
    SLICE_X96Y73                                                      r  u_cpu/core_inst/rename/freelist/slot_uop[15][pdst][5]_i_7/I0
    SLICE_X96Y73         LUT2 (Prop_lut2_I0_O)        0.127    29.138 r  u_cpu/core_inst/rename/freelist/slot_uop[15][pdst][5]_i_7/O
                         net (fo=5, routed)           0.940    30.077    u_cpu/core_inst/rename/freelist/slot_uop[15][pdst][5]_i_7_n_0
    SLICE_X91Y70                                                      r  u_cpu/core_inst/rename/freelist/slot_uop[15][pdst][5]_i_3/I3
    SLICE_X91Y70         LUT6 (Prop_lut6_I3_O)        0.286    30.363 r  u_cpu/core_inst/rename/freelist/slot_uop[15][pdst][5]_i_3/O
                         net (fo=89, routed)          0.638    31.001    u_cpu/core_inst/rename/freelist/mt_write_preg[5]
    SLICE_X85Y72                                                      r  u_cpu/core_inst/rename/freelist/slot_uop[6][psrc2_busy]_i_89/I2
    SLICE_X85Y72         LUT4 (Prop_lut4_I2_O)        0.105    31.106 r  u_cpu/core_inst/rename/freelist/slot_uop[6][psrc2_busy]_i_89/O
                         net (fo=1, routed)           0.456    31.563    u_cpu/core_inst/rename/freelist/slot_uop[6][psrc2_busy]_i_89_n_0
    SLICE_X86Y72                                                      r  u_cpu/core_inst/rename/freelist/slot_uop[6][psrc2_busy]_i_56/I0
    SLICE_X86Y72         LUT5 (Prop_lut5_I0_O)        0.105    31.668 r  u_cpu/core_inst/rename/freelist/slot_uop[6][psrc2_busy]_i_56/O
                         net (fo=1, routed)           0.227    31.894    u_cpu/core_inst/rename/freelist/slot_uop[6][psrc2_busy]_i_56_n_0
    SLICE_X85Y72                                                      r  u_cpu/core_inst/rename/freelist/slot_uop[6][psrc2_busy]_i_31/I0
    SLICE_X85Y72         LUT6 (Prop_lut6_I0_O)        0.105    31.999 r  u_cpu/core_inst/rename/freelist/slot_uop[6][psrc2_busy]_i_31/O
                         net (fo=1, routed)           0.643    32.642    u_cpu/core_inst/rename/freelist/slot_uop[6][psrc2_busy]_i_31_n_0
    SLICE_X84Y74                                                      r  u_cpu/core_inst/rename/freelist/slot_uop[6][psrc2_busy]_i_13__1/I4
    SLICE_X84Y74         LUT6 (Prop_lut6_I4_O)        0.105    32.747 r  u_cpu/core_inst/rename/freelist/slot_uop[6][psrc2_busy]_i_13__1/O
                         net (fo=8, routed)           0.663    33.410    u_cpu/core_inst/rename/freelist/rn2_mask_q_reg[1]_0
    SLICE_X83Y72                                                      r  u_cpu/core_inst/rename/freelist/slot_uop[15][psrc2_busy]_i_11__0/I3
    SLICE_X83Y72         LUT4 (Prop_lut4_I3_O)        0.105    33.515 r  u_cpu/core_inst/rename/freelist/slot_uop[15][psrc2_busy]_i_11__0/O
                         net (fo=6, routed)           0.690    34.205    u_cpu/core_inst/gen_alu[0].alu_inst/iq_alu_dis_uop[0][psrc2_busy]
    SLICE_X85Y77                                                      r  u_cpu/core_inst/gen_alu[0].alu_inst/slot_uop[12][psrc2_busy]_i_6/I1
    SLICE_X85Y77         LUT2 (Prop_lut2_I1_O)        0.105    34.310 f  u_cpu/core_inst/gen_alu[0].alu_inst/slot_uop[12][psrc2_busy]_i_6/O
                         net (fo=3, routed)           0.216    34.527    u_cpu/core_inst/rename/freelist/slot_uop_reg[0][psrc2_busy]
    SLICE_X85Y77                                                      f  u_cpu/core_inst/rename/freelist/slot_uop[0][psrc2_busy]_i_2/I1
    SLICE_X85Y77         LUT2 (Prop_lut2_I1_O)        0.110    34.637 r  u_cpu/core_inst/rename/freelist/slot_uop[0][psrc2_busy]_i_2/O
                         net (fo=7, routed)           0.678    35.314    u_cpu/core_inst/alu_iq/slot_uop_reg[0][psrc2_busy]_0
    SLICE_X83Y84                                                      r  u_cpu/core_inst/alu_iq/slot_uop[10][psrc2_busy]_i_2/I5
    SLICE_X83Y84         LUT6 (Prop_lut6_I5_O)        0.268    35.582 r  u_cpu/core_inst/alu_iq/slot_uop[10][psrc2_busy]_i_2/O
                         net (fo=1, routed)           0.396    35.978    u_cpu/core_inst/alu_iq/slot_uop[10][psrc2_busy]_i_2_n_0
    SLICE_X81Y84                                                      r  u_cpu/core_inst/alu_iq/slot_uop[10][psrc2_busy]_i_1/I0
    SLICE_X81Y84         LUT6 (Prop_lut6_I0_O)        0.105    36.083 r  u_cpu/core_inst/alu_iq/slot_uop[10][psrc2_busy]_i_1/O
                         net (fo=1, routed)           0.000    36.083    u_cpu/core_inst/alu_iq/slot_uop[10][psrc2_busy]_i_1_n_0
    SLICE_X81Y84         FDRE                                         r  u_cpu/core_inst/alu_iq/slot_uop_reg[10][psrc2_busy]/D
  -------------------------------------------------------------------    -------------------

                         (clock cpu_clk rise edge)   30.556    30.556 r  
    AC19                                              0.000    30.556 r  clk (IN)
                         net (fo=0)                   0.000    30.556    clk
    AC19                                                              r  clk_IBUF_inst/I
    AC19                 IBUF (Prop_ibuf_I_O)         1.350    31.906 r  clk_IBUF_inst/O
                         net (fo=1, routed)           2.471    34.376    clk_IBUF
    BUFGCTRL_X0Y0                                                     r  clk_IBUF_BUFG_inst/I
    BUFGCTRL_X0Y0        BUFG (Prop_bufg_I_O)         0.077    34.453 r  clk_IBUF_BUFG_inst/O
                         net (fo=2000, routed)        1.434    35.887    fpga_pll.u_clk_pll/inst/clk_in1
    PLLE2_ADV_X0Y2                                                    r  fpga_pll.u_clk_pll/inst/plle2_adv_inst/CLKIN1
    PLLE2_ADV_X0Y2       PLLE2_ADV (Prop_plle2_adv_CLKIN1_CLKOUT0)
                                                     -2.995    32.892 r  fpga_pll.u_clk_pll/inst/plle2_adv_inst/CLKOUT0
                         net (fo=1, routed)           1.484    34.376    fpga_pll.u_clk_pll/inst/cpu_clk_clk_pll
    BUFGCTRL_X0Y2                                                     r  fpga_pll.u_clk_pll/inst/clkout1_buf/I
    BUFGCTRL_X0Y2        BUFG (Prop_bufg_I_O)         0.077    34.453 r  fpga_pll.u_clk_pll/inst/clkout1_buf/O
                         net (fo=59802, routed)       1.407    35.860    u_cpu/core_inst/alu_iq/cpu_clk
    SLICE_X81Y84         FDRE                                         r  u_cpu/core_inst/alu_iq/slot_uop_reg[10][psrc2_busy]/C
                         clock pessimism              0.214    36.074    
                         clock uncertainty           -0.060    36.014    
    SLICE_X81Y84         FDRE (Setup_fdre_C_D)        0.030    36.044    u_cpu/core_inst/alu_iq/slot_uop_reg[10][psrc2_busy]
  -------------------------------------------------------------------
                         required time                         36.044    
                         arrival time                         -36.083    
  -------------------------------------------------------------------
                         slack                                 -0.039    

Slack (VIOLATED) :        -0.039ns  (required time - arrival time)
  Source:                 u_cpu/core_inst/rename/freelist/free_vec_reg[5]/C
                            (rising edge-triggered cell FDCE clocked by cpu_clk  {rise@0.000ns fall@15.278ns period=30.556ns})
  Destination:            u_cpu/core_inst/alu_iq/slot_uop_reg[10][psrc2_busy]/D
                            (rising edge-triggered cell FDRE clocked by cpu_clk  {rise@0.000ns fall@15.278ns period=30.556ns})
  Path Group:             cpu_clk
  Path Type:              Setup (Max at Slow Process Corner)
  Requirement:            30.556ns  (cpu_clk rise@30.556ns - cpu_clk rise@0.000ns)
  Data Path Delay:        30.428ns  (logic 5.790ns (19.028%)  route 24.638ns (80.972%))
  Logic Levels:           48  (LUT2=4 LUT3=1 LUT4=6 LUT5=8 LUT6=29)
  Clock Path Skew:        -0.136ns (DCD - SCD + CPR)
    Destination Clock Delay (DCD):    5.305ns = ( 35.860 - 30.556 ) 
    Source Clock Delay      (SCD):    5.655ns
    Clock Pessimism Removal (CPR):    0.214ns
  Clock Uncertainty:      0.060ns  ((TSJ^2 + DJ^2)^1/2) / 2 + PE
    Total System Jitter     (TSJ):    0.071ns
    Discrete Jitter          (DJ):    0.097ns
    Phase Error              (PE):    0.000ns

    Location             Delay type                Incr(ns)  Path(ns)    Netlist Resource(s)
  -------------------------------------------------------------------    -------------------
                         (clock cpu_clk rise edge)    0.000     0.000 r  
    AC19                                              0.000     0.000 r  clk (IN)
                         net (fo=0)                   0.000     0.000    clk
    AC19                                                              r  clk_IBUF_inst/I
    AC19                 IBUF (Prop_ibuf_I_O)         1.416     1.416 r  clk_IBUF_inst/O
                         net (fo=1, routed)           2.602     4.018    clk_IBUF
    BUFGCTRL_X0Y0                                                     r  clk_IBUF_BUFG_inst/I
    BUFGCTRL_X0Y0        BUFG (Prop_bufg_I_O)         0.081     4.099 r  clk_IBUF_BUFG_inst/O
                         net (fo=2000, routed)        1.536     5.635    fpga_pll.u_clk_pll/inst/clk_in1
    PLLE2_ADV_X0Y2                                                    r  fpga_pll.u_clk_pll/inst/plle2_adv_inst/CLKIN1
    PLLE2_ADV_X0Y2       PLLE2_ADV (Prop_plle2_adv_CLKIN1_CLKOUT0)
                                                     -3.173     2.461 r  fpga_pll.u_clk_pll/inst/plle2_adv_inst/CLKOUT0
                         net (fo=1, routed)           1.557     4.018    fpga_pll.u_clk_pll/inst/cpu_clk_clk_pll
    BUFGCTRL_X0Y2                                                     r  fpga_pll.u_clk_pll/inst/clkout1_buf/I
    BUFGCTRL_X0Y2        BUFG (Prop_bufg_I_O)         0.081     4.099 r  fpga_pll.u_clk_pll/inst/clkout1_buf/O
                         net (fo=59802, routed)       1.556     5.655    u_cpu/core_inst/rename/freelist/cpu_clk
    SLICE_X118Y71        FDCE                                         r  u_cpu/core_inst/rename/freelist/free_vec_reg[5]/C
  -------------------------------------------------------------------    -------------------
    SLICE_X118Y71        FDCE (Prop_fdce_C_Q)         0.379     6.034 f  u_cpu/core_inst/rename/freelist/free_vec_reg[5]/Q
                         net (fo=17, routed)          0.762     6.796    u_cpu/core_inst/rename/freelist/p_45_in
    SLICE_X121Y71                                                     f  u_cpu/core_inst/rename/freelist/rob_tail[4]_i_227/I2
    SLICE_X121Y71        LUT6 (Prop_lut6_I2_O)        0.105     6.901 f  u_cpu/core_inst/rename/freelist/rob_tail[4]_i_227/O
                         net (fo=7, routed)           0.518     7.419    u_cpu/core_inst/rename/freelist/rob_tail[4]_i_227_n_0
    SLICE_X119Y71                                                     f  u_cpu/core_inst/rename/freelist/rob_tail[4]_i_231/I5
    SLICE_X119Y71        LUT6 (Prop_lut6_I5_O)        0.105     7.524 f  u_cpu/core_inst/rename/freelist/rob_tail[4]_i_231/O
                         net (fo=4, routed)           0.472     7.996    u_cpu/core_inst/rename/freelist/rob_tail[4]_i_231_n_0
    SLICE_X120Y70                                                     f  u_cpu/core_inst/rename/freelist/rob_tail[4]_i_213/I0
    SLICE_X120Y70        LUT3 (Prop_lut3_I0_O)        0.105     8.101 f  u_cpu/core_inst/rename/freelist/rob_tail[4]_i_213/O
                         net (fo=1, routed)           0.671     8.771    u_cpu/core_inst/rename/freelist/rob_tail[4]_i_213_n_0
    SLICE_X119Y70                                                     f  u_cpu/core_inst/rename/freelist/rob_tail[4]_i_184/I5
    SLICE_X119Y70        LUT6 (Prop_lut6_I5_O)        0.105     8.876 r  u_cpu/core_inst/rename/freelist/rob_tail[4]_i_184/O
                         net (fo=2, routed)           0.477     9.353    u_cpu/core_inst/rename/freelist/rob_tail[4]_i_184_n_0
    SLICE_X119Y72                                                     r  u_cpu/core_inst/rename/freelist/rob_tail[4]_i_182/I3
    SLICE_X119Y72        LUT6 (Prop_lut6_I3_O)        0.105     9.458 f  u_cpu/core_inst/rename/freelist/rob_tail[4]_i_182/O
                         net (fo=3, routed)           0.332     9.790    u_cpu/core_inst/rename/freelist/rob_tail[4]_i_182_n_0
    SLICE_X119Y72                                                     f  u_cpu/core_inst/rename/freelist/rob_tail[4]_i_204/I3
    SLICE_X119Y72        LUT5 (Prop_lut5_I3_O)        0.105     9.895 f  u_cpu/core_inst/rename/freelist/rob_tail[4]_i_204/O
                         net (fo=4, routed)           0.528    10.423    u_cpu/core_inst/rename/freelist/rob_tail[4]_i_204_n_0
    SLICE_X117Y72                                                     f  u_cpu/core_inst/rename/freelist/rob_tail[4]_i_176/I3
    SLICE_X117Y72        LUT6 (Prop_lut6_I3_O)        0.105    10.528 f  u_cpu/core_inst/rename/freelist/rob_tail[4]_i_176/O
                         net (fo=13, routed)          0.397    10.925    u_cpu/core_inst/rename/freelist/rob_tail[4]_i_176_n_0
    SLICE_X122Y72                                                     f  u_cpu/core_inst/rename/freelist/rob_tail[4]_i_216/I2
    SLICE_X122Y72        LUT5 (Prop_lut5_I2_O)        0.105    11.030 f  u_cpu/core_inst/rename/freelist/rob_tail[4]_i_216/O
                         net (fo=4, routed)           0.569    11.599    u_cpu/core_inst/rename/freelist/rob_tail[4]_i_216_n_0
    SLICE_X124Y72                                                     f  u_cpu/core_inst/rename/freelist/rob_tail[4]_i_194/I0
    SLICE_X124Y72        LUT4 (Prop_lut4_I0_O)        0.105    11.704 r  u_cpu/core_inst/rename/freelist/rob_tail[4]_i_194/O
                         net (fo=3, routed)           0.536    12.240    u_cpu/core_inst/rename/freelist/rob_tail[4]_i_194_n_0
    SLICE_X124Y71                                                     r  u_cpu/core_inst/rename/freelist/rob_tail[4]_i_175/I1
    SLICE_X124Y71        LUT6 (Prop_lut6_I1_O)        0.105    12.345 r  u_cpu/core_inst/rename/freelist/rob_tail[4]_i_175/O
                         net (fo=3, routed)           0.648    12.993    u_cpu/core_inst/rename/freelist/rob_tail[4]_i_175_n_0
    SLICE_X122Y70                                                     r  u_cpu/core_inst/rename/freelist/rob_tail[4]_i_153/I4
    SLICE_X122Y70        LUT5 (Prop_lut5_I4_O)        0.105    13.098 f  u_cpu/core_inst/rename/freelist/rob_tail[4]_i_153/O
                         net (fo=3, routed)           0.547    13.646    u_cpu/core_inst/rename/freelist/rob_tail[4]_i_153_n_0
    SLICE_X122Y75                                                     f  u_cpu/core_inst/rename/freelist/rob_tail[4]_i_122/I1
    SLICE_X122Y75        LUT4 (Prop_lut4_I1_O)        0.105    13.751 f  u_cpu/core_inst/rename/freelist/rob_tail[4]_i_122/O
                         net (fo=4, routed)           0.538    14.289    u_cpu/core_inst/rename/freelist/rob_tail[4]_i_122_n_0
    SLICE_X120Y75                                                     f  u_cpu/core_inst/rename/freelist/rob_tail[4]_i_145/I4
    SLICE_X120Y75        LUT6 (Prop_lut6_I4_O)        0.105    14.394 f  u_cpu/core_inst/rename/freelist/rob_tail[4]_i_145/O
                         net (fo=2, routed)           0.697    15.091    u_cpu/core_inst/rename/freelist/rob_tail[4]_i_145_n_0
    SLICE_X121Y74                                                     f  u_cpu/core_inst/rename/freelist/rob_tail[4]_i_106/I4
    SLICE_X121Y74        LUT6 (Prop_lut6_I4_O)        0.105    15.196 r  u_cpu/core_inst/rename/freelist/rob_tail[4]_i_106/O
                         net (fo=11, routed)          0.422    15.619    u_cpu/core_inst/rename/freelist/rob_tail[4]_i_106_n_0
    SLICE_X120Y75                                                     r  u_cpu/core_inst/rename/freelist/rob_tail[4]_i_158/I1
    SLICE_X120Y75        LUT2 (Prop_lut2_I1_O)        0.105    15.724 r  u_cpu/core_inst/rename/freelist/rob_tail[4]_i_158/O
                         net (fo=5, routed)           0.726    16.449    u_cpu/core_inst/rename/freelist/rob_tail[4]_i_158_n_0
    SLICE_X123Y74                                                     r  u_cpu/core_inst/rename/freelist/rob_tail[4]_i_111/I5
    SLICE_X123Y74        LUT6 (Prop_lut6_I5_O)        0.105    16.554 f  u_cpu/core_inst/rename/freelist/rob_tail[4]_i_111/O
                         net (fo=9, routed)           0.648    17.203    u_cpu/core_inst/rename/freelist/rob_tail[4]_i_111_n_0
    SLICE_X120Y76                                                     f  u_cpu/core_inst/rename/freelist/rob_tail[4]_i_102/I2
    SLICE_X120Y76        LUT6 (Prop_lut6_I2_O)        0.105    17.308 f  u_cpu/core_inst/rename/freelist/rob_tail[4]_i_102/O
                         net (fo=3, routed)           0.501    17.809    u_cpu/core_inst/rename/freelist/rob_tail[4]_i_102_n_0
    SLICE_X118Y76                                                     f  u_cpu/core_inst/rename/freelist/rob_tail[4]_i_124/I3
    SLICE_X118Y76        LUT6 (Prop_lut6_I3_O)        0.105    17.914 r  u_cpu/core_inst/rename/freelist/rob_tail[4]_i_124/O
                         net (fo=3, routed)           0.397    18.311    u_cpu/core_inst/rename/freelist/rob_tail[4]_i_124_n_0
    SLICE_X119Y78                                                     r  u_cpu/core_inst/rename/freelist/rob_tail[4]_i_90/I5
    SLICE_X119Y78        LUT6 (Prop_lut6_I5_O)        0.105    18.416 f  u_cpu/core_inst/rename/freelist/rob_tail[4]_i_90/O
                         net (fo=8, routed)           0.451    18.867    u_cpu/core_inst/rename/freelist/rob_tail[4]_i_90_n_0
    SLICE_X118Y78                                                     f  u_cpu/core_inst/rename/freelist/rob_tail[4]_i_136/I2
    SLICE_X118Y78        LUT6 (Prop_lut6_I2_O)        0.105    18.972 f  u_cpu/core_inst/rename/freelist/rob_tail[4]_i_136/O
                         net (fo=5, routed)           0.377    19.350    u_cpu/core_inst/rename/freelist/rob_tail[4]_i_136_n_0
    SLICE_X118Y78                                                     f  u_cpu/core_inst/rename/freelist/rob_tail[4]_i_96/I5
    SLICE_X118Y78        LUT6 (Prop_lut6_I5_O)        0.105    19.455 f  u_cpu/core_inst/rename/freelist/rob_tail[4]_i_96/O
                         net (fo=3, routed)           0.525    19.980    u_cpu/core_inst/rename/freelist/rob_tail[4]_i_96_n_0
    SLICE_X117Y78                                                     f  u_cpu/core_inst/rename/freelist/rob_tail[4]_i_75/I0
    SLICE_X117Y78        LUT6 (Prop_lut6_I0_O)        0.105    20.085 r  u_cpu/core_inst/rename/freelist/rob_tail[4]_i_75/O
                         net (fo=9, routed)           0.539    20.624    u_cpu/core_inst/rename/freelist/rob_tail[4]_i_75_n_0
    SLICE_X116Y79                                                     r  u_cpu/core_inst/rename/freelist/rob_tail[4]_i_128/I3
    SLICE_X116Y79        LUT5 (Prop_lut5_I3_O)        0.105    20.729 r  u_cpu/core_inst/rename/freelist/rob_tail[4]_i_128/O
                         net (fo=3, routed)           0.364    21.092    u_cpu/core_inst/rename/freelist/rob_tail[4]_i_128_n_0
    SLICE_X114Y79                                                     r  u_cpu/core_inst/rename/freelist/rob_tail[4]_i_95/I4
    SLICE_X114Y79        LUT5 (Prop_lut5_I4_O)        0.105    21.197 r  u_cpu/core_inst/rename/freelist/rob_tail[4]_i_95/O
                         net (fo=1, routed)           0.651    21.848    u_cpu/core_inst/rename/freelist/rob_tail[4]_i_95_n_0
    SLICE_X113Y79                                                     r  u_cpu/core_inst/rename/freelist/rob_tail[4]_i_73/I5
    SLICE_X113Y79        LUT6 (Prop_lut6_I5_O)        0.105    21.953 f  u_cpu/core_inst/rename/freelist/rob_tail[4]_i_73/O
                         net (fo=2, routed)           0.385    22.338    u_cpu/core_inst/rename/freelist/rob_tail[4]_i_73_n_0
    SLICE_X108Y77                                                     f  u_cpu/core_inst/rename/freelist/rob_tail[4]_i_40/I0
    SLICE_X108Y77        LUT4 (Prop_lut4_I0_O)        0.105    22.443 r  u_cpu/core_inst/rename/freelist/rob_tail[4]_i_40/O
                         net (fo=2, routed)           0.343    22.787    u_cpu/core_inst/rename/freelist/rob_tail[4]_i_40_n_0
    SLICE_X108Y76                                                     r  u_cpu/core_inst/rename/freelist/rob_tail[4]_i_49/I0
    SLICE_X108Y76        LUT5 (Prop_lut5_I0_O)        0.105    22.892 r  u_cpu/core_inst/rename/freelist/rob_tail[4]_i_49/O
                         net (fo=2, routed)           0.367    23.259    u_cpu/core_inst/rename/freelist/rob_tail[4]_i_49_n_0
    SLICE_X107Y77                                                     r  u_cpu/core_inst/rename/freelist/rob_tail[4]_i_50/I3
    SLICE_X107Y77        LUT6 (Prop_lut6_I3_O)        0.105    23.364 r  u_cpu/core_inst/rename/freelist/rob_tail[4]_i_50/O
                         net (fo=9, routed)           0.469    23.833    u_cpu/core_inst/rename/freelist/rob_tail[4]_i_50_n_0
    SLICE_X107Y75                                                     r  u_cpu/core_inst/rename/freelist/rob_tail[4]_i_46/I3
    SLICE_X107Y75        LUT6 (Prop_lut6_I3_O)        0.105    23.938 r  u_cpu/core_inst/rename/freelist/rob_tail[4]_i_46/O
                         net (fo=2, routed)           0.663    24.602    u_cpu/core_inst/rename/freelist/rob_tail[4]_i_46_n_0
    SLICE_X105Y75                                                     r  u_cpu/core_inst/rename/freelist/rob_tail[4]_i_29/I1
    SLICE_X105Y75        LUT6 (Prop_lut6_I1_O)        0.105    24.707 f  u_cpu/core_inst/rename/freelist/rob_tail[4]_i_29/O
                         net (fo=2, routed)           0.464    25.170    u_cpu/core_inst/rename/freelist/rob_tail[4]_i_29_n_0
    SLICE_X105Y76                                                     f  u_cpu/core_inst/rename/freelist/rob_tail[4]_i_17/I1
    SLICE_X105Y76        LUT6 (Prop_lut6_I1_O)        0.105    25.275 f  u_cpu/core_inst/rename/freelist/rob_tail[4]_i_17/O
                         net (fo=1, routed)           0.403    25.679    u_cpu/core_inst/rename/freelist/rob_tail[4]_i_17_n_0
    SLICE_X103Y76                                                     f  u_cpu/core_inst/rename/freelist/rob_tail[4]_i_10/I3
    SLICE_X103Y76        LUT6 (Prop_lut6_I3_O)        0.105    25.784 r  u_cpu/core_inst/rename/freelist/rob_tail[4]_i_10/O
                         net (fo=1, routed)           0.243    26.027    u_cpu/core_inst/rename/freelist/rob_tail[4]_i_10_n_0
    SLICE_X101Y76                                                     r  u_cpu/core_inst/rename/freelist/rob_tail[4]_i_7/I2
    SLICE_X101Y76        LUT6 (Prop_lut6_I2_O)        0.105    26.132 f  u_cpu/core_inst/rename/freelist/rob_tail[4]_i_7/O
                         net (fo=4, routed)           0.498    26.629    u_cpu/core_inst/rename/freelist/dispatch_enable
    SLICE_X94Y76                                                      f  u_cpu/core_inst/rename/freelist/br_alloc_q[0][7]_i_6/I2
    SLICE_X94Y76         LUT6 (Prop_lut6_I2_O)        0.105    26.734 f  u_cpu/core_inst/rename/freelist/br_alloc_q[0][7]_i_6/O
                         net (fo=57, routed)          0.434    27.168    u_cpu/core_inst/rename/freelist/fl_alloc_en[0]
    SLICE_X97Y75                                                      f  u_cpu/core_inst/rename/freelist/free_vec[55]_i_4/I3
    SLICE_X97Y75         LUT4 (Prop_lut4_I3_O)        0.105    27.273 r  u_cpu/core_inst/rename/freelist/free_vec[55]_i_4/O
                         net (fo=37, routed)          0.584    27.858    u_cpu/core_inst/rename/freelist/free_vec[55]_i_4_n_0
    SLICE_X100Y74                                                     r  u_cpu/core_inst/rename/freelist/slot_uop[15][pdst][5]_i_38/I3
    SLICE_X100Y74        LUT5 (Prop_lut5_I3_O)        0.105    27.963 r  u_cpu/core_inst/rename/freelist/slot_uop[15][pdst][5]_i_38/O
                         net (fo=3, routed)           0.392    28.354    u_cpu/core_inst/rename/freelist/slot_uop[15][pdst][5]_i_38_n_0
    SLICE_X97Y73                                                      r  u_cpu/core_inst/rename/freelist/slot_uop[15][pdst][5]_i_20/I5
    SLICE_X97Y73         LUT6 (Prop_lut6_I5_O)        0.105    28.459 r  u_cpu/core_inst/rename/freelist/slot_uop[15][pdst][5]_i_20/O
                         net (fo=3, routed)           0.551    29.011    u_cpu/core_inst/rename/freelist/slot_uop[15][pdst][5]_i_20_n_0
    SLICE_X96Y73                                                      r  u_cpu/core_inst/rename/freelist/slot_uop[15][pdst][5]_i_7/I0
    SLICE_X96Y73         LUT2 (Prop_lut2_I0_O)        0.127    29.138 r  u_cpu/core_inst/rename/freelist/slot_uop[15][pdst][5]_i_7/O
                         net (fo=5, routed)           0.940    30.077    u_cpu/core_inst/rename/freelist/slot_uop[15][pdst][5]_i_7_n_0
    SLICE_X91Y70                                                      r  u_cpu/core_inst/rename/freelist/slot_uop[15][pdst][5]_i_3/I3
    SLICE_X91Y70         LUT6 (Prop_lut6_I3_O)        0.286    30.363 r  u_cpu/core_inst/rename/freelist/slot_uop[15][pdst][5]_i_3/O
                         net (fo=89, routed)          0.638    31.001    u_cpu/core_inst/rename/freelist/mt_write_preg[5]
    SLICE_X85Y72                                                      r  u_cpu/core_inst/rename/freelist/slot_uop[6][psrc2_busy]_i_89/I2
    SLICE_X85Y72         LUT4 (Prop_lut4_I2_O)        0.105    31.106 r  u_cpu/core_inst/rename/freelist/slot_uop[6][psrc2_busy]_i_89/O
                         net (fo=1, routed)           0.456    31.563    u_cpu/core_inst/rename/freelist/slot_uop[6][psrc2_busy]_i_89_n_0
    SLICE_X86Y72                                                      r  u_cpu/core_inst/rename/freelist/slot_uop[6][psrc2_busy]_i_56/I0
    SLICE_X86Y72         LUT5 (Prop_lut5_I0_O)        0.105    31.668 r  u_cpu/core_inst/rename/freelist/slot_uop[6][psrc2_busy]_i_56/O
                         net (fo=1, routed)           0.227    31.894    u_cpu/core_inst/rename/freelist/slot_uop[6][psrc2_busy]_i_56_n_0
    SLICE_X85Y72                                                      r  u_cpu/core_inst/rename/freelist/slot_uop[6][psrc2_busy]_i_31/I0
    SLICE_X85Y72         LUT6 (Prop_lut6_I0_O)        0.105    31.999 r  u_cpu/core_inst/rename/freelist/slot_uop[6][psrc2_busy]_i_31/O
                         net (fo=1, routed)           0.643    32.642    u_cpu/core_inst/rename/freelist/slot_uop[6][psrc2_busy]_i_31_n_0
    SLICE_X84Y74                                                      r  u_cpu/core_inst/rename/freelist/slot_uop[6][psrc2_busy]_i_13__1/I4
    SLICE_X84Y74         LUT6 (Prop_lut6_I4_O)        0.105    32.747 r  u_cpu/core_inst/rename/freelist/slot_uop[6][psrc2_busy]_i_13__1/O
                         net (fo=8, routed)           0.663    33.410    u_cpu/core_inst/rename/freelist/rn2_mask_q_reg[1]_0
    SLICE_X83Y72                                                      r  u_cpu/core_inst/rename/freelist/slot_uop[15][psrc2_busy]_i_11__0/I3
    SLICE_X83Y72         LUT4 (Prop_lut4_I3_O)        0.105    33.515 r  u_cpu/core_inst/rename/freelist/slot_uop[15][psrc2_busy]_i_11__0/O
                         net (fo=6, routed)           0.690    34.205    u_cpu/core_inst/gen_alu[0].alu_inst/iq_alu_dis_uop[0][psrc2_busy]
    SLICE_X85Y77                                                      r  u_cpu/core_inst/gen_alu[0].alu_inst/slot_uop[12][psrc2_busy]_i_6/I1
    SLICE_X85Y77         LUT2 (Prop_lut2_I1_O)        0.105    34.310 f  u_cpu/core_inst/gen_alu[0].alu_inst/slot_uop[12][psrc2_busy]_i_6/O
                         net (fo=3, routed)           0.216    34.527    u_cpu/core_inst/rename/freelist/slot_uop_reg[0][psrc2_busy]
    SLICE_X85Y77                                                      f  u_cpu/core_inst/rename/freelist/slot_uop[0][psrc2_busy]_i_2/I1
    SLICE_X85Y77         LUT2 (Prop_lut2_I1_O)        0.110    34.637 r  u_cpu/core_inst/rename/freelist/slot_uop[0][psrc2_busy]_i_2/O
                         net (fo=7, routed)           0.678    35.314    u_cpu/core_inst/alu_iq/slot_uop_reg[0][psrc2_busy]_0
    SLICE_X83Y84                                                      r  u_cpu/core_inst/alu_iq/slot_uop[10][psrc2_busy]_i_2/I5
    SLICE_X83Y84         LUT6 (Prop_lut6_I5_O)        0.268    35.582 r  u_cpu/core_inst/alu_iq/slot_uop[10][psrc2_busy]_i_2/O
                         net (fo=1, routed)           0.396    35.978    u_cpu/core_inst/alu_iq/slot_uop[10][psrc2_busy]_i_2_n_0
    SLICE_X81Y84                                                      r  u_cpu/core_inst/alu_iq/slot_uop[10][psrc2_busy]_i_1/I0
    SLICE_X81Y84         LUT6 (Prop_lut6_I0_O)        0.105    36.083 r  u_cpu/core_inst/alu_iq/slot_uop[10][psrc2_busy]_i_1/O
                         net (fo=1, routed)           0.000    36.083    u_cpu/core_inst/alu_iq/slot_uop[10][psrc2_busy]_i_1_n_0
    SLICE_X81Y84         FDRE                                         r  u_cpu/core_inst/alu_iq/slot_uop_reg[10][psrc2_busy]/D
  -------------------------------------------------------------------    -------------------

                         (clock cpu_clk rise edge)   30.556    30.556 r  
    AC19                                              0.000    30.556 r  clk (IN)
                         net (fo=0)                   0.000    30.556    clk
    AC19                                                              r  clk_IBUF_inst/I
    AC19                 IBUF (Prop_ibuf_I_O)         1.350    31.906 r  clk_IBUF_inst/O
                         net (fo=1, routed)           2.471    34.376    clk_IBUF
    BUFGCTRL_X0Y0                                                     r  clk_IBUF_BUFG_inst/I
    BUFGCTRL_X0Y0        BUFG (Prop_bufg_I_O)         0.077    34.453 r  clk_IBUF_BUFG_inst/O
                         net (fo=2000, routed)        1.434    35.887    fpga_pll.u_clk_pll/inst/clk_in1
    PLLE2_ADV_X0Y2                                                    r  fpga_pll.u_clk_pll/inst/plle2_adv_inst/CLKIN1
    PLLE2_ADV_X0Y2       PLLE2_ADV (Prop_plle2_adv_CLKIN1_CLKOUT0)
                                                     -2.995    32.892 r  fpga_pll.u_clk_pll/inst/plle2_adv_inst/CLKOUT0
                         net (fo=1, routed)           1.484    34.376    fpga_pll.u_clk_pll/inst/cpu_clk_clk_pll
    BUFGCTRL_X0Y2                                                     r  fpga_pll.u_clk_pll/inst/clkout1_buf/I
    BUFGCTRL_X0Y2        BUFG (Prop_bufg_I_O)         0.077    34.453 r  fpga_pll.u_clk_pll/inst/clkout1_buf/O
                         net (fo=59802, routed)       1.407    35.860    u_cpu/core_inst/alu_iq/cpu_clk
    SLICE_X81Y84         FDRE                                         r  u_cpu/core_inst/alu_iq/slot_uop_reg[10][psrc2_busy]/C
                         clock pessimism              0.214    36.074    
                         clock uncertainty           -0.060    36.014    
    SLICE_X81Y84         FDRE (Setup_fdre_C_D)        0.030    36.044    u_cpu/core_inst/alu_iq/slot_uop_reg[10][psrc2_busy]
  -------------------------------------------------------------------
                         required time                         36.044    
                         arrival time                         -36.083    
  -------------------------------------------------------------------
                         slack                                 -0.039    

Slack (VIOLATED) :        -0.039ns  (required time - arrival time)
  Source:                 u_cpu/core_inst/rename/freelist/free_vec_reg[5]/C
                            (rising edge-triggered cell FDCE clocked by cpu_clk  {rise@0.000ns fall@15.278ns period=30.556ns})
  Destination:            u_cpu/core_inst/alu_iq/slot_uop_reg[10][psrc2_busy]/D
                            (rising edge-triggered cell FDRE clocked by cpu_clk  {rise@0.000ns fall@15.278ns period=30.556ns})
  Path Group:             cpu_clk
  Path Type:              Setup (Max at Slow Process Corner)
  Requirement:            30.556ns  (cpu_clk rise@30.556ns - cpu_clk rise@0.000ns)
  Data Path Delay:        30.428ns  (logic 5.790ns (19.028%)  route 24.638ns (80.972%))
  Logic Levels:           48  (LUT2=4 LUT3=1 LUT4=6 LUT5=8 LUT6=29)
  Clock Path Skew:        -0.136ns (DCD - SCD + CPR)
    Destination Clock Delay (DCD):    5.305ns = ( 35.860 - 30.556 ) 
    Source Clock Delay      (SCD):    5.655ns
    Clock Pessimism Removal (CPR):    0.214ns
  Clock Uncertainty:      0.060ns  ((TSJ^2 + DJ^2)^1/2) / 2 + PE
    Total System Jitter     (TSJ):    0.071ns
    Discrete Jitter          (DJ):    0.097ns
    Phase Error              (PE):    0.000ns

    Location             Delay type                Incr(ns)  Path(ns)    Netlist Resource(s)
  -------------------------------------------------------------------    -------------------
                         (clock cpu_clk rise edge)    0.000     0.000 r  
    AC19                                              0.000     0.000 r  clk (IN)
                         net (fo=0)                   0.000     0.000    clk
    AC19                                                              r  clk_IBUF_inst/I
    AC19                 IBUF (Prop_ibuf_I_O)         1.416     1.416 r  clk_IBUF_inst/O
                         net (fo=1, routed)           2.602     4.018    clk_IBUF
    BUFGCTRL_X0Y0                                                     r  clk_IBUF_BUFG_inst/I
    BUFGCTRL_X0Y0        BUFG (Prop_bufg_I_O)         0.081     4.099 r  clk_IBUF_BUFG_inst/O
                         net (fo=2000, routed)        1.536     5.635    fpga_pll.u_clk_pll/inst/clk_in1
    PLLE2_ADV_X0Y2                                                    r  fpga_pll.u_clk_pll/inst/plle2_adv_inst/CLKIN1
    PLLE2_ADV_X0Y2       PLLE2_ADV (Prop_plle2_adv_CLKIN1_CLKOUT0)
                                                     -3.173     2.461 r  fpga_pll.u_clk_pll/inst/plle2_adv_inst/CLKOUT0
                         net (fo=1, routed)           1.557     4.018    fpga_pll.u_clk_pll/inst/cpu_clk_clk_pll
    BUFGCTRL_X0Y2                                                     r  fpga_pll.u_clk_pll/inst/clkout1_buf/I
    BUFGCTRL_X0Y2        BUFG (Prop_bufg_I_O)         0.081     4.099 r  fpga_pll.u_clk_pll/inst/clkout1_buf/O
                         net (fo=59802, routed)       1.556     5.655    u_cpu/core_inst/rename/freelist/cpu_clk
    SLICE_X118Y71        FDCE                                         r  u_cpu/core_inst/rename/freelist/free_vec_reg[5]/C
  -------------------------------------------------------------------    -------------------
    SLICE_X118Y71        FDCE (Prop_fdce_C_Q)         0.379     6.034 r  u_cpu/core_inst/rename/freelist/free_vec_reg[5]/Q
                         net (fo=17, routed)          0.762     6.796    u_cpu/core_inst/rename/freelist/p_45_in
    SLICE_X121Y71                                                     r  u_cpu/core_inst/rename/freelist/rob_tail[4]_i_227/I2
    SLICE_X121Y71        LUT6 (Prop_lut6_I2_O)        0.105     6.901 r  u_cpu/core_inst/rename/freelist/rob_tail[4]_i_227/O
                         net (fo=7, routed)           0.518     7.419    u_cpu/core_inst/rename/freelist/rob_tail[4]_i_227_n_0
    SLICE_X119Y71                                                     r  u_cpu/core_inst/rename/freelist/rob_tail[4]_i_231/I5
    SLICE_X119Y71        LUT6 (Prop_lut6_I5_O)        0.105     7.524 r  u_cpu/core_inst/rename/freelist/rob_tail[4]_i_231/O
                         net (fo=4, routed)           0.472     7.996    u_cpu/core_inst/rename/freelist/rob_tail[4]_i_231_n_0
    SLICE_X120Y70                                                     r  u_cpu/core_inst/rename/freelist/rob_tail[4]_i_213/I0
    SLICE_X120Y70        LUT3 (Prop_lut3_I0_O)        0.105     8.101 r  u_cpu/core_inst/rename/freelist/rob_tail[4]_i_213/O
                         net (fo=1, routed)           0.671     8.771    u_cpu/core_inst/rename/freelist/rob_tail[4]_i_213_n_0
    SLICE_X119Y70                                                     r  u_cpu/core_inst/rename/freelist/rob_tail[4]_i_184/I5
    SLICE_X119Y70        LUT6 (Prop_lut6_I5_O)        0.105     8.876 f  u_cpu/core_inst/rename/freelist/rob_tail[4]_i_184/O
                         net (fo=2, routed)           0.477     9.353    u_cpu/core_inst/rename/freelist/rob_tail[4]_i_184_n_0
    SLICE_X119Y72                                                     f  u_cpu/core_inst/rename/freelist/rob_tail[4]_i_182/I3
    SLICE_X119Y72        LUT6 (Prop_lut6_I3_O)        0.105     9.458 r  u_cpu/core_inst/rename/freelist/rob_tail[4]_i_182/O
                         net (fo=3, routed)           0.332     9.790    u_cpu/core_inst/rename/freelist/rob_tail[4]_i_182_n_0
    SLICE_X119Y72                                                     r  u_cpu/core_inst/rename/freelist/rob_tail[4]_i_204/I3
    SLICE_X119Y72        LUT5 (Prop_lut5_I3_O)        0.105     9.895 r  u_cpu/core_inst/rename/freelist/rob_tail[4]_i_204/O
                         net (fo=4, routed)           0.528    10.423    u_cpu/core_inst/rename/freelist/rob_tail[4]_i_204_n_0
    SLICE_X117Y72                                                     r  u_cpu/core_inst/rename/freelist/rob_tail[4]_i_176/I3
    SLICE_X117Y72        LUT6 (Prop_lut6_I3_O)        0.105    10.528 r  u_cpu/core_inst/rename/freelist/rob_tail[4]_i_176/O
                         net (fo=13, routed)          0.397    10.925    u_cpu/core_inst/rename/freelist/rob_tail[4]_i_176_n_0
    SLICE_X122Y72                                                     r  u_cpu/core_inst/rename/freelist/rob_tail[4]_i_216/I2
    SLICE_X122Y72        LUT5 (Prop_lut5_I2_O)        0.105    11.030 r  u_cpu/core_inst/rename/freelist/rob_tail[4]_i_216/O
                         net (fo=4, routed)           0.569    11.599    u_cpu/core_inst/rename/freelist/rob_tail[4]_i_216_n_0
    SLICE_X124Y72                                                     r  u_cpu/core_inst/rename/freelist/rob_tail[4]_i_194/I0
    SLICE_X124Y72        LUT4 (Prop_lut4_I0_O)        0.105    11.704 f  u_cpu/core_inst/rename/freelist/rob_tail[4]_i_194/O
                         net (fo=3, routed)           0.536    12.240    u_cpu/core_inst/rename/freelist/rob_tail[4]_i_194_n_0
    SLICE_X124Y71                                                     f  u_cpu/core_inst/rename/freelist/rob_tail[4]_i_175/I1
    SLICE_X124Y71        LUT6 (Prop_lut6_I1_O)        0.105    12.345 r  u_cpu/core_inst/rename/freelist/rob_tail[4]_i_175/O
                         net (fo=3, routed)           0.648    12.993    u_cpu/core_inst/rename/freelist/rob_tail[4]_i_175_n_0
    SLICE_X122Y70                                                     r  u_cpu/core_inst/rename/freelist/rob_tail[4]_i_153/I4
    SLICE_X122Y70        LUT5 (Prop_lut5_I4_O)        0.105    13.098 f  u_cpu/core_inst/rename/freelist/rob_tail[4]_i_153/O
                         net (fo=3, routed)           0.547    13.646    u_cpu/core_inst/rename/freelist/rob_tail[4]_i_153_n_0
    SLICE_X122Y75                                                     f  u_cpu/core_inst/rename/freelist/rob_tail[4]_i_122/I1
    SLICE_X122Y75        LUT4 (Prop_lut4_I1_O)        0.105    13.751 f  u_cpu/core_inst/rename/freelist/rob_tail[4]_i_122/O
                         net (fo=4, routed)           0.538    14.289    u_cpu/core_inst/rename/freelist/rob_tail[4]_i_122_n_0
    SLICE_X120Y75                                                     f  u_cpu/core_inst/rename/freelist/rob_tail[4]_i_145/I4
    SLICE_X120Y75        LUT6 (Prop_lut6_I4_O)        0.105    14.394 f  u_cpu/core_inst/rename/freelist/rob_tail[4]_i_145/O
                         net (fo=2, routed)           0.697    15.091    u_cpu/core_inst/rename/freelist/rob_tail[4]_i_145_n_0
    SLICE_X121Y74                                                     f  u_cpu/core_inst/rename/freelist/rob_tail[4]_i_106/I4
    SLICE_X121Y74        LUT6 (Prop_lut6_I4_O)        0.105    15.196 r  u_cpu/core_inst/rename/freelist/rob_tail[4]_i_106/O
                         net (fo=11, routed)          0.422    15.619    u_cpu/core_inst/rename/freelist/rob_tail[4]_i_106_n_0
    SLICE_X120Y75                                                     r  u_cpu/core_inst/rename/freelist/rob_tail[4]_i_158/I1
    SLICE_X120Y75        LUT2 (Prop_lut2_I1_O)        0.105    15.724 r  u_cpu/core_inst/rename/freelist/rob_tail[4]_i_158/O
                         net (fo=5, routed)           0.726    16.449    u_cpu/core_inst/rename/freelist/rob_tail[4]_i_158_n_0
    SLICE_X123Y74                                                     r  u_cpu/core_inst/rename/freelist/rob_tail[4]_i_111/I5
    SLICE_X123Y74        LUT6 (Prop_lut6_I5_O)        0.105    16.554 f  u_cpu/core_inst/rename/freelist/rob_tail[4]_i_111/O
                         net (fo=9, routed)           0.648    17.203    u_cpu/core_inst/rename/freelist/rob_tail[4]_i_111_n_0
    SLICE_X120Y76                                                     f  u_cpu/core_inst/rename/freelist/rob_tail[4]_i_102/I2
    SLICE_X120Y76        LUT6 (Prop_lut6_I2_O)        0.105    17.308 f  u_cpu/core_inst/rename/freelist/rob_tail[4]_i_102/O
                         net (fo=3, routed)           0.501    17.809    u_cpu/core_inst/rename/freelist/rob_tail[4]_i_102_n_0
    SLICE_X118Y76                                                     f  u_cpu/core_inst/rename/freelist/rob_tail[4]_i_124/I3
    SLICE_X118Y76        LUT6 (Prop_lut6_I3_O)        0.105    17.914 r  u_cpu/core_inst/rename/freelist/rob_tail[4]_i_124/O
                         net (fo=3, routed)           0.397    18.311    u_cpu/core_inst/rename/freelist/rob_tail[4]_i_124_n_0
    SLICE_X119Y78                                                     r  u_cpu/core_inst/rename/freelist/rob_tail[4]_i_90/I5
    SLICE_X119Y78        LUT6 (Prop_lut6_I5_O)        0.105    18.416 f  u_cpu/core_inst/rename/freelist/rob_tail[4]_i_90/O
                         net (fo=8, routed)           0.451    18.867    u_cpu/core_inst/rename/freelist/rob_tail[4]_i_90_n_0
    SLICE_X118Y78                                                     f  u_cpu/core_inst/rename/freelist/rob_tail[4]_i_136/I2
    SLICE_X118Y78        LUT6 (Prop_lut6_I2_O)        0.105    18.972 f  u_cpu/core_inst/rename/freelist/rob_tail[4]_i_136/O
                         net (fo=5, routed)           0.377    19.350    u_cpu/core_inst/rename/freelist/rob_tail[4]_i_136_n_0
    SLICE_X118Y78                                                     f  u_cpu/core_inst/rename/freelist/rob_tail[4]_i_96/I5
    SLICE_X118Y78        LUT6 (Prop_lut6_I5_O)        0.105    19.455 f  u_cpu/core_inst/rename/freelist/rob_tail[4]_i_96/O
                         net (fo=3, routed)           0.525    19.980    u_cpu/core_inst/rename/freelist/rob_tail[4]_i_96_n_0
    SLICE_X117Y78                                                     f  u_cpu/core_inst/rename/freelist/rob_tail[4]_i_75/I0
    SLICE_X117Y78        LUT6 (Prop_lut6_I0_O)        0.105    20.085 r  u_cpu/core_inst/rename/freelist/rob_tail[4]_i_75/O
                         net (fo=9, routed)           0.539    20.624    u_cpu/core_inst/rename/freelist/rob_tail[4]_i_75_n_0
    SLICE_X116Y79                                                     r  u_cpu/core_inst/rename/freelist/rob_tail[4]_i_128/I3
    SLICE_X116Y79        LUT5 (Prop_lut5_I3_O)        0.105    20.729 r  u_cpu/core_inst/rename/freelist/rob_tail[4]_i_128/O
                         net (fo=3, routed)           0.364    21.092    u_cpu/core_inst/rename/freelist/rob_tail[4]_i_128_n_0
    SLICE_X114Y79                                                     r  u_cpu/core_inst/rename/freelist/rob_tail[4]_i_95/I4
    SLICE_X114Y79        LUT5 (Prop_lut5_I4_O)        0.105    21.197 r  u_cpu/core_inst/rename/freelist/rob_tail[4]_i_95/O
                         net (fo=1, routed)           0.651    21.848    u_cpu/core_inst/rename/freelist/rob_tail[4]_i_95_n_0
    SLICE_X113Y79                                                     r  u_cpu/core_inst/rename/freelist/rob_tail[4]_i_73/I5
    SLICE_X113Y79        LUT6 (Prop_lut6_I5_O)        0.105    21.953 f  u_cpu/core_inst/rename/freelist/rob_tail[4]_i_73/O
                         net (fo=2, routed)           0.385    22.338    u_cpu/core_inst/rename/freelist/rob_tail[4]_i_73_n_0
    SLICE_X108Y77                                                     f  u_cpu/core_inst/rename/freelist/rob_tail[4]_i_40/I0
    SLICE_X108Y77        LUT4 (Prop_lut4_I0_O)        0.105    22.443 r  u_cpu/core_inst/rename/freelist/rob_tail[4]_i_40/O
                         net (fo=2, routed)           0.343    22.787    u_cpu/core_inst/rename/freelist/rob_tail[4]_i_40_n_0
    SLICE_X108Y76                                                     r  u_cpu/core_inst/rename/freelist/rob_tail[4]_i_49/I0
    SLICE_X108Y76        LUT5 (Prop_lut5_I0_O)        0.105    22.892 r  u_cpu/core_inst/rename/freelist/rob_tail[4]_i_49/O
                         net (fo=2, routed)           0.367    23.259    u_cpu/core_inst/rename/freelist/rob_tail[4]_i_49_n_0
    SLICE_X107Y77                                                     r  u_cpu/core_inst/rename/freelist/rob_tail[4]_i_50/I3
    SLICE_X107Y77        LUT6 (Prop_lut6_I3_O)        0.105    23.364 r  u_cpu/core_inst/rename/freelist/rob_tail[4]_i_50/O
                         net (fo=9, routed)           0.469    23.833    u_cpu/core_inst/rename/freelist/rob_tail[4]_i_50_n_0
    SLICE_X107Y75                                                     r  u_cpu/core_inst/rename/freelist/rob_tail[4]_i_46/I3
    SLICE_X107Y75        LUT6 (Prop_lut6_I3_O)        0.105    23.938 r  u_cpu/core_inst/rename/freelist/rob_tail[4]_i_46/O
                         net (fo=2, routed)           0.663    24.602    u_cpu/core_inst/rename/freelist/rob_tail[4]_i_46_n_0
    SLICE_X105Y75                                                     r  u_cpu/core_inst/rename/freelist/rob_tail[4]_i_29/I1
    SLICE_X105Y75        LUT6 (Prop_lut6_I1_O)        0.105    24.707 f  u_cpu/core_inst/rename/freelist/rob_tail[4]_i_29/O
                         net (fo=2, routed)           0.464    25.170    u_cpu/core_inst/rename/freelist/rob_tail[4]_i_29_n_0
    SLICE_X105Y76                                                     f  u_cpu/core_inst/rename/freelist/rob_tail[4]_i_17/I1
    SLICE_X105Y76        LUT6 (Prop_lut6_I1_O)        0.105    25.275 f  u_cpu/core_inst/rename/freelist/rob_tail[4]_i_17/O
                         net (fo=1, routed)           0.403    25.679    u_cpu/core_inst/rename/freelist/rob_tail[4]_i_17_n_0
    SLICE_X103Y76                                                     f  u_cpu/core_inst/rename/freelist/rob_tail[4]_i_10/I3
    SLICE_X103Y76        LUT6 (Prop_lut6_I3_O)        0.105    25.784 r  u_cpu/core_inst/rename/freelist/rob_tail[4]_i_10/O
                         net (fo=1, routed)           0.243    26.027    u_cpu/core_inst/rename/freelist/rob_tail[4]_i_10_n_0
    SLICE_X101Y76                                                     r  u_cpu/core_inst/rename/freelist/rob_tail[4]_i_7/I2
    SLICE_X101Y76        LUT6 (Prop_lut6_I2_O)        0.105    26.132 f  u_cpu/core_inst/rename/freelist/rob_tail[4]_i_7/O
                         net (fo=4, routed)           0.498    26.629    u_cpu/core_inst/rename/freelist/dispatch_enable
    SLICE_X94Y76                                                      f  u_cpu/core_inst/rename/freelist/br_alloc_q[0][7]_i_6/I2
    SLICE_X94Y76         LUT6 (Prop_lut6_I2_O)        0.105    26.734 f  u_cpu/core_inst/rename/freelist/br_alloc_q[0][7]_i_6/O
                         net (fo=57, routed)          0.434    27.168    u_cpu/core_inst/rename/freelist/fl_alloc_en[0]
    SLICE_X97Y75                                                      f  u_cpu/core_inst/rename/freelist/free_vec[55]_i_4/I3
    SLICE_X97Y75         LUT4 (Prop_lut4_I3_O)        0.105    27.273 r  u_cpu/core_inst/rename/freelist/free_vec[55]_i_4/O
                         net (fo=37, routed)          0.584    27.858    u_cpu/core_inst/rename/freelist/free_vec[55]_i_4_n_0
    SLICE_X100Y74                                                     r  u_cpu/core_inst/rename/freelist/slot_uop[15][pdst][5]_i_38/I3
    SLICE_X100Y74        LUT5 (Prop_lut5_I3_O)        0.105    27.963 r  u_cpu/core_inst/rename/freelist/slot_uop[15][pdst][5]_i_38/O
                         net (fo=3, routed)           0.392    28.354    u_cpu/core_inst/rename/freelist/slot_uop[15][pdst][5]_i_38_n_0
    SLICE_X97Y73                                                      r  u_cpu/core_inst/rename/freelist/slot_uop[15][pdst][5]_i_20/I5
    SLICE_X97Y73         LUT6 (Prop_lut6_I5_O)        0.105    28.459 r  u_cpu/core_inst/rename/freelist/slot_uop[15][pdst][5]_i_20/O
                         net (fo=3, routed)           0.551    29.011    u_cpu/core_inst/rename/freelist/slot_uop[15][pdst][5]_i_20_n_0
    SLICE_X96Y73                                                      r  u_cpu/core_inst/rename/freelist/slot_uop[15][pdst][5]_i_7/I0
    SLICE_X96Y73         LUT2 (Prop_lut2_I0_O)        0.127    29.138 r  u_cpu/core_inst/rename/freelist/slot_uop[15][pdst][5]_i_7/O
                         net (fo=5, routed)           0.940    30.077    u_cpu/core_inst/rename/freelist/slot_uop[15][pdst][5]_i_7_n_0
    SLICE_X91Y70                                                      r  u_cpu/core_inst/rename/freelist/slot_uop[15][pdst][5]_i_3/I3
    SLICE_X91Y70         LUT6 (Prop_lut6_I3_O)        0.286    30.363 r  u_cpu/core_inst/rename/freelist/slot_uop[15][pdst][5]_i_3/O
                         net (fo=89, routed)          0.638    31.001    u_cpu/core_inst/rename/freelist/mt_write_preg[5]
    SLICE_X85Y72                                                      r  u_cpu/core_inst/rename/freelist/slot_uop[6][psrc2_busy]_i_89/I2
    SLICE_X85Y72         LUT4 (Prop_lut4_I2_O)        0.105    31.106 r  u_cpu/core_inst/rename/freelist/slot_uop[6][psrc2_busy]_i_89/O
                         net (fo=1, routed)           0.456    31.563    u_cpu/core_inst/rename/freelist/slot_uop[6][psrc2_busy]_i_89_n_0
    SLICE_X86Y72                                                      r  u_cpu/core_inst/rename/freelist/slot_uop[6][psrc2_busy]_i_56/I0
    SLICE_X86Y72         LUT5 (Prop_lut5_I0_O)        0.105    31.668 r  u_cpu/core_inst/rename/freelist/slot_uop[6][psrc2_busy]_i_56/O
                         net (fo=1, routed)           0.227    31.894    u_cpu/core_inst/rename/freelist/slot_uop[6][psrc2_busy]_i_56_n_0
    SLICE_X85Y72                                                      r  u_cpu/core_inst/rename/freelist/slot_uop[6][psrc2_busy]_i_31/I0
    SLICE_X85Y72         LUT6 (Prop_lut6_I0_O)        0.105    31.999 r  u_cpu/core_inst/rename/freelist/slot_uop[6][psrc2_busy]_i_31/O
                         net (fo=1, routed)           0.643    32.642    u_cpu/core_inst/rename/freelist/slot_uop[6][psrc2_busy]_i_31_n_0
    SLICE_X84Y74                                                      r  u_cpu/core_inst/rename/freelist/slot_uop[6][psrc2_busy]_i_13__1/I4
    SLICE_X84Y74         LUT6 (Prop_lut6_I4_O)        0.105    32.747 r  u_cpu/core_inst/rename/freelist/slot_uop[6][psrc2_busy]_i_13__1/O
                         net (fo=8, routed)           0.663    33.410    u_cpu/core_inst/rename/freelist/rn2_mask_q_reg[1]_0
    SLICE_X83Y72                                                      r  u_cpu/core_inst/rename/freelist/slot_uop[15][psrc2_busy]_i_11__0/I3
    SLICE_X83Y72         LUT4 (Prop_lut4_I3_O)        0.105    33.515 r  u_cpu/core_inst/rename/freelist/slot_uop[15][psrc2_busy]_i_11__0/O
                         net (fo=6, routed)           0.690    34.205    u_cpu/core_inst/gen_alu[0].alu_inst/iq_alu_dis_uop[0][psrc2_busy]
    SLICE_X85Y77                                                      r  u_cpu/core_inst/gen_alu[0].alu_inst/slot_uop[12][psrc2_busy]_i_6/I1
    SLICE_X85Y77         LUT2 (Prop_lut2_I1_O)        0.105    34.310 f  u_cpu/core_inst/gen_alu[0].alu_inst/slot_uop[12][psrc2_busy]_i_6/O
                         net (fo=3, routed)           0.216    34.527    u_cpu/core_inst/rename/freelist/slot_uop_reg[0][psrc2_busy]
    SLICE_X85Y77                                                      f  u_cpu/core_inst/rename/freelist/slot_uop[0][psrc2_busy]_i_2/I1
    SLICE_X85Y77         LUT2 (Prop_lut2_I1_O)        0.110    34.637 r  u_cpu/core_inst/rename/freelist/slot_uop[0][psrc2_busy]_i_2/O
                         net (fo=7, routed)           0.678    35.314    u_cpu/core_inst/alu_iq/slot_uop_reg[0][psrc2_busy]_0
    SLICE_X83Y84                                                      r  u_cpu/core_inst/alu_iq/slot_uop[10][psrc2_busy]_i_2/I5
    SLICE_X83Y84         LUT6 (Prop_lut6_I5_O)        0.268    35.582 r  u_cpu/core_inst/alu_iq/slot_uop[10][psrc2_busy]_i_2/O
                         net (fo=1, routed)           0.396    35.978    u_cpu/core_inst/alu_iq/slot_uop[10][psrc2_busy]_i_2_n_0
    SLICE_X81Y84                                                      r  u_cpu/core_inst/alu_iq/slot_uop[10][psrc2_busy]_i_1/I0
    SLICE_X81Y84         LUT6 (Prop_lut6_I0_O)        0.105    36.083 r  u_cpu/core_inst/alu_iq/slot_uop[10][psrc2_busy]_i_1/O
                         net (fo=1, routed)           0.000    36.083    u_cpu/core_inst/alu_iq/slot_uop[10][psrc2_busy]_i_1_n_0
    SLICE_X81Y84         FDRE                                         r  u_cpu/core_inst/alu_iq/slot_uop_reg[10][psrc2_busy]/D
  -------------------------------------------------------------------    -------------------

                         (clock cpu_clk rise edge)   30.556    30.556 r  
    AC19                                              0.000    30.556 r  clk (IN)
                         net (fo=0)                   0.000    30.556    clk
    AC19                                                              r  clk_IBUF_inst/I
    AC19                 IBUF (Prop_ibuf_I_O)         1.350    31.906 r  clk_IBUF_inst/O
                         net (fo=1, routed)           2.471    34.376    clk_IBUF
    BUFGCTRL_X0Y0                                                     r  clk_IBUF_BUFG_inst/I
    BUFGCTRL_X0Y0        BUFG (Prop_bufg_I_O)         0.077    34.453 r  clk_IBUF_BUFG_inst/O
                         net (fo=2000, routed)        1.434    35.887    fpga_pll.u_clk_pll/inst/clk_in1
    PLLE2_ADV_X0Y2                                                    r  fpga_pll.u_clk_pll/inst/plle2_adv_inst/CLKIN1
    PLLE2_ADV_X0Y2       PLLE2_ADV (Prop_plle2_adv_CLKIN1_CLKOUT0)
                                                     -2.995    32.892 r  fpga_pll.u_clk_pll/inst/plle2_adv_inst/CLKOUT0
                         net (fo=1, routed)           1.484    34.376    fpga_pll.u_clk_pll/inst/cpu_clk_clk_pll
    BUFGCTRL_X0Y2                                                     r  fpga_pll.u_clk_pll/inst/clkout1_buf/I
    BUFGCTRL_X0Y2        BUFG (Prop_bufg_I_O)         0.077    34.453 r  fpga_pll.u_clk_pll/inst/clkout1_buf/O
                         net (fo=59802, routed)       1.407    35.860    u_cpu/core_inst/alu_iq/cpu_clk
    SLICE_X81Y84         FDRE                                         r  u_cpu/core_inst/alu_iq/slot_uop_reg[10][psrc2_busy]/C
                         clock pessimism              0.214    36.074    
                         clock uncertainty           -0.060    36.014    
    SLICE_X81Y84         FDRE (Setup_fdre_C_D)        0.030    36.044    u_cpu/core_inst/alu_iq/slot_uop_reg[10][psrc2_busy]
  -------------------------------------------------------------------
                         required time                         36.044    
                         arrival time                         -36.083    
  -------------------------------------------------------------------
                         slack                                 -0.039    




